ride_id,member_casual,ride_length
28B404F1A3F65336,member,1.6568666666666667
8F72571A3272F335,member,3.73225
9A0A39F65FE98D5F,member,7.517916666666666
8C4F87ECB544858C,member,15.226083333333332
D2D0BE8634E7CF8A,member,16.3637
F5D6158058FF8B1C,member,25.997533333333333
6771D904A40ABF90,member,13.707483333333332
E7A68F6F86CC31F8,member,5.5899833333333335
FC6FA563520B627E,casual,7.070016666666667
E29F66E6EAC26522,member,4.250733333333334
A4BBDE72663B9180,member,4.8449
C0AAD56EBF39277E,member,18.452516666666668
92B2A297413BA584,member,29.37673333333333
6026C3EFB0EBFCF7,member,12.674416666666668
5700DAF02ECB494E,member,8.957433333333334
3C90882483ECF700,member,6.831683333333333
FA9A1BBD8718775A,member,2.80705
5E3FD4816355DA97,member,5.310866666666667
808C80E8759FD668,member,11.71795
629FCA6C1E8252FC,member,6.25135
9AE89E0D70774774,member,6.7110666666666665
CF257A17D92984AD,member,4.315433333333333
8E3AFCFF3C3AFD73,member,17.857183333333335
C1F6FAB90C0C6F88,member,5.924933333333333
750929D0937219C1,member,4.35825
D87D264B07F05C7F,member,1.4189666666666667
02140385D536FB08,casual,179.07503333333335
9DEF1F346AC40B37,casual,20.6821
66D242CAA2E9069D,casual,141.41103333333334
21560A9904C19671,member,7.262316666666666
63023EA3B9E2BB36,member,5.532066666666666
DBF4DAF4055E7377,casual,11.111983333333336
276B4950BDCEED7B,casual,10.47705
991D7FBABE4DA969,member,4.45545
CE7D3E36FB606FB6,member,7.289883333333333
07B1D6ADF9A2D8B9,member,5.846816666666667
D793174FECA5F887,member,10.8006
BE33124109FC4205,member,14.740033333333336
6A431EB7A5AAC82F,member,4.4038
EDC2D2D13E52E82E,member,12.28815
1187D32EB9A91D94,member,5.8289833333333325
06DAD8FBA061A57A,member,61.08895
C18BFC8CD70DD3CF,casual,7.0402
86F02DEEE88E6D2E,member,5.270216666666667
29FAB2986F8D7A11,casual,29.133266666666668
998B5ADD62D22B73,member,5.062366666666667
A3A785A1AB908BC5,member,15.278333333333334
D4695CF187D4106C,member,8.580566666666666
4E418F72BC630088,member,2.722233333333333
4A940C313EC86BF4,casual,20.33685
AFDB070DC63BEDFF,casual,22.724116666666664
FECBA825FB75EEFE,member,6.461133333333334
0FD9FE148048AAFD,casual,42.26475000000001
2E658FE36C62BA11,casual,18.228516666666668
96C95A5771FC8C43,member,20.17535
5EBFA44769E2E6D2,member,13.987666666666666
0ED96A247C04FCF1,member,4.597766666666667
F14E2A2882B7C1DB,casual,8.450066666666666
796B86C1781EE742,member,2.980033333333333
FC1E63DF10BED94F,member,15.379716666666669
AD149149AD4DB418,casual,13.3453
E0E9D7147AEA72CC,member,12.211133333333333
9A4308D64554FD83,member,3.613133333333333
96C861B648EBC8DB,member,22.958566666666663
2671B846E9304DDC,member,6.107783333333333
DA03065B98AB66FD,member,2.9593333333333334
C65E0747D5E40802,member,8.379333333333333
54BC61E8B2146B77,casual,28.3903
561C58CB7FFD6391,member,2.4688666666666665
70A95DABB5B25528,member,3.6075
46B132BC3BE9D083,member,6.34965
578513818C32A650,casual,37.76485
8A68D77295186803,member,4.4763166666666665
0BE63044877BA944,member,12.7874
D7701B8FA7AC0B06,member,4.63085
A30E7E4565CB6356,casual,40.14136666666666
85E1C360B774D204,member,18.71901666666667
BECD2A19F5371147,member,11.707133333333331
22B3A3D252079D0B,member,19.449916666666663
F84749D8C670C339,member,26.779166666666665
700DD9AAC5A05736,casual,18.14838333333333
53582BB349D5213A,member,8.306466666666667
7C9033F2539ABD2B,member,20.7603
ED6A5D5598A28173,member,1.8837
B9BAB168DFD41973,member,15.945683333333331
620FA76BD9505D94,casual,42.536433333333335
F1983639F2BF6997,member,9.745216666666666
6CF5E6D88B816314,member,13.5153
2070187641D98D52,member,29.61008333333333
C2B0D9F3AA3DFD5C,member,24.289383333333333
949BA45C6C64C2FE,member,5.998833333333334
A26C9FFD2689702A,casual,23.672283333333333
DC7D7BFC6233E847,member,2.743866666666667
7FCC416A03BFA594,casual,34.318200000000004
A6EE71FFAA887DD8,member,9.978416666666668
168C5FBCE247DFF5,casual,6.803883333333333
5855F7C9C3C442EC,member,12.994983333333332
7C896293F0779A05,member,24.012066666666662
528ADAA0110248C3,member,6.840083333333333
E618B03705321CD0,member,4.814516666666666
6C0C60B1A0FCCD6A,member,21.893916666666662
6FF271F02A72D6BD,casual,24.4468
199E7637324AD37D,member,7.626866666666667
4F1A7389CA20219D,member,3.639866666666667
663A70DCABBA6643,member,24.3306
4746C68FFF621644,member,16.013383333333334
06847EDB1F79476E,member,43.86841666666667
8BB3835CC1CC4C40,member,3.16635
1AD0EE7E2C5FCAFA,member,15.08365
69C55D502F2937CA,casual,33.231649999999995
E400B82CEC2AD288,member,18.09633333333333
B9DE7059B0EE2708,casual,26.6465
A43EC48FFDC0E34F,member,8.5444
203DF3594FCFC21C,member,2.676016666666667
C3036422C141F974,member,29.43405
6EBBE0A6F653C9C2,member,9.288
32857853034693BC,member,4.61225
610C19A222BE60F1,member,18.77658333333333
4B89BB04C1D5266D,member,18.20651666666667
F02F016A185767D2,member,44.99268333333334
F97AA6F71E09D18A,member,12.252
5707F4498C7421A5,casual,25.6199
AA4AA3678230A4C0,member,5.864583333333333
AD23D32053CC110F,casual,5.902150000000001
3660FB9E1A09A5F5,member,4.457683333333334
2D15B6C962B76207,member,8.861533333333334
F3AB5C5880B1B420,casual,23.51966666666667
DF3F8023BB75389A,casual,12.522866666666664
18E88C6DB0277766,member,7.051583333333334
CC89624F94862012,casual,46.236266666666666
416A45B4CE29C2EE,member,43.62106666666667
207015CDAA6D7B50,casual,33.614716666666666
0974D316D827CBEB,casual,25.60825
F5B8A1CE1787E1FB,member,14.839683333333332
F867F1495CD8A7F8,member,7.348733333333333
A45CFFFC3D062FF0,casual,19.85455
A177B077BFCCE981,member,3.333066666666667
E7ED869BEF32A87C,casual,30.721316666666667
EFD19D6BE8839D01,member,14.330816666666667
4031CA09CF6A4483,member,9.537366666666664
A7B5F54874E6C0CF,member,39.87821666666667
07791BA15CE1FB96,member,11.3701
EC71009AE8C573B6,member,4.560616666666666
1D2A4E1F279D234F,casual,14.6321
170E6D2A1B3BD83A,member,12.426166666666669
6F9DA199966D6753,member,16.41995
498FFD9783D79B25,member,1.43755
74A679977692AA72,member,23.16453333333333
B1D655B1221C0507,member,7.46415
1B60B5C7CB6B46D5,member,11.580266666666668
C976DE285515085B,member,13.383666666666668
8C6DC8A16FD91BC2,casual,8.185
2EC2DB0BD8A7EAF5,casual,29.890416666666667
3E83692F325BB96D,member,6.03655
BD7E5EDB0C442037,member,4.656466666666666
DCE503B75F7CD301,member,2.1384333333333334
329C652C628EFB07,casual,1.9439833333333327
5EBFE24DF5EFF976,member,1.6820333333333333
DA8833E6C1B6A049,member,33.27993333333333
AE7FFF8BCD220614,member,10.5267
F647FD7F8157C781,member,1.0763333333333334
7AFD22B78E5BD940,member,3.002333333333333
EAFDE70B40FDC261,casual,9.21405
D40D51950C941D6B,member,3.575283333333333
C6A5D3286E99BF79,member,8.169566666666666
58093BA4BFAE67F2,member,9.122283333333334
ACE5A9254DC499A4,casual,10.422433333333334
0B2F50F5E78A7A36,member,13.137516666666668
ED453C5B6283A7C1,member,8.709683333333334
3573DC79005CCDAD,casual,5.908266666666666
387E8B0A69DD6979,member,10.0257
9C4F4BDD5450ECB4,member,7.096283333333333
2A8E495A2F923EF4,member,1.7650833333333331
7E69A6D382A46E97,casual,32.91416666666667
46F9F65C3B1719A4,casual,35.40275
402AC1EFFDC3E16B,casual,38.26315
43978A07538D8069,casual,4.2778
077C9DE7CD12A0AD,member,4.81085
B05262E8CC65FFFE,member,40.1144
B10D24255EC16954,member,32.862716666666664
53491FECD4362E11,member,5.778416666666667
19923806F94BC78F,member,14.857216666666666
6912C6725DE5A9DE,member,13.2621
50E9FF66A7F6510F,casual,8.766833333333333
DE0B2F080BAE276B,member,12.025883333333333
EA37AD1187A7012C,member,10.13815
B9E70305F6BB0AD2,casual,144.00378333333336
09612741FB35FA51,member,20.0673
37BB5651DC6C9F6B,member,42.47185
7CB82808F3A7395B,casual,112.27541666666666
9A9A391021B05C32,member,9.194466666666669
5DCCC4BC8B2416EC,member,3.295333333333333
B8B0469DDF8D0087,member,5.362066666666666
76731345993A0EC8,member,6.54415
21B9D534BE99D36D,member,1.9464
7F60CFFE5CD99891,member,4.345916666666667
C0B0EE0507141400,member,3.4009333333333336
A62D43DB28363538,member,4.5216
410F7BD8DB85DEFF,member,35.094366666666666
4C1A306E4349F6CD,member,22.269383333333334
219B43411A3A902A,member,3.0566
684F8D840177F4F0,member,7.171266666666667
1D5179088CA0E558,member,6.258349999999999
D20B56ECF3515650,member,6.253983333333333
47FAF73ED0FC1DFB,casual,19.25521666666667
54267E7C0DDBB972,member,4.316366666666667
4B42FE9229DBA468,member,4.1017
C0103FD28684789B,member,6.75
791B2E939FC56968,member,3.566616666666667
4BF80D3B6025862A,member,4.092933333333333
4E9D3495900448DC,member,5.4927
E70DB58CFCC915EC,casual,25.33015
8F410DDE74823C11,casual,29.96655
8C22711614F7CF27,member,7.14155
BE8129D7CF25B964,member,5.535716666666667
B4FB467CDC99726B,member,6.8583
FA8C9272E2E3F5FD,member,73.35501666666667
52A882436805F26A,member,10.6278
2733D8E903D0D4B7,member,1.3669833333333334
FB3E44D62AEC95D6,member,11.968683333333331
46CC39DE6012E114,member,3.2680833333333337
6A04E5E7C8F687DD,member,4.438599999999999
09AEE16FA4A28DCE,casual,27.493616666666664
C0FA8ADDC915E8B9,casual,8.424016666666667
8DE3F3FB2B580E53,member,5.9285
C91750B195B109AD,casual,10.7257
BE2DD017A2774FF7,member,6.062083333333334
CE5CA32CA684B08F,casual,32.164966666666665
93676BB833D295D8,member,2.3991666666666664
DACDD9E576D4BEDF,member,14.194266666666666
A292631A2DFFCA99,member,20.05388333333333
878ED988BC60BB9B,member,9.080666666666668
20E2BDD8E6D9DDFE,casual,34.46908333333333
8CB2F70FA9EA4733,member,7.196983333333334
2EA1DA6E2FA5A0AA,member,6.986983333333333
AE0DD893B7BDA327,member,4.070016666666667
03DDF49BEB64FEA5,casual,7.428433333333333
BCAD584950FCB4C6,member,5.60435
05A81F15A885CDE4,member,3.8332833333333336
408D108BE608B299,member,1.6606999999999998
68548B6E205E6C09,member,9.250866666666669
3835BC00FA8F2DC2,member,3.3663000000000003
5D35F820E785299D,member,1.99685
3D58431580107583,casual,27.71465
D035D5BC4048BC4B,member,13.41755
86DDB624DA16AED2,member,5.0368
7C3D7246EF5E4A94,member,2.8352833333333334
82A12BB9D806482D,casual,5.7022
1060E70A22348C33,member,21.70948333333333
F1AD71ECD75EDF5F,casual,11.383
2EEE36701CF036C0,member,6.437583333333333
740B4BD482AC18B0,member,3.182816666666666
9C177471D4A7454F,member,20.5216
7D0CBD72BFD467AE,casual,13.25675
24DE8F6BEDE6B571,member,4.6936333333333335
84DA966FBC003448,member,8.502483333333334
D089C38233F34593,member,12.634866666666666
12730F8780192687,casual,11.947766666666666
4DFA4C7FA62CBD39,casual,94.5649
9B6E8684932332A0,casual,13.878116666666669
D1D05EE711F6E6F6,member,9.396666666666668
819F83E74E32DB30,member,9.24545
317A62160BD6193A,member,7.8849
7B99AD7FC588FF5D,casual,36.3588
B3D6544E40912029,casual,28.14578333333333
DBABFDFA5BCE7E73,casual,13.4257
B2B51436CD164BDB,member,7.567483333333333
AE907E687761156C,member,13.112150000000002
42D75AB73B80CE19,member,9.979666666666668
E72F258D863EA5B1,casual,13.6827
75A9A4EECC05678F,member,2.300316666666667
D0B5EA9FE8832CDE,member,11.649883333333332
2CE1B3C08E67BF87,member,6.424049999999999
F9255FE22524DE0C,member,15.388783333333333
E7ABD3D38E282F12,member,6.81335
4C92623A60A3825E,member,6.9276
B2D91D9355F9DBDA,casual,46.34145
EE505B9D0B376236,member,10.232716666666668
D2A48A22BBDFA0A7,member,6.707516666666667
C494B0C1C8F820CD,member,31.008866666666663
419B947F8EC6FFC4,member,4.6181
027AB9B0FB8AD3C5,member,6.584266666666666
43A177D668A70DF0,member,33.935383333333334
98C844B6777EDF5C,member,20.27368333333333
E5340957649FBE29,member,10.94635
C51A1F555FA1114A,member,25.31113333333333
6957E27D75FF10C1,member,3.87045
EC0CFD3EE104638E,member,4.070916666666666
209828EBE6CB848B,member,13.567833333333336
68FC792ADA5183AE,member,19.15781666666667
09A65E27CF1ED560,member,10.022933333333333
BCD614F9705BE01E,casual,6.3428
8FC2C4B67A6F6967,member,4.189566666666667
CB506649ECE3F528,member,2.1623
292B03DAFE2D3884,member,1.5874666666666668
857D0712977AF80B,member,5.8421666666666665
B4E5B5F447A0942A,member,15.5277
80ABB3DFC02C0AEC,member,5.3396833333333324
2985CE53503892EF,member,19.358183333333333
708E8FACC0DFF61A,member,25.6305
E8D3FE529A8E4802,member,17.6981
8E44EE1CE0058E62,casual,6.742983333333333
A0535BE626B63F89,member,19.40573333333333
913A7B848A919B34,member,7.777566666666667
AFDDA0B7D876AF99,member,1.4625833333333331
FAAF0C1ACCDC4449,member,8.77345
F3E0CF77DE076252,casual,23.51695
5F4E9B199A69F77E,member,11.355250000000002
B0E3AE6436CBB434,casual,9.312983333333332
0E8CD194919162AB,member,14.843583333333331
41A619698C9A74EF,member,2.297083333333333
8E8615E1AF87844B,casual,32.60423333333333
52EA926DBE1C0EF0,member,6.797016666666667
BB00DC24C18293DE,member,10.5551
D65635986C6780D6,member,8.326699999999999
9AB23223E84C49E2,casual,19.431500000000003
4593EB875483AB00,member,19.19108333333333
0F778EAE3FADFAD5,casual,7.723016666666666
167C4BA6B99A364D,member,5.7543500000000005
A94FED7B833380DB,member,1.62255
517A41455F359F9C,member,22.08215
989064E0B0A4C0D2,member,5.2790333333333335
4D3DD7DB24219BE4,member,13.028816666666668
400B38C3EE51207D,member,10.289166666666668
FF2132BB450B1887,casual,2.654616666666666
1AF2BF6AF03C2081,member,8.826116666666667
7EACB6213EE24492,member,6.211883333333334
FE82243970999AAC,member,4.988733333333333
28F918A8C98A7FE3,casual,11.7201
EDE2A0249FE4C725,member,15.472416666666668
98C05C9D1773B7FA,member,4.45725
5E8F24F1B9274062,casual,5.185149999999999
9790E8895A7683D8,member,7.0916500000000005
D182E9C7E3003BF1,member,5.832516666666667
08C878B6C23DB372,casual,41.13721666666667
79E50B74EE394859,member,21.7919
B74D9F730DFE5A85,casual,16.402083333333334
F429DEA7C061FE62,member,68.2545
BD3145F940B61B29,member,12.447633333333332
002AC0EBFF48882E,member,13.672483333333334
019C9AB0D362B12B,member,37.335166666666666
D143AAEE734CF12F,casual,20.4575
C5985B8B605A779B,member,3.184883333333333
09F2CA7A8F6CDA1D,member,4.67905
4BF20E2A94288376,casual,8.426116666666667
B337988C804F653B,member,6.4632
97E2248D727912D8,member,15.569966666666666
3DCE7BAD2FE84542,member,5.231483333333333
A2BD84ACA2DACA67,member,8.941833333333333
32CC11938097DFA0,member,23.7024
CD4B7C3D9D44D609,member,19.16743333333333
59A59F5AD15D55A0,member,5.1363
334FF5745D4AE4F8,casual,22.93498333333333
589400CC7716AFDA,casual,21.44656666666667
8AF0E5B309EE62D2,casual,7.007949999999999
2F5A2EE87A28B58F,member,4.642333333333334
534654595D0E2618,member,11.39915
2DA278628339E171,member,15.056833333333334
FAEEFB9156846C4C,member,4.885466666666667
6F3CC915598AA9E6,member,14.3324
13255C7B5D66A398,member,10.117066666666666
B0D4313E13F08108,member,9.532866666666669
988F901104D1D367,member,11.55855
F05BB47AC551C8F0,member,6.7167
4B91D15FF4126FBA,casual,10.368466666666666
E6805C7C8316BA67,member,12.973883333333331
1EC37FEF014AB150,member,17.180566666666667
DAFD567E0C34FA58,member,26.383566666666663
48D8FB10C39CEE08,casual,18.796916666666668
2712F614B4158140,member,13.77215
E500C7428D7B74EA,member,35.12878333333333
A48DB1086F27417E,casual,6.718183333333333
B431F00EA7EB1234,member,7.367116666666666
D413A328849793E0,member,5.405133333333334
75E6CAE71F44CF73,member,4.679516666666667
D02625C3D35E2DDA,member,7.550916666666667
0A3B66A637D9E94B,member,20.4049
CD27FFBA6AC014AA,member,45.271883333333335
609260F351453C50,member,29.359716666666667
8F827002A7974BA7,member,6.534283333333334
2E2E2B1913B58CC7,member,19.9103
07CAF9438B72B1DF,member,8.994916666666667
85E6618AA0EE8BB7,member,6.887266666666666
900AEE780D1828B1,member,3.6357333333333335
BC6B7FD7274E7CF8,member,3.9347
4FDC9D67161D3FA5,member,3.6947
6B9ED62D2CB0A555,member,7.937083333333334
B503FB8633FB6FEB,casual,14.980833333333331
DFC7D2253D777735,member,8.502216666666666
D6C4733E16626EFF,member,7.993933333333334
08C457E5E5EFA1AD,member,9.512983333333333
0061E9521DA0CAA1,member,12.280183333333332
E11C6C177DB1203C,member,8.634533333333334
4CD5747D6F54E12A,member,5.001533333333333
43C6A9C0E5B64579,casual,13.543166666666668
A852EB4C60EBB909,member,1.2388333333333332
5EC3093F247E656C,member,4.169433333333333
3B740A40F018CFD4,casual,15.407333333333334
33512FCB1D59D13F,member,5.871316666666667
E0BA92B0F80EE8E0,member,8.445683333333333
99708C169C1933F1,member,5.582883333333333
819F75253F45AE30,member,50.84638333333333
343014D80EEF86C2,member,17.42885
A35DB934BC98322A,member,1.4670666666666667
F8E69A998BE06336,member,14.162783333333334
64F36B9AADE948C0,member,20.39176666666667
0884F68C2F86D777,casual,40.13941666666666
A18EC855743A5E03,member,4.31715
0A18EB1ADC7FBA60,member,4.031883333333334
AC07642EBE2C7FBD,member,2.1422833333333333
10A4C2674416918F,member,2.57335
BFCF59063ADDA3A0,member,22.82203333333333
458D75C5C3DEB8CC,member,12.7009
CF2DBFE994AE5972,member,4.71445
C8C1A955DA3A4287,member,21.89258333333333
5F4CDC54A19F6120,member,9.94675
063518184DC776DF,member,10.406083333333331
F14BECC83AAA23D8,member,11.011383333333333
0FF90CA34B1539C7,member,9.808866666666669
67879B0CD492E748,member,11.812016666666668
3F1D16BE4F8AFF3D,casual,13.510583333333331
8CB260848B3E433E,member,11.70875
F1D5101BE3405B4E,member,1.1023166666666666
3C093A0B9CF2E627,casual,8.595466666666665
55987C9BCC510012,member,8.379733333333332
C88D6ED7E3360278,member,4.867450000000001
CE1DB9AE6F1C677D,casual,19.89271666666667
33DE1079059DE74B,casual,6.6745833333333335
BEC22EA49477A476,member,35.7084
3DA74D03E742B254,member,2.5629166666666667
F4A96FF2EF157CC6,casual,28.839683333333333
0EC141C32B28BC1C,casual,14.1154
78886B142B6BB733,member,19.5465
AB6E6E76BE95A929,casual,100.6314
EC2C06B372C4B3C4,member,22.645716666666665
CD78F8FCE3B3C160,member,11.71495
93A3218D069A82A0,casual,5.3567833333333335
4AA3CC9D16621571,member,38.09066666666667
AFD8AF912584E5F6,member,10.401833333333334
45C522AEF78EECD1,member,33.7232
E5F5DBF7AC9A4B88,member,2.84665
BED96DE6E28BD79C,member,13.138433333333332
E40E026FDD597290,casual,6.9122
A96F57D398CBEB04,member,8.9264
48FCDD4373FBDA07,member,15.366633333333334
61CAE95E30359229,casual,63.97575
5360BA651DBEE64C,member,4.846500000000001
CE706C9813DF8178,casual,18.99973333333333
2F32EBD4A65CD60F,casual,5.15535
494C0EBE6588DCDD,casual,5.989966666666667
9AA034B38E3259E6,member,1.2749
FBDDBCB4590E91E9,member,10.040333333333333
0A69EBE6F95334EE,member,5.691199999999999
CA81E185E5B37A24,member,58.57868333333333
CB39B15376201C20,member,7.606816666666666
68E9E122B4809699,member,8.24815
3D7EE032F5B968F8,member,16.0621
D2FD4B1CFDA64038,member,4.8644
5DA08EB1397D798D,casual,23.112216666666665
26AB5FC1AB1665A2,member,12.20425
65003BCCC574D494,member,38.78916666666667
C6F2E86FE681A7CF,member,46.76725
8FBADFB274838DBD,member,23.58103333333333
A98AA23586640F0E,member,17.564716666666666
F58909829BC25DC7,member,35.93116666666666
DC05EF07956761CA,member,22.5815
110F4FCCCFA50DEF,member,9.0069
FFE76CED9EE8ACCC,member,4.43505
DFF7B04A8635E4A9,member,8.523233333333334
09086264C7F37EE2,member,21.86283333333333
7A0CDC422406BF28,member,23.13873333333333
7BEC2C92F0642AFA,member,18.80445
D573C1FB008459AD,member,45.55176666666667
72958EA43B9E66B3,member,11.721933333333334
A5C33ED5F1EC4C10,casual,41.27621666666666
3B1287F3779429D0,member,17.899383333333333
B841526555D79D58,casual,18.289683333333336
4346FE45553877DA,member,21.518183333333333
6A78A9E4D1B46091,member,5.4037
BFCD5D7B4312A59C,member,8.614666666666666
0B18B4BB49A21666,member,22.31525
2B1B547A591BC571,casual,3.478266666666667
D01D5451C9AB8936,member,18.3551
A13877E351208FBF,member,13.733583333333334
2FE86676BCC147CB,member,8.8897
D63B6CD58974ACBC,casual,10.625133333333334
4E752CC0DEECCBAE,member,10.6789
61E6A81615EB5F5C,member,19.4008
48665D831BC2F7BD,casual,14.009483333333332
DEC9D356AFE4B1AB,member,27.07251666666667
F005DDB9FB1C8273,member,14.527
6597862D79FEC0AB,member,14.645233333333334
BBE649AC3CF2D085,member,3.520883333333333
52EE4E7796D720F9,casual,32.548883333333336
BF2AF024CD5519DD,member,13.019166666666669
290BEB64CA66B132,member,14.533666666666669
1D1772F722281BFA,member,3.839283333333333
5090CE757AAD63DF,member,8.006633333333333
8D43A9AE64699146,member,5.839766666666667
12BBC656DBE145CD,member,9.4832
C89B6531231DF88C,member,11.9827
628C9BCA9812D906,member,4.988766666666667
7F7ED53109F3267D,casual,10.068416666666668
FD471C8C57738652,member,13.951716666666666
2034CC19DD6D3C53,casual,7.08815
E3F2DEFC3E4D3B5E,casual,13.315516666666667
BA1C98CADB86D6B2,member,7.8153
CA8958BF6D6B8CB4,member,20.59691666666667
96B4809A3BC5947B,member,31.54168333333333
B54A3AEFD0F1D672,member,10.90095
7F771B402C580956,member,2.8334166666666665
1A93482626E4842B,member,8.4339
4E4EA2E55B536100,casual,8.496083333333333
DE047AFBFB04BFA0,member,11.232133333333334
4BF349E549685B97,member,13.425633333333334
1400BD20F7F8E362,member,11.39055
8EE37A2948E6F80B,member,5.649816666666666
33F9741F91FBC786,member,12.671433333333333
0421647DD1181626,member,38.24271666666667
BDD1BB192CEE5AF4,member,14.512166666666667
E501EF7D4DF533C4,member,43.39926666666667
68241D18515EE991,casual,9.79685
489A2B1A889C08A7,casual,34.58701666666666
FBD285CE50A70DDA,member,6.0779
D633866E62C13D35,member,40.0849
8C7930D84C7E3293,member,3.738483333333333
729B57CAB89524C6,member,22.40925
480D2C6230AB3090,member,35.57021666666667
B549B51D4865EE4C,casual,18.86276666666667
737BE232372797D6,member,23.435983333333336
B6C97A3B1F52D61F,member,5.91855
B40B9E6ACF85D3E4,member,4.602466666666667
585EE01771EC7CFA,member,8.803216666666666
0B0C782D18ED312B,member,15.0041
DD669C6DA1F980A3,member,21.68616666666667
8778C37E6D35F287,member,4.620083333333333
445BAD4A3C7474D1,casual,50.79893333333334
1A5622BF84E5F3B1,member,23.26005
3168664F8734D9B7,member,1.81545
769DAE9FCA209D10,casual,5.038966666666667
4B2B73919DF409F9,casual,6.1685
93564B01262F4AC8,member,9.617133333333332
B9D47521E653E76A,member,3.85415
1BAE28BED164C6C9,member,14.984883333333332
35764CAC6AA53B1D,member,12.720166666666668
8881264D1329EE6D,casual,32.12148333333333
83ACE598E9D1D539,member,9.550733333333334
2ECB4CA242BFAD84,member,63.011966666666666
AD6C217B79E011EA,member,9.932266666666669
B784F0DC70E8AFF0,member,3.3022666666666667
3E84284A66E3ED6A,casual,21.398000000000003
A1296B39CBC98531,member,6.872916666666667
1487C68D036CCB4A,member,8.7425
37B48910C2A90F13,member,12.792183333333332
B02D5FCD3FD1CFCF,member,3.86315
DBF18629EE80163A,casual,14.918683333333332
27F8AB36C1CDA66B,casual,6.128583333333333
7BD6352C0243DD34,member,2.5997
ACF62E0EFD648D78,member,8.924433333333333
653697D5E5B9F503,member,5.642733333333334
D6C3F5DB723ACD5B,member,17.56925
B707CBD3C51ADADE,casual,20.579183333333333
E6575E955CF233CB,member,19.18058333333333
B270335D540FD23F,member,7.985816666666667
8A5865E764E759CB,member,10.99755
6F9D56A0816F70E8,member,11.985116666666666
7AA93A798BF2B0EC,casual,84.40963333333335
F3753FC8EE315B4B,member,3.299516666666667
0EDFFFF7DECA210B,member,3.028766666666667
D951950039EC5765,member,1.3966333333333334
F9A47CBA243CDE0C,casual,7.3824
525CBE3AD7F5BF94,member,11.783666666666669
632C0477F2838EC2,casual,8.210883333333333
43C8C8A29C2B14D5,member,13.133666666666668
135D1672D52DA919,member,8.575633333333334
E3FC1E114B87AEE5,member,3.2419
5F54BD6A4AA6A071,member,12.944166666666666
C971D9FECBB0174A,member,11.51595
FF5C1CBE6B433583,member,4.277283333333333
B58409E1F7E632C7,member,8.462533333333333
3ED94C3C8B7A7BA5,casual,5.794449999999999
DDFD7D09F8404DD3,member,2.0959666666666665
6101800C8BF3F6FE,member,1.1586833333333333
4A1326BE8129632E,casual,30.797933333333333
1313211DB1DDC509,member,8.31155
C980FB01F6D6201D,casual,7.246433333333333
2DC47E67F9F8CEC1,casual,9.292883333333332
32BDE0C708D3E928,member,3.6770833333333335
1981F14EE14349A9,member,6.60985
6025ACFAF9EFC5FA,member,5.085033333333333
A6F335FB1CC03D67,casual,16.03165
7E3B81D170414399,member,31.948083333333333
5A956202882A7015,member,15.857683333333334
352852D759DBC022,member,8.089533333333334
1889634E48924AFF,member,2.0981666666666667
6873E1CCC8C405A8,member,12.694983333333331
7CC4FC6ED809C7FA,member,10.924366666666666
B5225457FD909A23,member,2.09265
E335CD01097737E6,member,3.703083333333333
DCFCBF6CC0F64E8E,member,4.4183666666666666
83745B4A1B313A80,member,5.840466666666667
0A9F06A8B1ECF431,member,3.1375
92C9E46B0CAF9FD2,member,2.6474333333333333
8F24BE3885172DBA,casual,40.07215
EBDA2DD465430991,member,20.47523333333333
DEB95215AB27C76C,member,23.005
4D8F892FC54F6385,casual,11.971216666666669
27AD510F8314FC1C,casual,26.18563333333333
16D0AC59AC0999DD,casual,23.746433333333336
0712C14B518EB60E,member,6.570366666666667
ACBC9A5DAFFC4FF5,member,6.643816666666667
9B0058706BF91B92,member,3.32965
BEEA68B852BDAF42,member,22.01168333333333
49FF9123E1DF0F58,member,3.2966333333333333
D47C4E25B058A7D6,member,7.447166666666666
2C3200E2C4B9D293,member,16.98455
A4F5EE73D963DF23,member,10.230383333333332
B7619E7985A972D2,member,4.154766666666666
D1B86FF23153201E,member,34.34603333333334
ABE260F0085E435F,member,31.82035
C800C383BCDE2F00,member,18.550416666666667
CD44CE56882AEF99,member,4.194383333333334
781590E0726CBDA4,member,4.2374833333333335
A73670BD5820312F,casual,6.3254166666666665
43F91FFD8C09DF15,casual,6.96305
6D17E6C4D3F1AF09,member,6.419700000000001
43982562D3F2CE05,member,15.297333333333334
A0D0F42A66A8CFEE,member,9.70955
C698DD40A81DE46C,casual,11.324233333333332
A18AE66F8421C28F,member,9.11905
671B4B97A73A3EDE,member,7.03985
4EE96AF47738F0CB,casual,20.3977
5B36A40592E14F0A,casual,7.480233333333333
BD272B6ECD84A346,member,16.943583333333333
59F063C0B87E33DE,member,9.783333333333331
46EF732342814443,member,8.188016666666666
9F1D4EBF61C6D494,member,27.81365
3292CFC616CDC317,member,5.117666666666667
8CB68470E5D7F8D7,member,3.302666666666666
1C4BE6BBA818464F,member,4.31145
C6235D5FD4D9BC08,casual,20.410966666666663
23A46E1C18699EA0,member,4.897833333333334
07C485AB7E7516D4,member,2.3135666666666665
10373B62BB6E8A1B,member,6.4618
1AECD674CAFBEB29,member,5.668183333333333
1FA6785919759CE6,member,6.699466666666667
77BB647218967783,member,6.7915833333333335
E1860C10B0334E1A,member,7.947966666666667
6DBA48B332847692,member,53.62381666666667
0E8319091AFF7E52,member,4.485133333333334
8DBF4D2164BD3900,casual,25.8125
5445CE8C9E53DA0D,member,7.966083333333333
0ADE2A4168218DE6,member,3.8063833333333337
3EB94023C45FBE2F,member,5.954283333333334
2B1F78FD139C8784,member,17.684933333333333
C4EE59797D352321,casual,20.487516666666668
38656FE8D539A4CB,member,6.433516666666667
163D1FC0EFC68B87,member,16.036266666666666
B2135C253EE76EEF,member,5.792533333333334
3D11190D63A7795F,member,6.156066666666666
CB91BD6528C705E7,member,7.384216666666666
09AC8CE565A68447,member,10.173983333333332
4DBF0AB392CA0E17,member,8.045183333333334
69677115A241517C,casual,1.9004
9A7EC7884D977E15,member,13.5735
34F1EC1C33714552,casual,18.345883333333333
8A3FFEAB0907320A,member,38.82616666666667
06D728D4A55585E2,member,1.9864833333333327
EDCEF795E27BB53E,member,7.316816666666667
9B616243F8850B08,member,86.37546666666667
108F5A419012D789,member,10.147216666666669
AD4976C49DBF7233,casual,15.0224
D1A7F0C8B0706ED8,member,12.037766666666666
567FBDFA63B0304E,member,11.608183333333333
CCE63958ABA5603C,member,12.372133333333332
F8B6EAD6DE76F288,member,11.527366666666667
A7E52E1023378AC2,casual,32.426883333333336
4ABC29D4518FAD77,member,5.54635
6606C2A03CA897E3,casual,4.80045
E56F2107BE6A16D5,member,28.168266666666668
13E2F063E9B603B9,member,10.00415
8927B9BC0E0D190D,member,11.399400000000002
A9C4BC086D443301,member,11.024083333333332
766E10354B088682,member,22.11775
F32778797196618B,member,6.424516666666666
6B8E65864477EBE9,casual,21.88905
24C345755B92DAA4,member,9.821816666666669
438E41FF7B40F07B,casual,19.5498
B4FB1CC2608C8D20,member,11.7011
1CF004E5C5321614,casual,53.58443333333333
1F5C870000498B22,member,11.429066666666667
358F641D5829D76D,member,1.8484333333333332
6A7EEC81E04671AA,member,4.4742
EF891BF83F76D2DB,member,9.952616666666668
E912EBC3B1AEF12E,member,7.609283333333334
63A5E615D34C12EB,member,3.695983333333333
54FEE2AC6A3AE3CB,casual,48.99885
BBC4E5AEF783F898,member,44.0756
483C15416C7638DD,member,26.655916666666663
0369A5BA312179C8,member,34.60463333333333
B1B9D820B437AEC1,member,9.845466666666663
A98056B59DAA05C2,member,25.25873333333333
B2F3D968E4DAAD9F,member,8.769533333333333
A41AC333F642ED6E,member,7.746483333333333
8332670A726B7708,member,4.246583333333333
2F7A1349DFDBBCFC,casual,9.810300000000002
45A099839526C1FD,member,12.380683333333334
E84249B20D6D89CA,member,5.1883333333333335
041E63BA9BCE49B2,member,7.006833333333334
E1C64F8B26F559EF,casual,14.523916666666668
BF11D9ED7D7D5F91,member,4.710233333333333
8ABFFEBE01A155F4,member,7.16385
CBC0D891DC83C057,member,2.88975
B38C71AAC43A519E,member,16.434683333333332
653F9822C388E698,member,10.7542
E2897B1DF607E92D,casual,98.94411666666666
8A1F4B5F31D967C2,casual,15.651333333333334
EB6ECA37DA6F54BF,member,4.160083333333334
F0EEC2B405CF8CB0,casual,11.812383333333337
67893F0648869E95,casual,11.329366666666663
EF96D0CA77310715,member,5.61205
F413CDB44AB2E9B4,member,9.77955
92CE62064D938463,member,9.4387
779673BAB86F071C,member,12.285566666666666
EA389B5AA845B561,casual,3.96305
F78F001776AC67B5,casual,1.5443333333333331
13C4EDA552A7DF04,member,4.986766666666667
9B3EDBD00A2D5DA7,member,1.4366666666666668
FE3138EEDD1220C4,member,3.626116666666667
C08807FD3B68E517,member,24.64068333333333
D65F7D51A66FEEB0,member,5.603916666666667
0CEAB27EAA0AF807,member,4.2026
5620ED2164839D90,member,7.545066666666667
932CD984B8314A95,casual,23.440116666666665
27EB1BE1074017E4,member,7.007883333333334
DD37DD3FF1F0A30E,casual,30.830066666666667
A3F8D70F1DA7138B,member,10.297833333333331
06907F71B9DBE20F,member,14.886533333333334
49832B4FC2B30736,casual,4.946616666666667
51CD5B0F756C2D95,member,9.011966666666666
633E833AFCF0A501,member,9.3313
69E09AE9C7E3AA30,casual,23.2337
ADDB1D942FD512C7,member,6.993566666666666
F1B64F16472BF758,member,4.8007
EC8A1F1A92DB79CB,member,4.474566666666666
CEA54FC197CABF04,member,3.10555
141FC4729ECF534E,member,50.5616
0FA59C2E0BC11175,member,8.674566666666667
DA2AFA399C4EF137,member,20.29655
F964FCF2EBACCFA2,member,3.1634333333333333
133AF2BA560757EC,casual,29.689866666666667
33246C423F8731DC,member,9.69585
6BBA447748E99EEB,member,22.798333333333336
5D52696263BF1982,member,16.94793333333333
4EB538D7D4B9331D,casual,10.041516666666666
7F4E4BD573CCCB9A,member,8.357366666666667
E16585EC4AB37444,casual,35.74655
2D663699430698EC,member,18.74205
0DD1F24D04D17810,member,3.508433333333333
71D733166CB58CEF,member,19.91623333333333
BAC00BD92CBCCDE5,member,3.7993666666666654
444E1F87698BAA2A,casual,4.885816666666667
7CD881B35DF1F83E,member,5.346283333333333
5F89006AF7E0A035,member,7.9539
C3275D62D5EA2182,member,13.8066
F363F47CFC041271,member,20.549866666666667
94A7DBCEDE57EA69,member,10.768383333333333
3EC929DFF309329D,member,19.88296666666667
CF39F5E68636184C,casual,7.598
31A207762F900C34,member,10.176799999999998
B3F15AD3419EE53B,member,41.29116666666666
14CBC5287881D656,member,13.179583333333332
027A621C60ACF183,member,15.519616666666668
17E0175A75ECB452,member,23.821683333333333
ADC82F04531A3E21,member,6.1799
DA02D15646F60F22,member,9.105066666666666
8E0108D17622462F,member,3.3229666666666664
6B745C08DD9257D3,member,6.62295
60EA37F622915AF6,member,8.905083333333332
78FE3E364DE43942,member,17.045566666666666
3E68DBF77F2B5928,member,1.4993833333333333
8F255894E86E841A,member,8.106966666666667
71C29B5397618FFF,member,4.119116666666667
32EE63AC0DAAAB47,member,5.7335
B32E53F994F473ED,casual,24.1381
984388A4355F309B,casual,7.708983333333333
4A3C881743C96F67,member,1.9532
8EFFAA5472348A6C,member,25.287333333333333
1B04802349727D13,member,4.189516666666667
8710A0AA55EAAF11,member,4.243283333333333
58A897C22E0EF8F8,member,15.51625
5BDBBF5BB1407081,casual,11.835316666666667
CCD5FB2F0804BA4E,member,18.59328333333333
3BFFB1CA503A0345,member,4.197316666666667
4DEC148C54C6F62F,member,61.358066666666666
DF9B22B8C2AC5BCE,member,6.202683333333334
EC876D08755F8B2A,member,14.676416666666666
F603A571C7FAF837,member,6.268366666666666
108BD4D6511BD813,casual,21.213516666666667
754A7777B427FA6D,casual,22.3275
8A04AE0673DAFA66,casual,3.55
1395407EB336E9D9,member,6.493016666666667
46F43F512D1F6FEB,casual,9.96885
F30D7A297C11D5FD,member,12.272916666666667
EC511975FF17B1F7,member,12.042916666666668
83F543FC51237E8F,casual,16.907033333333334
BEF8FAA44DBC34C1,member,16.142033333333334
A0C097F63E9C25F6,member,32.27451666666666
375D584647642141,casual,5.837400000000001
BC3CAF4B506BA315,member,4.613583333333334
020291E2543D3B71,member,5.689666666666667
6956D107AB1D931B,member,13.1372
F47D1E9796797A9D,member,1.9286166666666664
CC2A6BA69AB41A6E,casual,22.442816666666666
581D36EF4A5F1914,member,20.538466666666668
C14E8BF9C6C79B6A,member,10.624833333333331
FFD73B432BF24062,member,12.1177
C800A14CA7CCA07D,member,13.957083333333332
6406F5BBA796A6E3,member,11.150433333333332
1D563F9CCB71BAA0,member,6.8266
A436605D7C3D5E81,member,6.563866666666667
D6D07C60B5F1E526,member,15.4655
9312374DF6E30D6F,casual,2.674433333333333
61F87014E27C68BD,member,10.52715
214024982C9088CC,member,8.202266666666667
1FFA8CA2233F514A,member,14.27125
A27B59F84C156452,member,23.908066666666667
7C7EF236B26A1822,member,86.59134999999999
EAA9CB32D359DF0A,casual,16.02885
839EC4989B6E367C,member,6.682133333333334
F04F3D5DAAE36125,member,6.3445
6144D46C7CA6ABE3,casual,26.043466666666667
1B77D21FBA0F41AD,member,8.329516666666667
B4E54BF2716DC680,member,5.828616666666666
85A39C0C7547EC73,member,13.9755
56660B01A3B3B423,member,4.9106000000000005
4418BCC9AA290025,member,6.841399999999999
BDC2F48A6F310795,member,6.482916666666667
3F21C167E01500BA,member,10.356833333333332
269F58EDC9875490,member,6.012933333333334
BA5452F40C0E2497,member,90.99998333333332
3AE2281605A8ACDF,casual,43.91608333333333
194F5DAF3ECC017D,casual,14.025816666666666
80F912732232B0E0,member,8.8636
054CC2EDA9421D87,member,5.596
06246370FB9A5663,casual,1.6648333333333334
BD5CB7A5ADACD404,member,5.11995
F4DCD9AAF13BB7C6,member,5.227883333333334
751EB0BABD3D4122,casual,18.6897
F44AEB7E54F02CD7,member,12.6185
99E42DF606D34CCE,casual,24.337983333333334
A6517B2E36EA38A8,member,8.320649999999999
3FDBABB25A16D199,member,5.032349999999999
EAD03C48F28A6DD0,casual,18.68133333333333
F754390008440335,member,22.843866666666667
DCF1EEE2B1C1576D,member,2.6592
D41C54A69531BA7D,member,9.856216666666668
1605EFFC0B832F85,member,9.74805
50F0F1074796A77B,member,13.91955
3534FF9040AC2ECA,member,5.731283333333334
C31180E7796382F8,member,8.301066666666667
BD59B015C1732965,casual,4.276466666666667
6FA161D8C06A50E7,member,13.595949999999998
AA95F2F5297A511A,member,3.5492666666666666
6D816333E493FEF0,member,6.7770166666666665
23B235A24F6E1EF1,member,14.521066666666666
F85E9D4B15FA4FE0,member,10.379016666666669
F37C6831B2EB59AD,member,25.679250000000003
FD98AB24DEE56AAA,member,6.82165
2D95575E5E9EDBCD,member,4.889466666666666
4BCEC25F3824D285,casual,7.960433333333333
36CC1AF6569837E3,member,6.341316666666667
85AB833EB1384343,casual,16.064933333333332
6B93F944F424914E,member,6.5965333333333325
60CA748B3C068DFE,member,8.653633333333334
3D8FBF9C5009B18C,member,5.775016666666667
0330733CE438D452,member,5.595183333333334
16616C43F980EC14,member,7.397266666666667
4A87C13DE35EB292,casual,29.68843333333333
AECB74B069B966A3,member,11.023833333333332
395F8BCB1CA54C91,member,5.20455
54A149D2272D0C92,casual,8.363949999999999
B294627ACB995402,member,4.243366666666667
7F2936AA674B2E43,member,9.538233333333332
BC511D7DF21AC7F3,member,15.846466666666666
B2CB042850CA69C1,member,1.3431
176A02BB3937FE17,member,9.642033333333334
86338DB6C18876E6,member,63.09941666666667
AE935B8C836FCB1E,casual,11.978866666666669
BABA770DDBFD5CDE,member,15.265683333333332
6492003FBE1CD0A7,member,4.842
2C3409194964353C,member,15.258616666666668
9C0343B7DEF30221,member,11.025733333333331
3B3A9C2410B56B43,casual,51.80421666666667
20C464A95271A083,member,4.414633333333333
8F46251BABF4CA76,member,4.03345
9FEFE03BAAD154E9,member,42.96526666666667
5B83A41DB9BEE721,casual,16.599966666666667
366B411A99612D08,member,9.97375
E872D0E570FC93DD,casual,19.56275
24236E21661B757F,member,1.4526333333333334
2B4FE3CF6484C3D6,member,29.110266666666668
DB470D5347DED2A2,casual,75.28988333333334
0C4BCFCDC3AB135B,casual,26.143216666666667
1EB455678DB17ECE,casual,21.248066666666663
024BCDCC4012207C,member,9.502683333333332
7168C6DFF2ED00F8,member,8.657783333333333
07A22A618E7DBDFE,member,3.469733333333333
0B0B26A32AA08871,member,16.070583333333335
EED8237BC38458D5,member,4.9999
4021831B284A05AC,casual,1.8753166666666667
6141AC1489F60711,member,31.087266666666668
8D6B5AC7B904556F,member,3.845266666666667
E1F9181A3F56BF00,member,3.25725
4785F70DC5FA8922,member,9.254483333333331
4A34FA738FB3FEBA,member,3.647183333333333
E2BB7BD222E7F4D0,casual,2.8851
1A330F9B620FAE79,member,6.5103333333333335
222F972760A927BF,member,4.278583333333333
5336B95B5EAE825D,member,4.0998
5F564D9464C909E9,member,7.56075
60B4503CBE666A08,member,16.981816666666667
8EFCD8FC02A763F3,casual,9.017816666666668
CCD7D01848AE7337,casual,10.803416666666667
19BBEEA491FB9B76,member,11.601333333333336
D70DA82BC931B9EE,casual,29.28905
C10C4842E9E58373,member,10.916266666666669
DF1F56A0D434CAEA,member,4.28885
D6F1D201DED1A8C5,member,40.70361666666667
E8421A6563BFCE60,member,4.109083333333333
D7BB7AE2C1D89B82,member,12.7144
DD874DB67A8D413D,member,12.208833333333333
633E69C126DBB356,member,25.928966666666668
54F887AEFBA07F09,member,5.808666666666666
F1795B6F3984A034,member,7.740133333333333
DC9E88D4A148E28D,member,8.242266666666668
049A4786A61BE2E4,member,3.07845
5D004996CF2ED96F,casual,9.568966666666666
7CE8BC20E08482EC,member,46.38956666666666
CAAB4022CBA43B56,member,2.259533333333333
8CCC8921EF53A1BD,member,6.7062333333333335
EFCC811AF4ED0693,casual,13.762849999999998
E5704BBC457135A5,member,13.517716666666669
4D29452C8CBE4AD8,member,4.0159
162512C6B9C43A53,member,3.8096666666666663
4A25DDFC960FE2BE,member,25.9429
F0AAC0BC5A8F0C8A,member,3.45075
35E0B83A18AE8051,member,2.8381833333333333
9F2F998C108BD7B5,casual,11.26555
1D73093FF8E92E88,member,26.77253333333333
9B0EA28A0C99E233,member,1.9585833333333331
F636D15810AD366E,member,12.708966666666669
E0528837185058C6,member,42.349900000000005
A08120428005491E,member,2.76985
896AEB2A503D7FE4,member,11.612283333333332
2A0DD5498F14FAD1,casual,19.746133333333333
4EAC8F9F77D6B355,member,14.669216666666667
64FDE87C7DA8BEB2,casual,75.21321666666667
A4CE4F9B077B60FB,member,9.380116666666668
B1C2DD94864B0883,member,39.19348333333333
8B513E34B10C361D,member,1.5395833333333333
98C7D786F56F788D,member,9.086416666666668
46643F836D1AAAA5,member,3.9166
43DCF30BC63E9E6D,casual,10.125566666666666
B97536250646850B,member,18.81348333333333
53CB9C770BE95E8C,casual,5.521866666666667
FE4842B27D03F620,member,6.620866666666667
F487B8201BDF181F,member,29.99615
96047137C589875A,member,14.036866666666668
A50F1EE41E3A8641,member,19.738216666666663
AB4D5F159CC617A0,member,3.960883333333333
5F11CD61FF7979A1,casual,51.35303333333333
D981F5676D9C90E0,member,8.914866666666667
BFC82573AD0E33D3,member,1.988
E4A5FBDB735375C9,member,8.7545
4FBC2C4D7D7F9D5A,member,39.04933333333334
34DED47FAF5D5ED4,member,5.119033333333333
785F118A5099D047,member,6.415616666666667
DF11028B80D99573,member,44.065016666666665
212E1C6A9323366D,member,18.844383333333333
0D586188023BDD2C,member,15.024433333333333
A0331BBFBC106111,member,15.454516666666668
651DCC8260972A7F,member,18.912966666666662
BCCEE060010401B9,casual,25.392066666666665
89F7ADC015C71E39,member,11.9818
6D7585813CF9F6FD,member,14.501916666666666
8C6EDABCD8E2131F,casual,41.63608333333333
7C0E353B1DD42FD8,member,14.983533333333332
0F20AE03C875FFEA,casual,5.8079833333333335
96D59942432BDB5D,member,26.467366666666667
27913B9A9C4C7E75,casual,15.1241
10D71710BF80AF77,member,8.634733333333333
2CD3636DB6DF2677,member,6.826016666666666
CB49428088A3B433,member,30.715516666666662
0EDD7CA50319ADAF,member,8.811116666666667
C34F50FA3059FF80,member,3.2204333333333333
B58F84AF07D1D2DC,member,13.010333333333334
FD37464316358E7B,casual,3.0378166666666666
B3D052FAB03F5B15,member,3.238716666666667
3ECDB1C68B920904,casual,16.14035
5D811663211E2887,member,2.67935
4E3F6EAD5952AB9A,member,12.03625
31AE1F60BC4AF110,member,17.299283333333335
866D03C10B29E2E2,member,5.609566666666667
4F7788D8C2929EFD,member,6.1298
C358D3A854E42F53,member,16.42815
13695201BD4C6DE4,member,5.334466666666667
E7AECFE9D00F9619,member,2.3116666666666665
DC7DED5C64288C08,member,18.35365
D614603B6454858F,member,9.2188
C16AE7E279DB8FCD,member,18.102833333333333
0634ED9DB120E8FF,member,12.15915
6CAB363F5E35F93C,member,16.894666666666666
28AC5371D0C83A14,member,18.867666666666665
508965F4D54FB3FF,member,6.451333333333333
941E3217FC00AB09,member,3.475583333333333
1FCEF6DA676BAC25,casual,4.4489833333333335
525872E324150BA0,member,9.1014
BAFA7184EDAC5C38,member,3.911666666666666
92ACF3672EFE0C0C,member,2.3028
4C7AB09ABB79D817,member,2.6423666666666668
CC289590D0EFE279,member,7.534616666666666
643914BD410F5DFF,member,21.61705
0B1C5A7E4D212BBF,member,5.112
CACAAD6DBCCAFF37,member,3.5015333333333336
A9A415163FCAB48B,member,18.401566666666668
87B18E7300654151,casual,14.95935
89771464360DEAE4,casual,2.802483333333333
E4E4B0F167F597D4,member,3.85675
60DED4DB9AEBBD80,member,16.127716666666668
842243C6C2E87E79,member,2.7828500000000003
7F11F705E03EE52E,member,14.77925
FDD2339CA9F895DF,member,8.432983333333333
6A6CF7159B978203,member,12.163133333333333
65025062A76EDFB8,member,2.9862333333333333
1C479A249B8EDFB8,member,15.472966666666668
B75D94C1F1F87B4E,member,4.2513
CF3F2027032CB2E6,member,2.7942166666666663
C99CDB6CD668CB42,member,3.9303
C30A906044890F8C,member,8.016733333333333
4953C37F7F03610E,member,10.544116666666667
54ECD2B8AE45F0CA,casual,8.709716666666667
13023A041FCD9CAD,member,6.96275
BF8FDCE818B4A621,casual,8.776033333333334
D1CA2B7469A7EAD1,member,7.956083333333334
2369E1BC1CF0994A,member,5.79145
91473C6F35786E13,casual,5.064066666666666
0C9DAE98B80431B0,member,2.006083333333333
F6069ABA074BF73E,member,2.43365
88FA24A796C0DBF0,casual,13.035716666666668
DB4BB78ADEFB7F25,member,12.249683333333332
FB1207485A1ECA0C,member,35.62106666666667
7F8F5CB90747DBB4,member,3.999283333333333
A8A27ED25155D83F,member,3.952366666666667
43EBCDBC97A46E49,member,5.850533333333333
78AA2933BE1322B9,member,5.111516666666666
DA366A16C9224D58,casual,75.47125
5B89567E8C6BEC25,member,27.39335
0E784134C7A00FD1,member,3.3569666666666667
08601103A61D1BBA,member,11.497783333333333
B03367E97F09BC4B,member,3.3953833333333336
672F27D4D4EFC117,member,12.821133333333334
3527CCD9FE9BBE2B,member,8.719850000000001
45ACA646EFE100C0,member,3.8080166666666666
534B75286AAE9B71,member,20.496016666666662
44E1A54CBF6D2B5D,member,4.6852833333333335
18C8F144EE2BD92A,member,10.681316666666667
B1E9476FA4CCA006,member,12.297033333333331
7BF4A53008F9F837,member,18.263066666666667
7BF0AA3FC14CEBF3,member,11.96105
F94B26147880EF55,member,9.112166666666669
761A117EF1612C8A,member,3.2882
AD7B291776B96EC3,casual,15.997666666666667
359F68A1DEE370C5,member,6.555583333333333
7BA7A61BF6BFF4BC,member,6.183316666666667
13787FD5374E4AC3,member,14.99195
F492CE53922F7367,member,13.91415
691D6BB54841492A,member,2.1104833333333333
67CE38CC10937A38,member,2.6951166666666664
38C387BB5FEED13C,casual,29.053
C9E1E86F9489CD73,member,9.366833333333334
B8A73028D8739884,member,45.22088333333333
90B6E9C80C89139D,member,2.541983333333333
1B0F13E8231B11FE,member,15.916266666666669
2BA0A612EBAA4546,member,34.31581666666667
3C0C8456EA38E61A,member,26.52593333333333
3B9EBFAB04397A63,member,4.962316666666666
05764FD772AA6907,member,8.15395
D3652FA8692610CC,member,13.041983333333333
0AE5CE9A5DC7B446,member,16.5903
2F99B95E2F86CFD3,member,11.433433333333332
447AF6000EEF4BB4,casual,23.22505
6F191B87D516A0BF,member,32.10738333333333
96A052CB4AB1A600,member,4.925983333333334
E171D2986305F2BC,member,1.1861666666666666
3C15B12E13F664E5,member,11.424016666666668
0DBFF90AA09DE861,member,16.950966666666666
49C8CA20B5EA1BB0,casual,12.2216
89A2725BE7A8E3E0,member,40.201283333333336
F04D8C8DEBB2D8AD,member,14.8663
2E2EBDB9529E8052,member,28.93435
7FE28D58D42ED184,member,6.959933333333334
CEC30D90D4E59248,member,16.96135
0112EB4A2A91DC52,casual,15.814866666666669
1CF0E7542E9D151A,member,1.4663333333333337
0963A2CA13B17053,member,5.039933333333334
F0A2D583FCCBD8AC,member,9.930883333333332
B87D3BCEE33FA3DC,member,10.003533333333332
4E105A003C06B864,casual,6.679833333333334
6E5E5EA2B3C0E286,member,9.544966666666664
17DC9F3DBCF6B134,member,11.218883333333334
ABAB529EB9E99792,casual,10.326283333333333
9DD42E58990787DB,member,3.3243500000000004
5329CF263F95E0A1,member,6.735433333333333
F4955F6EC1B8842E,member,6.693033333333333
C27984028E423CC1,member,3.8182666666666663
093210AF88CB383D,member,4.326516666666667
25CF8E29E627D7CB,casual,30.8563
4F0B0EED90A30810,casual,51.94361666666667
A468F25D744B9617,member,15.670783333333333
8F43AD18619C4BFB,member,7.484483333333333
00257A5DE4A16DC2,member,7.8471
562D1676BACFA6AF,member,7.652033333333334
FF005A5AA6C829BB,member,14.170633333333337
27F0229EED074C82,casual,15.648
78E910B7E17261BA,member,9.5521
AFA23463B18272FD,member,11.87895
CF543E908CCDB96E,casual,13.9693
86E5FB031F18162E,member,26.66258333333333
1365C97D7CF4BB36,casual,25.42145
1EDE887FD72B8B12,member,13.26945
FCEB1A1E41FB2B84,casual,6.1012
3C3B3E13A7C28129,member,17.5258
80C613F92782658C,member,3.1986666666666665
F6E3B641F0BEF3DD,member,24.6079
897B44792003E663,casual,2.151383333333333
7C5AF2E980112294,member,14.752966666666667
48D307F7F575B8E5,member,4.636966666666667
B0AC59E1BCB999D6,member,5.1010333333333335
E812013F1F428209,member,10.1683
C9C627851F740286,member,10.076966666666667
0A02AFF3254A609E,casual,14.745383333333333
4E3A919ABA3E30A2,casual,31.4423
BF281C7F815E9052,member,2.0054666666666665
B9E233B7CD7B1EE8,member,8.751816666666667
E7A948EE09BC7B77,member,3.7748166666666663
830B7143BEAA662F,member,9.002966666666667
5BDF1069E37FB2B8,member,3.85065
FB34F03892D94972,casual,79.15071666666667
C9A9E8ADD30AD2AC,member,15.667483333333331
5EA78DF93D1E63FA,casual,14.3695
47B6F8047236D50D,member,18.5685
EB92FEE70AE6D26A,member,3.2237
A4053D92D28D9A0A,member,9.129533333333336
46325FE43BF2DC0D,member,6.749083333333333
FB51A1954BB4E107,casual,3.09585
081DC496556F4344,member,5.524933333333333
D150422F6CF5BB5D,casual,46.60875
822C744E2063CAD7,member,13.975383333333331
2FB954088D20C4E0,member,3.0557666666666665
D9345CFDEFEBA07A,casual,42.695033333333335
7B392606B869E64E,member,21.39218333333333
CFF8DF1481A3F4D4,member,10.573516666666666
655D1EF8A81B5C0E,member,11.072116666666666
BAF96EC964634855,member,7.095983333333334
8426BA02A954A54B,member,8.703416666666667
9494AC35FCDC589D,member,3.3079
1B194F4AB962351A,member,1.3556833333333331
6AA27B3DE5D9D95A,member,5.998516666666666
8DACCC92342884FF,member,5.499516666666667
F6CDAD3BCC588EA7,casual,28.82023333333333
0914F54CC9D545F6,member,8.090766666666667
9F5AC84B52C65DE4,member,12.82715
98830F8BCC280FD6,member,4.0471
36E37F9B402DF432,member,15.499533333333334
06BB89E6AE9BD28B,member,13.001966666666668
892A8400F6222AE9,member,7.96325
B7EC53CC4077D76C,member,3.9405666666666663
DF6E61C0429A4574,member,10.22585
C90DB0F9E06986E6,member,7.6573
9FF3D66ECEBDA84F,member,3.45245
BA2CDC7B82D01801,casual,47.35326666666666
29D99AEF85637081,casual,5.3112
48369B581B7F7231,member,24.54593333333333
AFF5D05C551B59A6,member,1.75065
B01226221884767B,member,5.17765
2DBFDEC309200C5D,member,21.002216666666666
F926C45D69524D56,member,6.863866666666667
6CCE1B51F402233B,member,2.8702666666666667
6B3134ADA7AE75E7,member,16.025
A75E52DC4657C361,member,4.8030333333333335
B753A282AA280866,member,7.432033333333334
26FC74CB94DD170E,member,12.3792
BE6205FC03EFAADF,member,4.591433333333333
D754E6D77441244B,casual,18.042366666666663
524ADF30E60F67E1,member,4.37925
AE8D1AB44D0A4399,member,11.7273
AEBEAE3C6336E94A,member,2.4567166666666664
FBF9DF98120DBDB5,member,6.4893833333333335
7A8EDAF1D4AE7D9D,member,11.035016666666667
04ADAF2C7E9D3BA0,member,9.347383333333331
228FC3E96F09C329,member,8.44965
0D4A943B7C0E5F69,member,18.866766666666667
4642AB6110D86912,member,4.3474
8A33BCE004DF4426,member,27.58548333333333
4FBD38E6EB47824B,member,3.6245
A9488C3EB2F3E977,member,2.8414833333333336
293574F30FE42A91,casual,28.94255
0700E42677A2279C,casual,6.9398333333333335
A75CC70F49A11F9F,casual,12.053516666666669
5362666A4FB8F87A,member,9.83405
7A52ACA0579FB992,member,5.310933333333334
7E825F11F66FE49F,member,12.018083333333331
E478C6C253ACA22A,casual,21.46963333333333
BC8D1CBC5F0F7902,casual,5.8883833333333335
A70E49C8CE766D67,casual,57.22138333333333
0B78F85A9B069026,member,45.483050000000006
D0AC28B0CA885246,member,2.281033333333333
7EE220767DDBA4A7,member,8.0832
6D3B8F6847A222AE,casual,5.332183333333333
77CD5415B0E257E2,member,12.568466666666666
6D00CBEBB3D0FE0F,member,8.453516666666667
DAB94FF9369CFE71,member,56.50103333333333
1B64D00FC05A7418,member,9.28885
32DE26326F1809C9,member,4.492850000000001
A5EFB66782644928,member,5.380633333333334
1D348581D1243564,member,7.51215
FC0B4A4F72387FE0,member,6.29805
7397410711E57D32,casual,3.6421166666666656
AC68AF80E1984E78,member,33.96413333333333
92B4DF3662EAD0E2,casual,9.38155
CDDBAB1FB5AFF61B,member,6.474966666666666
98ABD2D53C79CCE7,member,4.5527
FB38440321BD64AD,casual,17.529783333333334
E134FD6E41F2D178,member,9.71805
DD3A729C352C76A7,member,10.701533333333334
DFA718B7F78E7527,casual,9.108666666666666
B50549F1D6C9A390,member,5.294933333333334
D653D5DE612C99C1,member,6.428566666666667
481E40F2DBC02AA5,member,9.384416666666668
E67540C6D33CCE05,member,10.383383333333336
B4E6C3F352C1F7CB,member,20.0515
C9B6412137CB174E,member,6.745416666666667
D043CBC2BE56B7CA,member,15.52155
7E27D0AA356A14C4,member,7.643433333333333
D76363E0248C674C,casual,29.196466666666662
38977A07155C9AED,member,6.0428500000000005
FDE28D20C2A20D18,member,4.663883333333334
E00CFA8929987352,member,12.726266666666668
2FF5CE2B2BF50445,member,5.064850000000001
9599768C0591662E,member,24.70468333333333
0F89052C4B2926F3,member,31.20155
4BFA2BAC27BBB7E9,casual,53.003816666666665
6CA42A1DBBE71210,member,12.077333333333334
F97EDB180E7A6DA6,casual,4.175466666666667
5B87329CAEFCF50E,member,8.301866666666667
C367466A614B732F,member,9.5215
1F252B8925B61A17,member,10.352083333333333
25E1EF9DB32C5624,member,7.96105
6C2AB8553F66382E,member,2.6115500000000003
8C9CA527456C4DF0,member,3.7181833333333336
A0EF12FFEE0A7BE3,member,38.57783333333334
41F08871AB8D708C,member,6.528883333333334
21653033A39CF8BB,casual,5.739199999999999
9AA006BD9274413F,member,16.38553333333333
30F845CD686CBC20,member,11.164483333333331
EA673365D3DEE601,member,5.269333333333334
D5EBF512D3A96E9A,member,18.22445
E759DEBEBD502268,member,12.8744
2804B46E2D771CCF,member,14.355883333333333
7785D363F11FCD69,member,23.900233333333333
EF91687E063CC7C4,member,7.455233333333334
361AEAC9657CC295,member,3.020433333333333
56C2B7C1AA6CA8C1,member,3.417566666666666
38E89917F70631E3,member,5.556416666666666
3E95EA109730EF63,member,7.439583333333333
D9706B158310C2A8,member,20.0227
FC784FA22A182B10,member,4.08135
131518B23949DF16,casual,11.065083333333332
A4B7D72008EE64C1,casual,13.724516666666666
3142B7689F23525E,casual,19.8635
55F8369D64EEBD3E,member,1.2643
0A479271C6E8B010,member,2.3129833333333334
150A717238541DC3,casual,5.029466666666666
00B1CAC786D0E923,member,20.8157
5A18D3AEA4EDFAA7,casual,12.453566666666667
895437A1A9792C53,member,16.349633333333333
B4BC715C6594542C,casual,12.43705
8AF8A3E4B174D104,casual,7.459216666666666
04D0F8A9796E4602,member,20.33665
80ECFFFF682DDE2E,member,2.4303166666666667
97416F92481683B0,casual,8.86705
01AE9898643A423A,casual,26.298266666666667
7B39274580980C97,casual,2.4035333333333333
DFD20505E03F20F5,member,29.06835
2DF5AC3F52024E08,member,20.6816
820F0221102A543D,member,3.7781666666666665
0D0FB45D57155EF1,casual,11.10835
C718CAA774BA95F7,member,15.153250000000002
96C2EAC13B24A62A,member,8.978816666666667
5CEA14DDC95CB273,member,7.757633333333334
1477A14058D65151,member,23.267333333333333
468359FC9504B5D2,member,52.498333333333335
431D8D2F6FB456A0,member,7.261483333333333
F4CB2F3449C6D526,casual,44.520316666666666
0E7BE0503552A053,member,20.93485
0E708CD43A6707E2,member,1.5485666666666666
D260EEF6ABC9F13A,member,7.47155
86EF7B1D01F20F2E,member,7.420516666666667
A9DEC846DFA96E11,member,3.424716666666667
EAF59DAAFCED5F47,member,17.0654
E70E5236FD21DF5E,member,2.9097166666666667
7CB6D9F1200B81A5,member,2.8773
245F1D2CB8599159,member,2.3407666666666667
9EED093D832446FA,member,15.906666666666666
488F489A47AB7BD6,casual,19.727016666666668
1435BF49028748A1,member,17.60725
4E9BC5073E32FC69,member,3.1716166666666665
B7E873CBA0D43DB0,member,7.991683333333333
FAEAD6EC30DD5DE0,casual,14.836983333333334
9D629AF63B904687,member,56.01071666666667
C6092347514BD532,casual,14.605766666666666
57F817C8E592FE65,casual,32.732733333333336
682197E9C6C5FC0F,member,12.479733333333334
D9847AF76279FFA1,member,19.225133333333336
62763AA4E1B38B18,member,27.94728333333333
E2F5CFFF86F0F106,casual,16.045566666666666
DB54247C3C770CC3,member,4.927333333333333
13A5CB3883ECCDAE,member,1.5755833333333331
AEA6B810D3415A36,casual,62.24928333333333
D8357647A5E9EC0D,member,23.763250000000003
764C22BF7FC71D0E,member,10.644033333333336
3B91772C113134F5,member,11.359583333333337
89D0A7A95D3174F8,member,22.93593333333333
DDF213C9DE41FD06,member,2.1446
0098D0097EA8EEA2,casual,52.06038333333333
EDDD6C19897EB140,member,5.850366666666667
3A3D72F692061B97,member,3.719466666666667
DAEBA07BD9C9ECDD,member,6.6358500000000005
00BE23498D34A92A,member,13.466433333333333
542A3DBF731E8E2A,casual,16.915483333333334
B97291087F03A7C6,member,14.294466666666668
B91503900211F6D5,member,23.57195
A14C456D90E25696,member,7.438733333333333
08D8B75FA22EDAE7,member,1.6722
6F2B3F8691BD00B5,member,14.146133333333331
409BF1B8D9BC1715,member,4.64535
962A3336180AF444,member,3.19835
5C78CEA61760A613,member,9.716016666666668
EF6AD3332A5EB0EE,casual,5.174966666666666
C670F0FDE8A99A79,member,8.033366666666668
00A9D7852B7135CE,member,7.907216666666667
74AF7DE7E0B97439,member,10.3094
432C78B8C8EF84A1,member,6.958
D44C286C8D7D45C9,casual,14.015
5ED0DB62E2A8DC4F,member,2.5722333333333336
C92E1A1F06A76319,member,13.570266666666669
649A7406D80EC000,member,5.15065
C3C31BB782F81929,member,14.197666666666668
34CFB7E9188605F1,member,28.414
9C90BD6C8AA9FE99,member,5.305666666666666
79B8200AD2AC29BA,member,16.243816666666667
0D6338C2885AB74F,member,4.422216666666667
B35DFB78C5461605,member,20.76628333333333
62CC8B56F0E5B45B,casual,16.14785
39A88AB4BE3B321A,member,11.639933333333332
29ECC037464A6B3A,member,7.338016666666666
407B13A1B81D6718,member,44.256150000000005
D85AC60A76FBB7C1,member,2.8972
9AC623EB5CBBA444,member,10.852966666666669
E14606EF60D91022,member,4.951849999999999
6048EBC4D82672B0,casual,14.820633333333337
99C0B1A89355D12C,member,22.056266666666662
B2C0C18817C28FEC,member,14.260833333333332
EA4FB135A4121319,member,25.868550000000003
AE1D13398396B6E3,casual,7.232466666666666
F4A1E9D55EE2F434,casual,57.06385
601C263AEFA6E397,member,3.1668333333333334
838FBAE70DBDBB36,member,4.036833333333333
9C7D52E76CBBA507,casual,18.984716666666667
F462E3FC1B5C15FC,member,6.358016666666667
C1CFDF809B9C1AB7,member,6.39395
2BF09C15DF9B8EC9,member,15.44375
5D0A7600C23FD3D0,member,6.8536
4EBF4077210D8E72,member,17.666316666666667
B2CC152C98DB54DE,member,9.920133333333332
1583BF4A98EDB062,member,4.974466666666667
FBE6BA0EFA28270B,member,14.619233333333334
7F537CE7D8C0BE8D,member,44.075833333333335
61B622333025E863,member,1.3310333333333333
B59385CEC7AB23A3,member,19.49725
E03FF0B27C4DDEFE,casual,2.75675
75102B98E82CDDBD,member,6.019533333333333
CD16B00BF7F92006,member,8.528483333333334
E1CE9AE94F5601CF,member,10.603733333333334
0F581B40A3D450E0,member,30.446716666666667
A4590D3B921FD7F3,casual,21.368033333333337
712B5365F8B23332,member,7.143199999999999
4610E7F5BF40E986,member,12.961633333333332
67D5F6E8771C1DB8,casual,25.410666666666668
5A47E12B1A8056B1,member,7.257266666666666
2822D1ED103B5EB0,casual,4.6896
B9B60E76B410EBAB,member,27.7129
6CC944FFA54CCA48,casual,19.57153333333333
DCC412F600D41D78,member,15.922216666666666
FBF1274197FE790B,member,24.32496666666667
CB85D052DF9ADAD4,member,4.151816666666667
4B76071628D63309,member,4.286866666666667
161D3D4313CD4D57,member,3.027533333333333
3002BE6532884EA8,member,22.003733333333333
CC0E974B86B332E6,member,24.04703333333333
6871DFB6B9041F97,casual,87.32496666666665
AFE4682FB6F7A18E,member,13.03965
40659545CA4FEC35,member,2.1917166666666663
07DD98619DA4DC4F,member,4.8120666666666665
A7D62F71D3213CC4,member,9.735183333333334
0526029F4D81C3C1,casual,8.061416666666666
435CF20880B41C6A,casual,7.87705
BD6375895030F45C,member,13.427766666666669
174568F4577134BC,member,9.01725
2CD8A36C2E5F7E2E,member,4.0752
65DF029D2108DE34,member,33.4633
70BA0399E6FC3672,member,19.33868333333333
559E0FFFE26226E7,member,11.722266666666666
B9741BA4526D7A6A,member,7.350966666666666
BB3259AF394B7DA8,member,2.8533
5E5083E15535CF12,member,4.2485333333333335
7A6DC99498F7FA4B,member,3.39035
F53767B0D74BCD3B,member,1.916316666666667
72FE8CC9912F162F,member,11.911366666666668
EC27E2F9469CFA39,member,4.600833333333333
560349C296AE3B64,casual,5.986000000000001
D0C964A10D0EBD66,member,13.99565
917A5B4E073F1C0D,member,22.21056666666667
4B8E4A1A752D6AE3,member,1.5014
F6EFE3888A03762B,member,12.2604
D1C513F96067A04C,casual,14.574616666666666
15C54C0C86325964,member,8.744366666666668
BCA4F706D7E61190,member,6.76955
67AA5A657FF497C9,member,3.4338333333333333
1F0129AF20C35B2A,casual,4.243683333333333
08E3DA993182EFE5,casual,8.115883333333333
0A89994D01BEB70A,casual,13.41205
919C438BCF8D6798,casual,14.381183333333333
95EC8878AE286508,casual,11.566466666666669
05BB99A286794BA4,member,3.628333333333333
CF2473DEA0CF320E,casual,43.7948
5118A0B6F3B6E615,casual,13.50915
FA2DAEBAEFF9ACCD,member,22.1781
050B0992821A1E2F,member,9.800716666666666
6F431F1AE6FB2F87,member,11.016183333333334
9C612A6B17A0EDF5,member,20.438066666666668
F8764B49BC9A43F0,member,7.081283333333333
A689A962D5CBFCDD,member,14.4267
1265BFC9C4DCF9F2,member,5.512816666666667
C010EC512776265F,casual,34.50091666666666
1C88D435E783A070,member,9.145233333333334
658BE15572021ACA,member,4.0998833333333335
26CA717F5CB023B6,member,4.159666666666667
8D71AC8793BB5BDE,member,2.2506166666666667
D865D59EEB391745,casual,2.671133333333333
FD6AE98C2D749450,member,20.364616666666667
00B11C02572C3FFE,member,16.832466666666665
021B83B39D5C5669,member,2.0789833333333334
8538C09BD891A0D7,member,4.873966666666666
922710AD54A3E395,member,8.541366666666667
E03FEC7CFF99D3D3,casual,6.802099999999999
5398DABC3788C23A,member,22.212966666666667
500FD58460C95054,member,1.0778166666666666
44F7FADA80A7A36E,casual,13.935216666666667
028F182AD6889EEC,member,22.890733333333333
3834EB9FC91F11D6,casual,5.8794
3F50980499E27067,member,15.450383333333331
96223A712527F5DE,member,2.1611666666666665
83441694C44C53CD,member,28.628216666666667
CCB38470E958D5C6,member,3.7569166666666662
B9C0483D88C06D37,member,5.646283333333333
DA3DE3120AC15A55,member,14.068983333333334
62DC3B5AE216F6FC,casual,17.53465
74BE1AFAC8825515,member,10.466433333333333
99EE2328C65AF91D,member,22.03575
267761D96F04026E,casual,8.518133333333333
42482F8626F42768,member,5.46065
0C21704709725B95,member,12.32395
2E42C6D036F9C629,casual,7.88205
809AB68FC2E319B8,casual,16.445416666666667
0F81C19A5D4281AE,casual,15.434583333333334
994389E1C84F934E,member,11.447266666666668
948ADAD88344A33C,member,18.17955
D190D0EBA6BE5973,member,41.21921666666666
C518EE2DE7DB9A3F,casual,11.807916666666667
421ACAC78683C446,member,15.578
0BBDE618E56B95D6,member,15.480583333333334
F0FFA006E9BC5578,member,5.552966666666666
AF4E249C9CCB7A17,member,15.8267
19F6361B549F11EB,member,27.9193
16E729828BFD4DC1,casual,12.722033333333334
591DA6EFD2A1ED51,member,31.30288333333333
E719F0A09D47FE43,casual,12.925633333333334
AD7253F435DAC03C,member,10.701716666666666
FC8B31EB64351CD7,casual,26.47498333333333
9F2413FAB91E6D5D,member,9.578666666666669
C1E99920CED4276B,casual,3.2218166666666668
172D675DDE6238DE,casual,12.697983333333331
01163DFFC9BF5D9A,member,8.090300000000001
25F3A644DDC3E4EF,casual,40.117066666666666
21366AF27458287E,member,9.122466666666666
56192E9EBC5ACB64,casual,19.383816666666668
DC97EBB5F97DFF6B,member,9.160316666666668
A4EF566DA195486F,casual,15.154866666666669
012EFADF02210964,casual,52.0104
A0EF9F0E0D0C6912,casual,64.20378333333333
3160FD29559EA4EA,member,16.313783333333333
D0F5719E3E43B00F,member,7.264933333333333
C8484AEB9ED93E57,member,8.732833333333334
26D4607AEB7F5A52,member,15.829133333333337
25C199788CD0DE2D,member,1.8065833333333328
49F3B70B120C10FA,casual,13.510700000000002
E254D31F47913659,casual,20.02635
921A1439238F589C,member,14.428133333333331
06300AC05B620CEA,member,13.99275
9D39D516665627E5,member,7.115883333333333
ECAD713CCCD38FE1,casual,8.994616666666667
DEBD2A152BD949A4,member,6.1963
0D95F39FF50DE108,casual,36.92973333333334
A780DFA53CA68311,member,4.68795
49DC00D2BC23FF57,member,7.515066666666667
3AB20F0282F9CF40,member,7.976433333333333
65EA53F32D2F8ABC,member,8.009516666666666
785BFDA102A423C7,member,40.748583333333336
A1CCC7291659BCE4,member,13.729583333333332
394E91CABAD0F51D,member,26.96753333333333
37A6C8CD921D6BB1,casual,27.07038333333333
BBC5E0412E5CFB95,member,7.03115
CBCE09569E1526DA,member,7.591666666666667
460270D377642859,member,6.415033333333333
DCDCE34117182582,member,12.693866666666668
3E99BB3AE63F879F,casual,8.486916666666666
5ED6BEB0BA9CBB89,member,7.510516666666666
CB7D3A50B91D7C11,member,1.3426333333333331
A1BA6EAC23F30B19,member,12.58565
2AB2406E1C190F45,member,6.409800000000001
CED15E69F011588E,casual,14.796016666666668
C460BE3E12B3A679,member,8.56945
5116B593FAAFEB49,member,5.668983333333333
C3D178E9AD8F0513,member,5.369
076795D76AE5FE2C,member,11.311366666666666
615DE6B1949FEB9E,casual,15.851016666666668
31BD0E7C0FBD4976,member,7.397433333333334
E9914806F038E0E7,member,3.2903
5719DFA1A03CC20F,member,11.089583333333334
FE68D7C8D517AD60,member,3.838916666666667
50332171ACFC2DDE,member,7.745249999999999
C47969457A0F6F92,member,6.217766666666666
461C91206497406B,member,7.59935
0A129A8D454CD748,member,9.6873
1590FC5B34591912,casual,29.243133333333333
CC7936BC4B8F8774,casual,84.19163333333333
43E9400BA2B85DE1,member,13.598683333333334
4281CE3BE68FD169,member,26.476983333333333
2C96FDAC4BEDAD11,member,28.00465
3DF05DC1CD57EC4C,member,3.9489666666666654
418A688287CF27BB,member,5.712766666666667
DC5E3CC0959F3D96,member,15.173633333333331
82497D7AE1468AB3,member,10.480966666666664
D4722E2D832366B3,casual,20.95778333333333
9786B59D5B3C81C1,member,1.931266666666667
0E7CE52BA8F96988,casual,10.651383333333332
929F1E1554BAB904,member,3.7833
F2D538B37BE6B0B4,member,6.367933333333334
2D5AAC4FE250A1A7,member,6.914166666666668
D30C29109ECDA378,member,4.831116666666667
37564A64559DCAE6,member,7.432566666666667
1F6330BC0972BEAA,member,3.8197
4E795FA93C971F22,member,27.5533
FF0E9BC77D2B218E,member,4.476216666666667
3009CB20D1992D51,member,4.223533333333333
6669946E31607358,member,7.8667
38CAF8AB1FD248D2,member,9.865433333333334
4EB6D60B99C50A15,casual,4.72905
C1A3777677391FA4,member,6.748216666666666
34426996AB658783,member,7.578516666666667
0A3F234CD7A227CD,member,4.660966666666667
34E1DFD9081963A9,casual,52.13073333333333
2EF8D2BD493C2629,casual,3.146716666666667
6359C6F1A2F85750,member,6.136083333333334
9609524094A14F4F,member,3.859266666666667
6E5EB03533EECD42,member,9.6787
AE8883E13A7201D7,member,17.630633333333332
49CD237376C801B4,casual,12.608183333333333
DACC304A26B392EF,member,2.715116666666667
9D84BB9E9A28E30E,member,9.496916666666667
5653CE647CC9646C,member,3.733966666666667
AA906F69A87F4726,member,12.994133333333334
42FBA993450405C3,casual,5.933116666666667
7D5FB8C92D38C000,member,16.171533333333333
09ECDDACF419E864,member,10.932133333333333
80BD646F382FD926,member,14.93615
0BCCA31205CD6B56,member,13.555533333333331
ED51B5CC262F0753,member,5.453833333333334
80273F5BA661DDED,casual,47.85313333333333
E7E71DDC877E569D,casual,4.640833333333333
DDEAB7AA6838D07E,member,15.756416666666668
CD84A13E1DEE59DA,member,13.3387
1F0A31C7F42924AA,casual,12.29185
9DD242EE90956042,casual,8.922966666666667
9B7DDED18430B66B,member,4.7321333333333335
8F70210A6089E8C9,casual,17.35011666666667
7D4EA5347C7309D5,member,6.191066666666667
DCCBB8F5E6FB062E,member,3.4502333333333337
BF18ECCAE4CA91B3,member,4.131283333333333
5FD17B777ED267E2,member,7.599133333333333
BE48FA58C1752AE5,casual,17.942783333333335
D3509D0AF2B78651,member,28.661516666666667
9A5EA8625A0E1271,member,6.3173
EF2A72449ABEBFE5,member,11.160416666666666
031AB24A8156DC07,member,6.491283333333333
63A3EE2A5D05E334,member,43.58823333333333
3266AB3AB344ABD8,member,7.0588500000000005
1FED8C7E3DE9FD9A,casual,30.943166666666663
4AEB2C633CB369E0,casual,14.679116666666664
B1E9D3D815F737CF,member,14.094600000000002
696E6C7E66175577,member,6.11675
52CE41776181EAFF,member,7.058066666666666
CF3B68199D7CADFB,member,4.601966666666667
9502D6BA8468BFBB,member,8.668383333333333
A4B148CD7C825BB1,member,21.967466666666667
49E50BA42A0721B1,casual,7.88545
3173AC3EBBB13965,member,13.616883333333334
CE1811CB929695F0,member,30.55133333333333
CB6D03A9AFD8E68C,member,4.922316666666666
82F8A58C8CFD0F39,member,18.65798333333333
0B139BFCAA712A11,member,3.863266666666666
7013BCFB0B4E7643,member,12.622716666666667
6BEFEB6B2A51F585,member,20.390566666666665
472FBA5B329A34EB,member,13.0548
A821800C1E160AD8,member,10.625683333333336
3D39F1BAD1972E12,member,30.81583333333333
F3F3A4F6E8CC6B9D,member,7.525316666666667
95F0A81F0C725BC5,member,11.474816666666667
DD4CF52906453CA1,member,1.8927833333333333
70B595EB099E55C3,member,11.174683333333332
91E5D9F4EC2949B0,casual,3.5991500000000003
86F3A07C9B4095AC,casual,12.829533333333334
0112BF2E8F33D71D,member,3.19875
88F4A0C3C78D834F,member,7.443616666666667
269F0F5DDE0FEB80,member,3.814583333333333
B8C6CD1AA8E247E5,member,6.633883333333333
374536C719A9C86D,member,7.9506
179F98C39EC52B9B,casual,11.54745
3AC2208C9394A590,casual,17.837699999999998
54750A81F199C279,member,5.5177000000000005
DBBA20ADB8BEE902,casual,8.010583333333333
47BE1A27148D33C3,member,1.9631333333333327
D02D112E6060BD34,casual,8.323883333333333
921D172281DF9AD4,member,3.745833333333333
43AD604D8C5706AD,member,3.1675
1058234AD5E88769,casual,13.094483333333333
185A0A332F4DD72F,member,6.735733333333333
CE6793D63FB9C3BF,member,9.542833333333334
0AB70BEABED3E91C,member,10.576483333333334
C6D8068ECD024B44,casual,4.518883333333333
762C32F7048576D3,member,5.356683333333334
9C30732A66E3F3BF,member,11.081633333333334
3B9B72A851D0EF04,member,1.96235
A40BDD0FCC4F17A0,casual,30.348116666666662
9F96A1079E6C89AA,casual,14.724333333333334
D44824DE97002BFB,member,6.352266666666667
47F1A64B5471D8EE,casual,17.33445
BAD05C26CAEAA6CD,member,5.431233333333334
0770D08E5149C595,member,11.709466666666666
F38C0750ADB31B59,member,1.8139333333333332
03F1879B93E63D69,member,9.008183333333331
D0759639D4040513,member,26.028616666666668
106FB4E1BA656A4F,casual,8.721766666666667
F30539749C60E287,member,4.4786166666666665
9CAEFB5818DA6A42,member,15.176766666666667
65ED2AC70411F9B5,casual,9.590983333333332
6DA940C5AD05FADB,casual,12.8344
D8BBF9869628D4C1,member,4.48185
EBDCA7AFA43FAC5C,member,38.17413333333333
C225F8268C1A7ED4,member,7.267766666666666
FE4A510103849CD3,member,30.13468333333333
2B186AF060FE1847,casual,8.468333333333334
9C406F0526869F17,member,38.95171666666667
1A159121EED720F3,member,21.936416666666663
8AD3E8BD6EC40163,member,19.354783333333334
94F174AE7B8FBAA8,member,26.03963333333333
0E3EC25E6D701509,casual,9.780016666666668
D434C8D67E80CD03,member,8.266516666666666
43E085611D5FDF42,member,25.1513
462E0380406D09D8,member,12.268433333333332
8F564163967C7797,casual,8.325066666666666
3B16B470A1FA83F2,member,8.031483333333334
FEC4A4F2A9845A74,member,8.436316666666666
2E3EC68548EE808F,member,9.44735
F8CDAA57C5A0A2BE,casual,25.26168333333333
09EE08EEEC5B729F,member,7.420383333333333
940B2684450013AA,member,35.46746666666666
1F8A15A8DBF77435,member,15.941116666666666
550F6317FD39F343,member,11.041366666666669
771158624AEDBC87,member,4.698166666666666
9D109709294D7702,member,12.802383333333331
E87DB8A701F10339,casual,16.62111666666667
71F78D15CE730EDF,casual,8.917483333333333
3875EBC7065E8309,member,3.19885
882687276506EBB2,member,2.38315
E80F925BAA5B2E11,member,13.361266666666667
B99E28290E950D37,member,4.0448
9AF8F65C958C1F5D,member,5.111533333333333
40CD152C0E9E8ADC,member,68.98576666666666
8C632DE0DFF20C95,member,5.858549999999999
6FA74D8A2830AA53,member,32.29473333333333
D7BD9A4CC527EE0A,casual,18.396466666666665
76316DB7490890BD,casual,21.2942
7F7822F364E59AAE,member,5.494033333333333
C617EACAF7141D72,casual,20.72405
03F9E5F515714924,member,29.348783333333333
AF38DDF376B511DF,casual,29.364383333333333
F176B67934F70CC7,member,2.879016666666667
D5B23C7C8DF82F4F,member,6.78975
7534D5F630CD4311,member,22.64466666666667
CD7C5DFA42200987,member,17.610633333333332
3FF0E98F051C6E6A,member,2.3879333333333337
2E2C8EDC057BA594,member,6.226066666666667
76509028FCB7E54B,member,5.72975
33F82115B247EAA3,member,25.806833333333334
BAC1E1F96B588A7B,member,19.457183333333333
1B76F295D3F85904,member,7.092516666666667
1B0BC88E78A5BBC7,member,32.39823333333333
9B9C0A320A5E1A6F,member,161.02968333333334
2CC2ADC58E4B6FD1,member,13.8344
AE101811FEEBFD0B,member,21.3026
31174101943A52D2,member,9.628216666666669
97BD044B4325AA83,member,68.14275
FEC7BD41F0119507,member,12.494866666666669
BA882D4C62EB66C5,member,7.854116666666667
EA6E944E31CB8D9F,member,2.3032166666666667
5CD4D84CEA22509E,member,10.68475
BAFC8FD2E0584105,member,14.445683333333331
A52834B9DE34CFAA,casual,28.355616666666663
1CE33F79832B9F83,member,6.77845
D9D16183C5692C57,member,6.417016666666667
6BE250B5F956D24F,casual,15.399466666666664
CF353197DDD848D5,member,5.3893
F5EF5A3E1F064C26,member,31.2928
23CCBDE21AEEAF8D,casual,12.35135
5467BCC1A6CE2206,member,43.21088333333333
9AF66EE9CD7DF110,member,12.864433333333332
1548F5863D67071C,member,4.727950000000001
F18DA906659E3CD8,casual,14.214016666666668
2BAA15BB95D7C212,member,15.6838
49FC184417BC5899,member,10.020533333333333
4DCEF1774BC46C33,member,2.38565
88D8B954F16BBA6E,member,6.361783333333333
0D25E2E23FEC8FEC,member,10.311233333333332
81FC29C05002BA0D,casual,19.94226666666667
797B12B265E5BA71,member,61.95855
4BF0007F4B9CD7CB,casual,22.746683333333333
12689686BDD079FE,member,7.15865
0F56C8426EDC310C,casual,23.342066666666664
44AA2A57CBDD3568,member,16.816583333333334
BF263935F9BE4155,member,7.291766666666666
6BD3B7D36EACD22F,casual,7.124066666666667
29C35E73C3A8301C,member,61.43051666666667
047577C5D79F7116,member,10.420616666666666
2716D5D90FE06A6D,member,17.814666666666668
29D207848A111795,member,8.04745
08054A068555F525,member,11.843733333333336
C4C6BFA639BF8F65,member,18.576283333333333
C5D92C84603135F5,member,11.306383333333336
6659CC62A8746068,casual,24.53225
9BAF6B3595022181,member,18.801116666666665
204AA9BE1AAE1D58,casual,7.69295
6C06E5029E85E3FF,casual,8.207516666666667
8AA5DB8904318E6D,member,29.49656666666667
90C2BB0183951952,member,9.22885
F470ED47A2C17CFD,member,12.190533333333333
DB254B5E7ACF7A06,casual,18.08288333333333
1F704F43FD32CBF4,member,24.45606666666667
C6D4AC02B16B2CD9,casual,7.908016666666667
31C9CB5F14CC7225,member,10.308583333333331
EDE9E0AF9E0F1DA4,member,6.631216666666666
665AF917C0324B3F,member,15.514583333333333
16861FC1609B8319,member,7.444283333333333
C0656BFEB9CE8E7F,casual,24.9456
3E90F26FD0BE35B3,member,9.59255
E42887E700480FDA,member,5.3552333333333335
AF020F3912A5FD86,member,7.616366666666667
5E23E69660F4D4A8,member,13.082333333333334
35FB2E916ABBAFA9,member,10.6129
1143DCF79392FA53,member,7.9779
18F354C516D798DF,member,4.91815
45FDE9A7E58FBFE5,member,17.173283333333334
8A99C2E019BF5AF9,casual,7.577116666666667
F4D9D39D45092E77,member,15.7987
5BAA0F6B068B50B4,member,4.4722333333333335
8C09901333A141B4,member,2.464183333333333
C94252F23F08A34D,casual,36.13923333333333
CC623553231497AF,member,5.345933333333333
0D013FAD9F89AD5E,member,5.264116666666666
AC21653B60B29916,member,49.45058333333333
C7FCEA04A5849D81,casual,46.01511666666667
431130B88A7BB147,casual,7.30085
D3C4B37747422170,member,10.50275
1222C720F21699C1,member,10.6921
1C0839985ADE6AFA,member,12.943766666666669
51C54A92C82DD1D8,member,9.5127
6BFB8A03B68544B7,member,6.106483333333333
23CA600A04C227B3,member,22.25858333333333
84B3FB3395C12595,member,40.16695
0C73B816C9A5F903,member,38.82463333333333
92DA987F91433C17,member,4.094083333333334
65C19FADACC1C663,member,11.245533333333332
C9A42668A3C6A717,member,10.346816666666664
E697B3DA527E8E65,member,11.347633333333333
724B7DD5065A93AC,member,4.2282166666666665
643C47D5FFB4AE35,member,17.6848
E29ABEF35EA7B91E,member,3.0269666666666666
2CD8EC27564B00BC,member,22.664166666666667
E9759F9E218D5B20,member,3.8278666666666665
D1C92FC802C5779C,member,4.789833333333333
0B51CB414E24EFE9,member,9.540533333333334
E4755722002B0F05,member,4.970016666666667
2497ED1B10A0C28B,casual,21.20746666666667
11C285E05C5D899F,member,5.427983333333333
1990E27FDCE8D8E3,member,20.400516666666665
D53ED6C9A9B81277,casual,44.5258
D566DFF6F40B62E9,member,16.050783333333335
CAA6CD45FD0C4A8F,member,7.450916666666667
9997DD5DC5404F10,member,3.0257666666666667
F0D08B56F0E3D76B,member,10.109916666666669
4C11A181B5035342,member,9.9923
AAAF196620FCA72A,member,4.8063666666666665
C9E10FA571E83FAE,member,2.287716666666667
FC43AB869920296E,member,7.950233333333333
743534D2EF57A003,member,16.179116666666665
25B7C74BA8F3A0DB,member,20.412033333333333
3B7FF1DE449A1ED7,casual,6.184583333333333
D318D6D85294C1F5,casual,5.93585
1055367D1238EBEE,member,6.998466666666667
8CB0BCE1410E3D43,casual,25.3787
A8CD727AE35B0D1C,member,3.3993666666666664
CEDF3207451DE772,member,3.8837166666666665
BE67C0B94E0E27A8,member,8.9157
2D1C80C061EB5233,member,6.260483333333334
3F9B16DEE9D55548,member,5.188599999999999
C725144B2C3448FF,member,4.285749999999999
1E8B80245BB43731,casual,10.397983333333334
4BE2B0EF9102D80E,member,7.163916666666666
E147BF1BC6E0A316,casual,41.0654
AA05CF89AD000AF6,member,32.1808
6D7776CDF2BCBC05,member,9.240283333333334
5E9F8738A418FF55,member,4.992533333333333
E6458EC0CF56008B,member,23.322733333333336
121A29282EC85411,member,25.355216666666667
A0123F6B170914DF,member,10.747416666666668
6B948CE48D14EB1F,member,7.998033333333334
714BFC66D4D10180,member,6.548333333333333
357C8FD860B7524C,member,4.042583333333334
BC86E1EE60A8256D,member,28.2768
F487086D5742A8FA,member,32.495783333333335
69B1EA7AA1A85843,member,6.353266666666667
BF6D7CCB49D0809D,member,5.577333333333333
C85EACCFBCFD34B3,member,4.811733333333334
DB86063130F0B69F,member,5.87465
5D174C91D5AE6B44,member,11.849166666666669
BD338288CB51D128,casual,5.1913
D1187B040E921AE3,member,3.701583333333333
CC2E520240032FDF,member,11.663933333333334
7B33C8AE018C76ED,member,11.807616666666666
F35D26A0538C0573,member,4.27245
A4E4206A64F823D9,casual,8.103416666666666
2A5C6E61337B0603,member,4.5383
13636A8824A400DA,member,13.55555
C018F26E2D72480A,member,4.09485
C6A70AD70839E4DA,member,5.001483333333334
2CBB400E77536407,member,4.842683333333333
9C50AE32DAA501A1,member,17.214949999999998
DAF18A29EFBFF85E,member,6.699516666666667
93C3CF6D0EB97C4E,member,4.04495
40E7DB12651F0232,casual,10.283333333333331
4EEB910A557DE373,member,22.91173333333333
C63173C56622CBD7,casual,9.56535
655071D6273A6CA8,casual,5.33425
9D140B36F3D25935,member,41.82618333333333
5CF280723BC901F0,member,9.649433333333333
783068EA2383ABD7,member,11.590683333333336
701298DA859671EA,member,10.276483333333337
0BE6D4CD80344EC7,casual,10.877999999999998
9D6A0E416640CD52,casual,43.80086666666667
59D87CDECB104EC5,member,3.171566666666666
1535C37DA5692838,member,7.523083333333333
3E21E57F6FCBC406,member,22.25378333333333
9A92C26300C8EAEB,member,10.450616666666669
D5CA7E43B03BDB7D,member,14.034233333333331
CE31D0A51224D7C3,member,25.56725
1D8217E7D06726C3,casual,15.337516666666666
52523C77768C86AC,member,9.500583333333331
037A3FFDD158D1CA,member,18.2723
50C7F715FDBE0171,member,2.482666666666667
6A93D69D8F6FADC7,member,8.417783333333334
39685B5FD6425762,casual,26.371783333333333
00638FEE16A02995,member,1.5436666666666667
3DB2F54483E9608F,member,4.0422666666666665
3B7E5E242C27D16B,member,3.4458
4EF05B17861BCD03,member,4.850383333333334
ABB24F0D7AD37B03,member,9.859833333333334
869DF07596EBD428,casual,4.652116666666667
7F7CC710B5F486F0,member,1.2481
F7FE4432B1A0D4AD,member,23.720516666666665
558D8A54B568C503,member,17.90876666666667
736607EFC99B1A89,casual,19.57305
12AAAF41240C0473,member,3.4757666666666664
21B45FD489D7EE2F,member,31.847516666666667
2708DBE2BEE8DA3E,member,10.95385
D373FC9341669888,member,6.368666666666667
D3A36F9050182AC4,member,74.3669
9B646B353D7078DE,casual,14.683566666666668
C9C6FB547917EFB0,member,16.79415
08629801F40430D1,member,21.41945
33B9041D24361A8C,member,5.666183333333334
BBAC398EC77B6CF2,member,12.304816666666666
5BA52A91A7F1DD9C,casual,15.089816666666668
A55883C058E27389,member,15.1337
A40C1E8A98B6F07C,member,4.302933333333333
9988E1FC1F27EB49,member,15.69565
ED4C2E64F4A511EC,casual,17.441033333333333
2BD80DD6946EC97A,member,8.357483333333333
590E4BBE62B1BBE0,member,8.758016666666666
FC55965435FF18CC,member,11.570633333333337
48638F05DBE57946,member,4.597716666666667
001D916939B56211,member,8.134216666666667
ED1D7E0DBBEDAE73,member,29.27733333333333
AE6AF405E1066601,member,30.203366666666668
77E31129D0D92F0B,casual,29.390183333333333
205D1D16E1029E03,casual,22.812666666666665
B1D0C276E64FC0DE,member,15.02015
C774B82165DAAE2A,member,4.844666666666667
84A3B2098D56F76A,member,21.37973333333333
FB8B5A27E1211B42,member,3.711283333333333
56E4757F43A99246,member,6.702416666666666
1329B011D8ABE179,member,5.931466666666666
880F84F34AFF7999,member,26.85768333333333
5C52D70FA7C95FBD,member,12.97555
346512D487DFFE56,member,7.910516666666666
712701F4934C7346,member,21.48865
CC31B79BDB22150C,casual,15.101183333333331
F4D515E2EB6D2580,casual,2.46815
C852FBB6537127F5,casual,13.794616666666666
11F2BD1AF37D2ABC,casual,4.268083333333333
11445FEBDBA0E943,member,8.072683333333334
1F530EC8B1DDDE22,member,8.883700000000001
81ADB65E02CCA820,member,5.631683333333333
1CDBCD4DC3F16D60,casual,26.305816666666665
F53D44A44A1483C4,member,2.934816666666667
092C763ADA75315E,member,13.594283333333331
A3F3B75E8CACEBC0,member,8.004366666666666
D54A27A20DDF6CC3,member,35.38061666666667
EA4E04250ECA4A9F,member,18.420816666666667
D1D308AA2EFF9AE3,member,5.40085
7900AC929ADD7FF4,member,5.6822
B0EE036B7F6323C4,casual,43.4326
448FA8F4527A3B8D,member,33.71083333333333
AE37DC39A6BF50D8,casual,4.9572666666666665
14F5FA9D258C64EB,member,3.7797833333333335
97993740A0DA0711,member,6.5998833333333335
A651E3ECBFCBE567,member,18.78213333333333
0432B5347118D859,member,10.78655
7B367CA59ACE871D,casual,1.1358833333333334
C7EEBED6594CB1BB,casual,9.393066666666666
720EF73438777534,casual,26.55738333333333
944C1E3690A54982,member,4.764666666666667
A9589A04C30101AD,member,55.485816666666665
4876725D4FDB15A6,member,14.70855
3FCC1C5641AE8FA5,member,4.168983333333333
206AAE5139D2DA0D,member,37.69891666666667
3CFE215E0A0E73CE,member,12.576183333333336
F99F7A7A9BF3130D,member,8.839233333333334
6CF3A9FD9B1D51D9,casual,17.25155
32710B1320E8B9FA,casual,55.07426666666667
D5F64699A2ECD0CC,casual,5.3798
D908052F3051532B,member,25.7857
DDFEE29BADFACB0B,member,2.990216666666667
307A88E548983CFE,casual,3.5803166666666666
200DA4CC37EE3871,member,11.138033333333334
55B929FBC03F4083,member,7.58005
B1D63ECD231D0127,casual,8.945333333333334
33E389380E3322CE,member,6.743416666666667
4524E6C0475BD28A,member,2.8200833333333337
00056FC16F8AA10C,casual,16.269716666666667
A8DE944CC5285409,member,1.31775
5E858E6E34188E87,member,3.8064166666666654
AC187008840A8EAD,casual,12.464016666666668
14D7160262D2B9D2,member,12.772883333333334
8B8D0B965695F1EB,member,9.613316666666666
3E4DCDD3617E7815,casual,18.94378333333333
0B56DFA9502DD7E0,member,9.9168
89D10FCE8A78D2B4,member,38.118633333333335
7837556782FDBA08,member,17.03375
7496C5831BD30318,casual,166.1717
CABF6E638826ED95,casual,10.72615
CE64577C4D69F169,member,12.22935
53ADF4CC48F162F4,member,7.960233333333333
1E4398A43F29E396,member,2.6801666666666666
7EC032F2FB4D958E,casual,26.612883333333333
0AB832C225C94A41,member,12.843466666666666
244A8E613195CAFE,member,24.29818333333333
C546E5B00601BB70,member,3.8182666666666663
693E78AF68C5D7F3,member,10.205816666666667
94F4429F3CCBAA00,member,25.610566666666667
FBD1939FD644519A,member,23.305866666666667
92E9D4FCEAC3B921,member,6.24155
F4F01A8D6142D9C7,member,15.809466666666667
C5F1CC155FAA3AFF,member,41.78941666666666
3F78C0C5698D26A5,casual,19.27798333333333
B9749D5BF6D3AE59,casual,6.940683333333333
D4DD753C322C2F06,member,6.141566666666667
FB80BFB39F415095,member,49.791066666666666
1C21E648771572A3,casual,16.352133333333335
CFA18B78CABC892A,casual,17.661783333333336
AC1A0ADA3F81BD16,member,27.05505
C2BDB6F5407A6747,member,10.145683333333332
B7A2306CCDC78285,member,5.05475
F48E563261659259,member,46.173883333333336
F68DCE908F21DDE4,casual,17.824666666666666
0137125A3E2B3E46,member,3.6295833333333336
D457EDD80FEE7B6E,member,7.956583333333333
BCDE6B109532D1E8,casual,9.394566666666666
A3E5737F9F3EFB19,member,3.3787333333333334
9141A15ED9D4E785,casual,7.45965
445E3BBBDEAD1A53,casual,9.1206
A2C9646038BDB34F,member,7.020416666666667
DA976E2837D133B3,member,20.81695
B3C432BA6EBF9E21,member,24.1549
2CC5922DF334AE8B,member,3.380133333333333
AA10B8AED966ECC6,member,4.449316666666666
4B7369B298EF8CC0,casual,8.080683333333333
92B74BB1914A7336,member,35.017266666666664
834984FDDB9B53E1,member,10.99825
CBB35879176FA1C7,member,1.9821666666666669
F2AA982280ED0077,member,6.782316666666667
1B6E76E71061CD24,member,5.933683333333334
F8DBE45ACB7B65DC,member,9.180516666666668
6114590B52F57FC1,member,21.25795
8BD09087FBC14D78,member,66.60826666666667
B2A05BA1DB2129FC,casual,30.846316666666667
ED81859D768F0CD0,member,4.778333333333333
4790152122163067,casual,164.45368333333332
4ED2803BCF7BD56F,member,6.609616666666667
E52DF3800D7509D9,member,6.999433333333333
28D4AF908FB3C3F2,member,9.8889
624C25756ED62D1A,member,15.08965
36A749D0E2F9BFEE,casual,6.495916666666667
C3A0AE03F9F23438,casual,10.619266666666666
184B121BAD8D1FFB,member,6.983949999999999
17E0211F3D2A8292,casual,5.340966666666668
CB1C039767849C7F,casual,17.453916666666665
1CED72A57AD76E59,member,15.707183333333337
4C28BA9C479A2A64,member,6.424566666666666
C86D3CEB30A92197,member,1.6223666666666667
410376EECCC8C3BE,member,3.7186666666666666
E8BBA1367E7C8E73,member,8.413450000000001
1E701B872935FB08,member,11.178
8296F39F46813396,casual,6.039366666666667
C48BA77400259CD7,casual,16.468049999999998
AF09DC407E61B3D1,member,17.8569
40E5B0B9CB7E6381,member,6.1529
B78FDD343B9549EB,member,2.84775
6E23E3B9959E0381,member,13.25475
6154CB85CAAC97ED,member,11.535016666666667
C0DBD798071BC0A2,member,4.7785166666666665
35FFB4F2A97E06FC,member,4.603883333333333
2EEFFB9406ED03F2,member,12.184183333333332
D01A901BD64F55FA,member,6.314033333333333
7E2CA8FB908CFE7C,member,8.22985
6BE18C2A7B857533,member,58.02746666666667
7AF4E82F9F3FCEC9,member,33.4553
55F9AC778CE9E243,casual,15.2974
D6EEFE3B30C847F8,member,10.348916666666666
6FE611D774DB62E7,member,3.921766666666667
93B7633EBE649F83,member,5.996933333333333
AAC2A9A2D256B7AB,casual,61.16915
3FBFAAB6A8B4EA12,member,53.90296666666666
477DCA7FDB1A86B0,member,6.75175
E828DA828B9684C4,member,7.604316666666667
9EF4BD2C1D89C4CE,member,1.9950666666666663
07B1830B16319EE2,casual,17.541549999999997
ED3AF75EF9F0EEEE,casual,9.656166666666667
895D8A5AA09B7345,member,7.342483333333333
39C12114988AD217,member,27.95328333333333
0BD6F6BF5F43D847,member,20.7053
C2B42EDB3C9C85FE,casual,33.743649999999995
EC1545F9E6C44B87,member,17.603683333333333
19FE4E5872D4FE8B,member,9.72985
5729A210B30E197F,member,4.772766666666667
7A40580E2F66C5B6,member,9.081733333333334
03B1F759EC64873D,member,22.300216666666664
23B76BF893DE45DF,member,5.792816666666667
1A3A23F8E09F721F,member,16.599466666666665
C5177988FEEFED75,member,4.205116666666666
1615E583F5AAF4C8,casual,22.75975
536D5A4697A7DC12,member,23.08628333333333
AA1AA756D6CB485B,casual,25.902316666666664
F90BE2CB9B4C2DA9,member,4.53125
DFDD6DE5745DD861,member,11.001566666666667
9F9B8085DCDAC8C7,casual,19.8462
D48C42696E513DFD,member,14.737533333333332
20DA299B36286DC0,member,3.5165833333333336
D3057D30DE660BB0,member,21.818266666666663
585F53E89E00FACC,member,21.57248333333333
CB61673F1F88B7FC,member,15.346383333333334
99F07F6485BD5473,member,2.159566666666667
F2F28F27268B1EA7,member,32.7864
B8DADFCD546D42F5,member,5.278183333333333
63DD963AC9BE45E1,member,6.0436
1D4A4E962B893318,member,4.796816666666667
8BC5FBFDAEA93CB7,member,6.81985
88BCDE42EB1B496B,member,7.014433333333333
6F39EDBA4FBCF4B7,member,5.345216666666667
D48CF78721E2C748,member,2.4934166666666666
8936D86724E86DFD,member,22.36415
31A6A6484FC87012,casual,41.52171666666666
EE9BBACA906D37E2,member,13.820283333333332
3281EFCD446DB07F,member,23.58098333333333
295BC8965BE36115,casual,14.8097
A34B997F7614890D,member,18.44653333333333
596D4E47444AE396,member,8.299483333333333
C0926F0B37C3ABE8,member,15.363716666666669
688E484137080CB9,member,11.076116666666667
908593761786C598,member,17.20765
14BF9955D0ECD08D,member,8.459916666666667
94BBC4479C8D9672,member,3.03125
E70C735F1FDDF25B,member,18.71815
5CD09BEA5E778398,member,3.1864
8A1A2DF537520DDF,member,3.035266666666667
FE2E9DF40615381A,member,3.6234
08A9DBC8BC4C7FC7,member,9.917383333333332
F0F90E23BF08E720,member,1.70505
EAD1F2BC7D7F2D70,casual,27.9872
A6F8B59FF77D5F5C,casual,21.453216666666663
CCB07EEB45DE4337,member,5.062033333333333
7CBB64F106EFC5D9,member,68.74543333333332
5F7E5C5531137443,member,5.925183333333334
D8F45F2DF2FB8727,casual,15.027166666666666
625AA8D41B85DA0A,casual,24.03533333333333
64FBDA992C5B1847,member,7.722916666666666
B4EED9CD8262CDB6,member,14.47125
399C32CD84E2E2B4,casual,15.87085
F972D8FF5B2319EA,member,4.584916666666667
1A933EC25C34C18B,member,21.52716666666667
4978299E90A99C94,member,16.612199999999998
094F1F2C222A9A58,member,12.781233333333336
F26D4143FEC7560F,member,3.8430166666666654
6379B8B784F6FC36,casual,6.1424666666666665
B000DFBCCC65788A,member,15.643966666666667
DC3B386A2ACF56E5,casual,20.390933333333333
6BA8807963D981F0,member,4.773516666666667
D554B3549D14C6F3,member,1.0658666666666667
761D904E90886F62,member,18.686416666666663
BAFA6CDE78440E04,member,5.121966666666666
B7FDE879600CC51F,member,12.065966666666666
473DFA744B228636,member,7.185666666666666
0B72430BAD8F141F,member,10.609983333333334
78A53163CE590684,member,9.044333333333332
47DFDFF61BD58F7E,member,6.428016666666666
95FCE434CB35D4B6,member,4.166633333333333
81D9701EA93850F2,member,6.101633333333334
6357996F1AF02B8F,member,21.702816666666667
BA10F39C48D8D34A,member,16.393483333333332
BC133CB5AF2B847A,member,17.3688
6370FFD8EB132560,casual,11.802433333333331
01C84951CBCD9FC2,casual,7.331666666666666
B87F0D4135E76E57,member,5.892033333333333
CD5AE2921A9F76F2,member,7.826116666666667
D67538E1E6927846,member,7.318183333333334
185D4691CF787016,member,4.50655
EA2C496ABDF35DF9,member,28.94336666666667
8CBB113E891B3A1C,casual,4.062633333333333
BE41435095C5BBF4,member,16.021349999999998
12396BC28CE34434,casual,19.57861666666667
5D1BD981965C3C59,member,38.05833333333333
8470A7D44CF5B596,casual,13.133516666666669
87E90FF204C789ED,member,22.132583333333333
74EDE4D76244BAAC,member,2.3174
68817CC6328EF3A9,member,12.269083333333333
72052F9D85FA495E,casual,10.80625
702E0AD787D18B1F,member,2.5748
1CDBAE095103C951,casual,9.542916666666668
441612532270977F,member,21.38998333333333
9D2FBDA0F49C508D,member,15.8556
068CBD3F61A2E561,member,8.943516666666666
5ACF7A111D85E110,member,1.7030833333333333
B00770EF256BC6D6,member,16.4225
B5DEB25219041451,casual,35.67251666666667
08CF1E72BDD417CC,member,12.573200000000002
3C0EDBCF0B7BE360,member,7.276633333333334
A246F011CA62A207,member,23.30955
D400B1708ED6EA7D,member,8.813966666666666
7732508EB51A55B1,casual,16.427833333333332
D21F1D9555DE182E,member,5.265366666666667
359DEBE2C5D0313F,member,34.483183333333336
AEF32D9C426CE806,member,2.574766666666666
41F0E34B5A216985,casual,58.1022
D771DBB630101B2C,member,10.514733333333334
61C43EB325848CBE,member,9.222233333333332
399DA491F416E040,casual,34.58258333333333
6D07D9D226DB6E80,member,13.209383333333331
09B4868D6315E6DB,member,10.510433333333332
6CD6647F38290E05,member,9.137333333333334
855C0D3A21AC0585,member,16.514783333333334
822C045BC44EE82E,member,12.907433333333334
BB0395FA6B631A10,member,31.877883333333333
D638FBFB762A03B7,member,20.32263333333333
45B4C38EC06C2EEA,member,7.517033333333333
A801EB30BEC0B44D,casual,11.100383333333331
694B5C3FF3D371A7,member,7.910383333333333
BCDC7E5677AB3586,member,16.307116666666666
C8024C1FA15AEF2F,member,13.05345
C52359B91A0098D2,member,24.006500000000003
6432DCFC8698A924,casual,9.955183333333334
CAFE6C7104B9C207,member,1.9854
9D3A58485071AF29,member,3.96785
0B974AE9EF0A6151,member,8.884500000000001
6058DE50E6DA50A8,member,40.6885
244BA5EB1300FF9A,member,21.68235
8D7C40E9A38DB91A,casual,10.497000000000002
915193E60F6019AD,casual,30.15503333333333
032E3CC1F48A5708,casual,20.61456666666667
96FBD434A71966AA,member,4.1935
3C78088C0C8FB96C,member,15.21025
24760FD333246ADB,member,21.017216666666663
FB91489CBC49FF78,member,9.917016666666663
E627FDF686AA51E9,member,9.141766666666664
513F4FF104753D04,member,6.03805
985B9BAE72FFAD87,member,4.284316666666667
D75D6F2BC095D743,member,27.5392
5EB8184DDEC0E5AA,member,8.7134
6F6897FC3C542110,casual,12.670066666666663
F3A0EF2F73DFFF0F,member,4.251616666666667
96DF77E3775461CF,member,1.6240166666666669
B62C07AFB6B512C0,member,2.2761666666666667
27798A0B512610EB,member,1.5310166666666667
DD16C4DA0678F7EA,member,4.85615
29BFB4C70FF0CD54,member,5.641216666666667
7CD31BFA1AD55A99,member,9.368616666666666
C7D330D9F06BC511,member,9.86885
75432F774C7EFF3D,casual,17.597050000000003
75F361DEAF00CECA,member,16.53945
AA0C4B0109AE824D,member,4.0346
19F408E3C655D5B3,casual,10.485416666666667
4AB6012611B3DCD6,member,1.9111
D31AD506A29E11AC,member,20.532366666666668
E8CAE1A642EACB50,member,4.939966666666667
C818779B0704397F,member,8.570833333333333
008BDAD2EF21DCD9,member,26.2794
2068E7A6C28F42F2,member,3.304383333333333
170855F7DDFC513F,casual,16.29328333333333
DA6D03D70D2CF2D0,member,8.531116666666668
DD7CD9A0E010B7C5,member,6.665816666666667
E4E7D939B89B93C0,member,2.3719166666666665
AAB2413DF1A7C17E,member,23.19828333333333
5AD6D5094EF51967,member,13.460383333333334
311C8F7F6697AE6A,member,8.13955
C821642E994FAEC6,member,6.052733333333333
3B22923686B866E8,member,10.671083333333334
C8FD09730EAF4E25,member,13.51835
1141F83CB922F2C7,member,3.218566666666667
137455EBEC1F0D3B,member,25.787633333333336
2B7B945D20B78D42,member,8.861533333333334
4350D00E449D40AE,member,12.88465
FA2D521D04E5E129,member,25.211566666666663
B65249FEC9398AA5,casual,17.8913
DFFD10E5594255C4,casual,13.522433333333334
9B1FC84B92842E58,member,19.35078333333333
64FE31E8A37958D9,member,3.8503166666666666
A10D8A51453BF210,member,1.22185
BDA00983AD1795AE,member,6.571016666666667
8AB39B3C17E4BE6C,member,9.768366666666669
1BD47159C0C6B102,member,9.265516666666668
4E43E07F66995EF6,member,1.5440166666666668
2069B982B21726D8,member,6.310866666666667
7F39761E2EF1DBCF,member,2.0573166666666665
3469F059572B41D2,member,6.565783333333333
7CCF0D5E4E213F19,member,7.102183333333333
2832025493CA73F3,member,13.930383333333332
8B7F1AD087F2D4CF,member,1.7360833333333334
C929B227951473C4,member,7.926333333333333
649CADDB80C7A22B,member,7.288316666666666
8C3CDD159365EBCA,member,19.002866666666662
B1885041CB0EFB85,casual,18.35155
4ADFB300E665DD2C,member,12.960083333333332
EA3BEDB0F6539322,casual,43.09611666666667
93DB4C955E947B08,casual,13.9701
8FD3E48C1060993D,member,12.011333333333331
F0B11E4E9E6BCA14,member,8.034833333333333
2C62D4A4AD70BB2B,member,10.510283333333332
0E7A975C79EDBFA7,member,2.660483333333333
F407549E3097AB67,casual,49.71985
275D8D0B55615805,member,66.82175
E8FFC1412F3EC67D,member,9.037666666666668
FB34DE61ED61E925,member,20.657083333333333
E512E31D5666C14C,member,21.76131666666667
4E58E4EEBC734430,casual,25.1712
3AE807B9477D8F61,member,4.173133333333333
ED5220A4088A49CA,casual,13.475233333333334
D9728E30B4767909,member,14.225116666666668
3000375CC0891227,member,8.469833333333334
85471BD2616A6D5A,casual,43.9205
D4C08F4C8EE7CB10,member,12.81425
9E481855E1F70D64,member,9.602383333333334
4F0F3FC29E73DC99,casual,13.032083333333333
86FDC3C57A109E06,member,6.934816666666666
D9FDC3D1F0DC82FF,member,15.38225
DE298D9A6A0DC9F3,member,9.18275
F6C58F7341B93694,casual,20.08605
F201229317E8AE84,member,5.768116666666667
695DCF00AE41E7F8,member,27.40305
A4AF60FACF61859D,member,20.85213333333333
24FAAE3343AEC14C,member,8.021700000000001
A34FF701DFC9CBA8,casual,20.96438333333333
8303E675F486A0C4,member,4.457533333333333
6068DDF2C6B28898,member,54.84083333333333
251DB10210DB5430,member,9.490233333333332
1A7C5E76BA879E48,member,6.476766666666666
005B2BE93895B9B3,member,23.94833333333333
B6A03AC2A8A0A7F5,casual,108.17988333333332
F6E8E9EC855F57D2,member,41.10606666666667
8C2E71B22AA6C984,member,14.612616666666666
1267218B2B84FD54,member,23.61958333333333
1845BF80E971E6CE,casual,31.266
78775CFD7C2F5F55,casual,23.987816666666667
5B5B5D9239D5E165,member,5.84285
F8F25D79EE455C07,member,8.281683333333334
6E38E305F9E7362A,member,11.567416666666666
85D062C0CF89EDE7,member,15.7449
4FD3ECBA479E146C,member,11.329516666666668
D893AE21268EB5B3,member,14.8892
B8253D4285D89593,member,20.381383333333336
B85E086C263557B4,member,3.969266666666667
77BADFB28EC32AD7,casual,5.763733333333334
03EC9D5E007578CC,member,10.016833333333333
5AD8CF04C1C19841,casual,45.55471666666666
2BB90F8A9684E57D,member,16.63385
98D7E0939D268EF2,member,9.399833333333332
B211FE4A8526BB31,member,3.7016
6A32651A0430E015,member,10.783633333333334
64B77C4E20CBBED5,casual,123.3574
3E1C46AD129A94D6,casual,16.788050000000002
00DDAF2CD6B95327,member,30.1427
AE7A1C4D4E374CF3,member,9.333933333333333
1B287D824CAAC55E,member,6.640316666666666
0709D1D6BB5CC01F,member,23.894916666666667
11BEF6170741D464,casual,7.732600000000001
16B4460B05D643E2,member,2.3532333333333333
63CBCF87D11E520B,member,15.435633333333334
B8BEDF1FD4F92A39,member,10.978283333333334
0773F099A2095C2B,member,3.734783333333333
DB51936A240A31A7,member,13.140733333333332
2D29FA8BBFD7D5A9,casual,10.73225
682B2C5DA22B7AF1,member,32.22695
D9590115838D01A7,member,5.921033333333333
19DCB88027283A1D,member,9.919733333333332
4791C00AA1A75B36,casual,16.6323
0C05F7846B15AC2C,member,9.92255
B73ECDD35DBF04D5,member,1.6898333333333333
A970D25C8B0BC655,member,63.42848333333333
8A89FC0A63BEF8C9,casual,5.265183333333334
0D5C3D0E2CFEF0DB,casual,17.870516666666667
9C83939B3FDE4658,casual,9.74065
AADC7BB9366BF755,member,25.316133333333333
1FD566D23593CD32,member,13.516883333333334
CE20B06CE299E062,member,22.817733333333333
0DF6811D4070032A,member,36.59818333333333
97105F9830124C31,member,29.514916666666668
7C12318E009B9C45,casual,13.42585
9489B4F572506791,member,14.092083333333331
CB4A9AD0E38EA154,member,10.097483333333336
97D7B756EB1D943A,member,18.29031666666667
58CB0AD8A7C13C07,member,5.7613
7BDBD56CC0028771,member,28.81038333333333
2633F3771CA3E0D7,casual,23.767133333333334
EC01FE7D16FBD1AD,member,1.62905
BCA6B4EA7BF563A2,member,6.828383333333333
0DEF2260B8518FF4,member,10.127116666666666
62676B388015ABCC,member,18.044466666666665
E1E090506DAB218A,member,18.316016666666663
BC092BF7C80C0ADA,member,12.128433333333334
191A7AAA6E345E2B,member,21.29031666666667
EBA838D7FB6D2878,member,9.799316666666666
9B296AEBAA832BF1,casual,11.217033333333337
D8FA51085B1663A9,member,3.36955
9B1C428D5A831A27,member,6.623233333333333
7191269E2C86C10D,casual,11.9774
09BDEC53D8DE7151,member,26.860833333333336
B90DB1A3E3E83045,member,4.977116666666666
DF6D2FE55BFCD998,member,4.711683333333334
59A2AACDC3FA6B5A,member,2.6823166666666665
BED148FC700C00B7,member,5.745033333333334
92ACB22CC74CE4FA,member,2.308766666666666
FC5B6C63EBB40743,member,42.8411
E890E52FF4AEC91E,member,4.1657
47C891DD74CBD313,member,4.693066666666667
072A57D23D95486A,member,10.386266666666668
7C24C82EB68A6013,member,3.30405
065C3461C5991AC1,member,3.1922333333333333
1C6A41030E443D43,member,2.9552
4987EE7605C61E92,casual,73.66466666666666
CB21D0E6657DD2B8,member,7.731616666666667
1EE96E5FF253483F,casual,24.437383333333333
6383994556CE4BF7,member,19.02165
9A360D91FA25790C,member,8.75095
E5A21C7F5A537E5A,member,18.340016666666667
ECDD4718CD1EDB9D,member,8.317783333333333
F3A11AF0E55D97E6,member,10.760183333333334
132A997A9B363E43,member,27.314
24F9C4EB45F5189E,casual,63.44215
43C47605FC8617BA,casual,11.134633333333332
EEA386E5FB76C4F4,member,8.432433333333334
8C9BC0BCA706032B,member,29.58295
9B4CBDD8AD9EBCC6,casual,19.76688333333333
C0368E9F11A26AC7,member,9.7624
3BB0ADA47FD4AB66,member,10.746833333333331
F53E589B9D3F95AA,member,2.6239666666666666
953DDF0087DAD31C,member,27.8725
C2E3169F5E8B3534,member,4.092333333333333
02D6A06DBF65DA5B,member,3.5178833333333333
5BD0E00BB7B8C9C0,member,9.811716666666666
D42075EADC1240DE,member,13.95095
7B813E392345EDD9,member,16.9989
54D269A2A19716A7,casual,22.0711
A0CCD12C4A97A97E,member,16.813266666666667
84F2165F619B4217,member,9.075583333333332
BDCBCF9326404D0F,casual,19.816716666666665
27E4EB53F743496D,member,5.005466666666666
F02A774B726D3D0B,member,10.652016666666666
330376CBF771F15E,member,9.970033333333332
8762D3F0B585B5C5,member,7.019
8824C7A649432BBC,member,4.106433333333333
61E9638300A37E00,member,4.1861
8E38EAC791EC9617,member,38.64881666666667
FC9989F0B4351E51,member,9.403133333333331
322C24D98A506BB5,member,5.171
A335803A0FCE55EE,member,5.972666666666667
E5DA576850123DE4,member,13.682066666666666
36D7952369142CEA,member,7.31705
87C2C8FCB1384BA8,member,9.91935
37A79786F3DB37F7,casual,2.4495333333333336
6E77EE0864C29DBD,member,20.693883333333336
F62D83996F43C7A3,casual,25.885283333333334
D6654733D8261AD9,casual,33.22313333333333
0C73A600B131A74A,member,5.141266666666667
5122C0BB182BEDC5,member,29.80358333333333
243A7F7E09E6F53C,member,13.058983333333334
1D5AB065EB2C1C1C,casual,30.182033333333333
D1AB7D4882C15B54,member,4.41995
3BFCDC3A68B77D19,member,11.6688
F699967B93D2184E,member,9.139216666666666
A3E2A00096C1058D,member,4.622533333333333
2BEAF800A3119AB6,member,11.593133333333332
0C83EF5E8224B36F,casual,11.5309
891A389ED781D3F0,casual,12.1349
4F0B4D0D7C6A7B51,member,3.938
F80A68D6C48708D4,member,62.933083333333336
2E8F36BF7B9AC86A,member,3.1113666666666666
CF862EFAC47DDD91,casual,8.179350000000001
46FACBDD3F9FE3E7,member,19.640083333333333
04292B2ABBE5885C,member,5.522666666666667
2C634300BAE3AB97,member,44.03816666666667
F3BAD215F32EA161,member,15.800166666666666
1F6F75B8C5E4D542,member,7.367083333333331
9F30862C22AEC6E3,member,5.332933333333333
B17926347B4EA6A5,member,31.92975
853E4E8CE8D1147D,casual,14.222883333333334
B0CF3A9729AD3BAD,member,14.108733333333332
01C04AEA631CF607,casual,28.4029
4B283B7D8EB41566,member,7.264666666666667
74BBC43163BF5776,member,3.1377
AE70A597876ECD8F,member,7.981433333333333
AA877CD91EF741D5,member,4.652166666666667
1FC791C8CA984B88,member,9.919283333333334
7E84354B4F5A56C0,member,9.244066666666669
B986D840D20D8225,member,22.84133333333333
79B0308575E3B388,member,5.613783333333333
024B1E61414474C1,casual,26.8817
F6E6FEE83FDF0A8D,casual,18.178483333333336
2338112996053E07,member,5.0314000000000005
BC0FF3804AC9FEF2,member,48.4744
D71EDE6A018D4D6D,member,2.204266666666667
06D51B9EB044E6AC,member,2.7133833333333333
E7B2757CCBB3D5D6,member,21.918850000000003
01D9926B34178F80,member,10.643766666666666
351D8435C4D69FA2,member,8.181883333333333
1DBBCDCA68C31773,member,12.745333333333331
92AFF548696C0267,member,10.363166666666666
C56F7F65A4A80CD6,casual,3.8384
142DF4B925C5608B,member,19.73006666666667
D6F20A616455036C,member,9.4844
7C560C085D4C50BF,casual,8.420483333333333
34E9003440C34D51,member,4.768383333333333
34E21CCD91F30E82,casual,59.67058333333333
5B7947BAFFD32768,member,3.0846
090C05C78A1AA8EE,member,16.436616666666666
76E5E24A264D3274,member,2.631133333333333
80524B934851A4BC,member,25.9756
69B2FA3C30C42A0A,casual,23.147583333333333
16E6A95FB70E5CBE,member,10.84325
5F1B9BBF34A9721A,member,5.3556333333333335
A7968D417F78A84E,member,14.795183333333334
6E0E96CB9213DE34,member,6.717366666666666
F7415AC71038E01D,member,11.684666666666669
FFCA427F86056655,member,3.418716666666666
12A5A5ADF29F6F68,member,1.3018
B459BED192C51FE8,member,6.769266666666667
217AAC11E4C91319,member,14.285283333333332
EFAC37F94A070764,member,5.401633333333334
B7A62501D0F5C9A0,casual,6.63005
DE1F5E7B9F0AB96B,casual,9.6602
B0D1F632DE49C749,member,3.47135
CB1AA4EAB757EFC1,casual,18.05173333333333
37785ED8CD768521,member,6.3238666666666665
015BA6B6D5CE74C1,casual,1.9877833333333328
5B9825C8089E3638,member,5.54955
FCBD94329613328B,member,5.0545
3153B68DEB2C2D44,member,18.524600000000003
C904C111B980EB50,casual,64.1849
2CA751E326A7F052,member,15.852516666666666
C40BA0275543BA43,casual,4.324416666666666
10DD8EE90CF822DB,member,34.31471666666666
A0220D114F5C984E,member,129.77991666666668
9DE8347746A58C80,member,4.525333333333333
0C394F7EE34858B4,member,1.0273
185620D941E7815E,casual,6.004883333333334
FF21250F425A2D39,member,13.951866666666666
587B75F4B58AF0E7,member,17.779216666666667
FCAB39DCD095B589,member,4.8144
EA80FFCAACE819DE,member,36.072433333333336
B57E7B4062F8BB3E,member,6.367466666666667
B464942BF69A6434,member,6.90035
651EDFB40A4EDC75,casual,11.700816666666666
6FE25BCD73298D73,member,1.6999666666666668
518528E97445E1AB,member,6.125116666666667
36010D3C794D1FE5,member,16.40505
7DAF60CE53ECAB8C,casual,8.76475
3EA11C37F83A6043,member,6.247366666666666
91FFAD1B784E7394,member,14.363866666666668
AAAD58F4593D2F3D,member,7.9534
4831E579276E62F0,casual,13.198566666666666
B03CCBA2A9283CBE,member,10.6781
19322A7CAB0CEB15,member,1.7443833333333332
6284AE75CD20ABBC,member,1.7669833333333334
67FB47F83F626BBC,member,17.825966666666666
145864E6093ECD30,casual,3.4614666666666665
EAACCA65A4B42BBD,member,9.059666666666669
0ACFDF6A10D64B50,casual,19.19005
303BF9B328F75DAB,member,2.3208166666666665
22E260118CE7FF5A,member,18.18603333333333
3695C2E8093BC967,member,15.16475
4E41383952CA6B1F,member,13.329916666666666
4BBE477655534AF3,member,11.98285
513D4D143C4312F9,member,2.1842
21FC7301ADBF8015,casual,5.951066666666667
4CB4FA2F1D4047A0,member,30.77295
415104F5D8190268,casual,21.699033333333333
97DE01B1466A633D,member,4.84325
6A29461D475CBB39,member,11.770733333333334
86545080B1187330,member,9.50265
A905069FF3BC5841,member,9.606166666666669
930A13FD22A53D0F,member,26.731916666666667
C92C1FE5042520F7,casual,20.28503333333333
DA90875D2D5465C0,member,10.683233333333334
1B7232D45FFEFDD8,casual,5.5283500000000005
E431BA55A2C52AA3,member,16.07405
6DC218E986764730,casual,6.818066666666667
A3BB9D0ABCC56E16,member,10.827116666666663
D20CC9A94E78F8D3,member,10.229733333333334
AFD12E22F578455A,casual,31.3162
5B320A273E169686,member,2.200083333333333
6B6E35DDE94C98D4,member,41.89575
3EFD067AF95E24A2,casual,5.955933333333333
CBF40086CB2EFF9B,member,43.3238
FC53580E015CDA82,member,4.85045
E00DB7775A844F0D,member,7.554466666666666
309AA4E60BD2BB69,member,3.4278666666666666
077369E593F19BD4,casual,8.392199999999999
4581501EBC11614F,casual,9.381866666666667
65FB4D270BF769D5,casual,14.998416666666666
E0DE80B947975988,member,16.80861666666667
E8998AF38494EFF0,casual,3.947416666666667
773985209C258CB2,member,5.792666666666666
8A4F5B15AACE8B4B,member,16.91575
A318533B8A239AE4,member,4.805466666666666
71D84D011CFCD982,member,48.19148333333333
86522C503AAA24AF,member,2.4703
8A900266FEA07C05,member,3.5447166666666665
6BE5B2130992C40E,member,8.891366666666666
3AB17483E59F986A,member,31.75628333333333
4F8BC8538D49EB5E,member,27.091666666666665
D37F8176D4A750D9,member,8.018666666666666
637DC614900B5BFF,member,8.041883333333333
8FEE9BFFF5544267,member,4.076983333333334
CA39E2177693B1ED,member,14.428583333333334
72B2A8CB4CC24445,casual,14.32475
DABD3DA3888B28F1,member,22.5548
1E0D95990D0A77B1,casual,6.9571
D92E0B9CF0E20CB6,member,5.884333333333333
F14FAFF4949F885D,member,13.18295
2BD9DEFBF57C76A2,casual,6.226699999999999
02F4E83325C99863,member,8.316866666666666
BC5EF745894AB16C,member,2.2727
CBFB08C87F299730,casual,3.9181666666666666
65D7C181B36FE733,member,17.506500000000003
D0058E7D177C3361,member,10.53185
57DB46106325395F,member,23.46195
39521AA3521D5C7C,casual,8.769766666666667
17D56FC1D009953B,member,5.50825
292C0D8163DB2030,member,13.657966666666663
FA44B0C9F9433E87,member,14.1984
E6C93EC6D7CD18F7,casual,8.24935
44B223642AA8953A,casual,29.39196666666667
C96FF84DEF37E6DE,casual,7.20945
519E9B39F0F4AF5D,member,16.1499
9B85853A55D34E17,member,7.14535
1DE2649D643A070F,casual,24.636166666666668
CE67F1F023137D1C,member,19.392233333333333
0256E1EC42F6E1BA,casual,6.2282166666666665
DD70AAB81A66F25F,casual,10.615083333333333
D9E6B083094754DF,member,15.789766666666669
F588AEFE7AD5941B,member,1.08435
0B2DCE53F0BB7969,member,8.0694
464D2869B252F52E,member,4.1806833333333335
9AEE36C4600E87E9,member,10.304166666666667
99A713186DB9B362,member,3.9480666666666666
CEC0310608E8342E,member,11.5766
07F1080834ECFDA8,casual,13.086116666666667
AD9220A6BBBE54C5,casual,18.933533333333333
31340E4FF4D1589E,member,9.871866666666667
9A0F38D47D3BAC2D,casual,20.02395
C591473CFDB1403D,member,6.077
D547BBE312C3A5D1,member,13.997233333333332
23F2A0B5C45CDE96,member,11.321833333333332
9CB3894B67AAAD83,member,16.743583333333333
0CB2CF272618ACF5,casual,10.423516666666666
B518EC93D29D4AAC,member,7.233066666666667
D393A328833C0710,member,10.127516666666668
59DB1B6986D3ED8F,member,31.90941666666667
7AEC35FD2290E694,member,47.99251666666667
F9008DEE36418A4E,member,32.22741666666666
0B8B39E1E0C90BB8,member,5.34615
05C965E7C3AB9DEC,casual,38.93278333333333
0B32E84F84EDC4D6,member,12.343683333333331
F2F79209462ED4D9,member,7.334633333333333
B9D64D1D793A3D54,member,8.826783333333333
04A1A7D36411C53F,member,9.741466666666668
9FEF4A98964E0DFD,member,11.253283333333334
9877FC8168F1BC12,member,1.97915
41DAE706ECFCDAF7,casual,3.8322833333333337
99E97107546617D6,member,8.328466666666667
D6ECECB3DF699CBE,member,20.15758333333333
ED8A10B22A8961B7,member,7.572516666666667
23810C2587936997,member,3.0120333333333336
21258E1FDB141CB0,member,4.733666666666666
CD87AB8B24E17C14,member,29.83703333333333
838BCD74A4788B5C,member,7.021816666666667
05607A8835459CB2,member,14.590416666666666
4DB7AA6769854BAC,member,21.2107
2939177A17BC1969,casual,3.6968
91817E8A153D29B7,casual,26.47565
2290A0D5183585A8,casual,11.89625
63A190FBC80BC7A5,member,3.4368
F1F4755B19C0157F,member,24.517733333333336
FF8A2362699C1755,member,4.367450000000001
922E9C9217FB879E,member,11.795516666666666
5602B1634420DCE7,member,19.504
6DCF884680A1204E,member,61.17048333333333
CE0B1F410B454C83,member,2.254366666666667
30C0E430A6E9AED8,member,7.423249999999999
1CC8F129132DC5C3,member,13.569416666666664
B946E859EEA8554D,member,12.827850000000002
67297F3A0D20E45D,casual,1.21895
64CC13F73E06AC25,member,2.935016666666667
39D356A29A2324AA,member,6.6879
F5219FACC89C9F66,member,12.75765
19FF19FAD21E5A68,member,28.558466666666668
D0A7A72CBA770B41,member,6.800333333333333
8B9FE52473AA4DF9,member,15.215266666666668
B59E82B0A4727A2F,member,3.4957166666666666
BD9A1C98D72C3CDC,member,22.4744
2C69C269E0D011EF,casual,3.535133333333333
BC848B1CEC045215,member,12.517666666666663
CA5CF952AFE31CEE,member,13.938483333333332
E13FF03DE274B4D4,member,6.440516666666666
D60D419665C9AE26,member,8.04585
3FD585A162A1EF45,member,12.057166666666664
99C9365F0D616D57,member,14.619866666666669
E132D63FAC5666A6,member,15.54105
DD53AD6E3856F47E,member,20.95573333333333
CAAA2D513B56038D,member,17.303566666666665
BDCE6DC36BA7C517,member,9.076533333333334
28748F468C7F9D8E,member,10.261983333333337
47004724D99B7C78,member,5.936516666666666
CBF5EE9D12BDEB08,member,7.0492333333333335
F921334B50FF3A1D,member,5.509133333333334
1A30A2701127D2A6,member,16.924233333333333
42598AF950130BAF,member,59.09781666666667
1C36B2574FCA9E13,member,47.67185
0B0BE123D1BDD7E5,member,6.3792
FF16E8E0D63559AC,member,2.4260666666666664
E702AA977F071ED2,member,5.0042333333333335
6AA356B5D971337B,member,8.79695
F5B41D2B186CD300,member,8.540716666666667
8A2563BC3F4E9AD8,member,7.952883333333333
9F498B9C422CECD0,member,6.45365
70420736842CF5E6,member,19.513
F5D2380707C17154,casual,9.925133333333331
DD93C025910CB993,member,14.451116666666667
9DB7524622DF3164,member,18.62526666666667
0CB4030F0E504D41,member,4.3972
9DF78E34E9B0D207,member,4.857033333333334
DA8A266DCC6EA476,member,13.979516666666663
C02BCC294AE5190E,casual,3.36945
42E1360F944D8092,member,3.9800166666666654
F7837DADDE9FB14A,member,14.536283333333332
C0F3153AB397A5C8,member,6.677366666666667
F0DD921463D52D37,member,2.066316666666667
F6131D20E7CF208A,member,24.2955
9405E8AAD99D3DF5,casual,28.20123333333333
BFD31B0D7FF0D45F,member,2.76985
743FD0D50575FACC,member,5.0480833333333335
EBEBD4360F14227A,casual,13.97275
8C08B9A45673ED6F,member,5.257883333333334
A83C925B0D46E34F,casual,3.795
7A915A0452A73D4E,casual,10.148583333333333
7E406261044EEA51,member,8.5177
FFD3337499F55A52,member,7.438666666666666
5ACA374918B6F76F,member,21.497966666666667
2E50880A58A09F97,member,9.921033333333332
5A0DF889FFC7BDD9,casual,4.444416666666667
74E6459DDE4A6D26,member,8.160933333333334
AEC2E098C15C0602,member,18.204183333333333
1A521EB6E72F93B0,casual,1.7799833333333337
816CDB773D53967A,member,2.6991666666666663
D9E5ABD85A2E5613,member,7.8652
00856B13C7877183,member,6.169849999999999
8FE3CC9DA1262983,member,19.109
261356C1F2F4C94C,member,9.578
2E42BD17CC25DF45,member,8.587616666666666
A2A9DA9769A4CCE8,member,12.0189
5F6D77F00E58340B,member,8.992799999999999
DF12ECCF6074A8A4,member,4.65135
3FFB43B24EAC2024,member,8.960283333333333
A99A0CB1319A0B5B,member,14.250116666666663
EC5C75B40B199DB4,member,6.533566666666667
710D9D5038D12B38,member,7.84435
8AF2862708034140,member,6.810483333333334
427F9EE9F25CD9EE,casual,15.82655
6FC177BE76458AB8,casual,11.45055
BD2942DEA236ED24,member,8.303033333333333
1D874065E34830E4,casual,12.56445
EF50C10391585C9C,member,9.092083333333331
138DCC41983E62BB,member,4.883816666666666
113637BA4A37BBD1,member,7.815833333333333
E42A9BB9EBE4D33E,casual,7.743666666666667
4D54780603A71806,member,5.159916666666667
FB05102D85DAB20C,member,5.6109333333333336
0BBB89E8D3CA8351,casual,21.297616666666663
44DBB677F514FA1C,member,10.99395
C861DE87C6F3F114,member,6.1321666666666665
38E372679B9A3BF9,member,19.18545
6341637DC586C603,casual,15.0767
99F4EB13265E9845,member,4.028066666666667
F493CB938544B860,member,6.149766666666666
6017509A7C4A276B,member,1.9429333333333327
038EAE3AF42E40EA,member,17.876616666666667
43F5AA9078F22BAB,member,2.405183333333333
29F00DA7409E4ADB,member,2.9961333333333333
B7880F060121B3EF,casual,11.914033333333332
FE5923B380DCA87F,member,3.9598333333333335
92D420C5A9DAA4F2,casual,8.8614
3455C7BB68CEDB65,member,5.324583333333334
99E5BF28EE7823FC,member,15.317083333333333
F877CAF50F562CE8,casual,20.95375
ECEAC9077FEDB261,member,1.572633333333333
3AE885E78F76231F,member,30.43668333333333
7DDCD42C31664510,member,4.844833333333333
B535F4CA8D7B9CB9,casual,14.481583333333331
97EABBDA1E077E31,member,33.61868333333334
9C16E70A04AEE0ED,member,52.45155
15813DB51AA443C6,casual,8.005383333333333
446ABE3BA851B967,member,35.0456
B60A3CCD76CF6429,casual,16.744966666666667
E682A193D1F06B07,member,16.724366666666665
DF6C61E94CECA4A8,casual,10.860233333333332
021FE410C9447123,member,13.388316666666666
EBCDBB66BFA77F37,casual,2.7301166666666665
D1AAF15B64391F0B,member,13.9202
067C6F7C697EE6D3,member,15.535483333333334
4E7399D8C7901A9B,casual,1.1482
DD24AE84D1C12BC7,member,4.000783333333334
A8728E2C622FA496,member,11.720433333333334
ECC0F9BB7235BB33,member,22.818216666666668
B0C75B3F85D7DFAD,member,20.613966666666663
B8B74528E7C6008E,member,1.49725
CF3009444953BC23,casual,10.681066666666668
629101AC8103DD31,member,3.0128166666666667
737ECB6DAD05F29B,member,2.5204833333333334
987362C31282056B,casual,18.203366666666668
3EF40AAF5682851E,casual,70.73013333333333
8B084490620BCE45,member,3.025116666666667
3455C251244CBF08,member,3.986166666666666
C243B209861CA86D,member,13.28465
C995F77A25E693CC,casual,6.890133333333334
D419FD74A3588DF6,casual,29.71216666666667
668365FB5800EE3B,casual,4.913633333333333
D91FDE275D3D3D06,member,2.40745
7D1A87990C86BFC9,casual,29.370166666666663
6992376159EDAA80,member,30.6606
733A32D693CC18A8,member,29.71095
88F8432E4A04A04D,member,9.670416666666666
2245AEF4C798C1BD,member,6.1833833333333335
369999F1ED0DFF38,member,7.939466666666666
757064C0B14E6431,member,10.831883333333334
48F1646683654B42,member,2.583483333333333
56857C9239FDD637,member,19.61303333333333
9B5765E351C6CDF3,member,17.936566666666668
8F73728884AE47F9,casual,64.67873333333334
D287B4F326EC9990,casual,33.98493333333333
BCB744DC99C9FB26,member,6.6891
EF6497E435C80C10,casual,9.073316666666669
45DA8CF05ED69165,member,5.8464
5333012F65610749,casual,34.93086666666667
E619904A227DCBF0,casual,7.718333333333334
D62D92718C8ABD6F,casual,4.950816666666666
7352A52CF9A587AD,casual,10.115966666666669
3609F6668F1188F4,member,14.246183333333333
FFEF65C2F15DEA96,member,5.682166666666666
6AC2D3960235EC19,casual,6.038633333333333
696B8D4AAF157BAD,member,5.130133333333333
3F0596FF9602E0B2,member,9.517366666666668
FA9F675B5B5052D4,casual,7.677733333333333
FE32BC9652D52B92,member,23.839883333333333
7C1C5FF85E039293,casual,19.489916666666662
CE8E0DB7026025D2,member,11.79745
D8AF35AA98C47D47,member,6.0272
185892B98CA18A7B,casual,6.311183333333333
DC30E467840F2EC5,member,12.675416666666669
49DA2483F295DF10,casual,19.91036666666667
A954390679B931F7,member,3.9372166666666666
F5DA86DA70812D9A,member,4.324116666666667
FD48365DC0228B68,member,7.768633333333333
150587108D66DAB6,member,15.239283333333333
EE7E638EDADC3721,casual,5.547366666666666
0B5DB00C25132F99,casual,47.04206666666666
54D00ED5046CD6C6,casual,27.2926
8C53A535CCA6C71A,member,6.306566666666667
996899412DE56417,casual,6.446483333333333
4F8B552717F599E2,member,18.055333333333333
6B2361C7485A4F4F,member,3.393
382F1CE961A7EB61,member,3.883383333333333
0F03F9422035E7EC,member,8.189316666666667
A318A12F1240DE7C,member,13.648966666666666
4C8171129889CECF,casual,25.66283333333333
C3A1BE5FBF4563DD,member,1.9664
E9D94D0E06C953D7,member,17.907033333333334
F0698561AE5F96BE,casual,21.731616666666664
A3B0C064A6626CF8,member,8.274566666666667
3ADD11F0AA91FED8,member,24.1992
580A25CB4B23EA1E,member,4.11525
FAF05E6C86B1C6F1,member,12.209316666666666
6E298A741C0EAB2B,member,24.07085
A63ACAB3A7353E24,member,12.65425
068F147D50CD5323,member,2.04785
0278A07D4246801E,member,16.166816666666666
A12756D1D22E8001,member,13.265899999999998
2B9D19B169A03700,member,13.50255
5552A471DA2F8AB3,member,10.898816666666669
AB146126CBD99BF7,member,17.766383333333334
EF0D7D3E99D7C501,member,5.2637833333333335
84D6D26D213D24ED,member,9.870616666666669
513AE5556836BAE7,member,4.445516666666666
264892DC20127E08,member,13.428866666666666
5068AC022C417EEF,member,4.268066666666667
6E75C8811071CBB8,member,21.66098333333333
A72F0AD98C170A67,casual,37.948
CA870C7D29A5D95D,member,7.937
238BCFC3E0F03486,member,28.684316666666668
C7251144B0A1E4C9,member,3.4024666666666668
7F914ADD1EA6FF28,member,6.0531
A709E49DE90422B2,member,8.539683333333333
E681567521674A5D,member,6.424783333333334
A04E6F779E086CB1,member,6.5648833333333325
550F98638892455A,member,15.78545
467BE6BCBA42E09B,casual,7.2118
59A1FC875077959E,member,36.71043333333333
A62367AD35E583F7,member,4.06095
7D71F5B41F2232F7,member,7.410016666666666
8D92C9121897BDA8,member,17.624950000000002
1AB8A78D70161F5D,casual,14.750166666666669
36741A1DB20B5916,casual,4.042966666666667
E02B46F7F77DE0F6,member,8.106183333333332
DBEDAD908EF509E7,member,9.476333333333336
47BA5283152CAAA7,member,39.72435
2C3E4D9333634254,member,37.97266666666667
7F30F2E9638830FC,member,6.060483333333334
CF781933AA562E3D,member,18.937716666666667
C394B4CE30A0CF97,member,9.812466666666667
B8022D14FBA069F5,casual,52.582
8E22747E16B9F68E,casual,8.655716666666667
9F5A68D91237884F,member,8.401933333333334
A9167D8D880ECD3F,member,7.626433333333334
51147FA93B826523,member,8.64025
EB61BC67F6C58C1D,member,15.83435
B097DAEA828679AE,member,11.67785
5A33C7804EDA060B,member,4.832983333333333
A956EC4F36C9604F,casual,20.010416666666668
6585F3C013C88300,member,2.7567
050BAA4790F64B68,member,16.481883333333332
1F4AD6EDF187B1BD,member,3.8797
F918C651D71C2772,casual,29.221316666666667
75C1EF2B7C7393C3,member,23.337066666666665
6E2D67FFC814FDCA,member,15.927866666666668
79F995F5E63FEDB1,casual,15.931933333333337
319D4FAAEA07255F,member,11.9117
1A54AB5EFF81646C,casual,8.283433333333333
42E364ED483829A6,casual,12.971333333333332
B13E084B2EEEB13D,member,8.03235
6D17BE32370F6AE3,member,29.556516666666667
41C9D392360F340D,member,36.31998333333333
68ACE414547913B9,casual,21.1099
89C439BDCABB9533,member,22.747366666666668
62E2EC12010432C5,member,18.79238333333333
442EEE4F0D6491B4,member,11.540783333333334
3987A46E93539176,member,15.07075
67FCD2191D2A36AA,member,5.54685
1254860B41A7C23B,member,10.170416666666666
1235CAE4F14D833E,member,1.8127166666666668
547182C9E48CB3FA,member,4.689016666666666
E9335789A11D4A41,member,9.59245
BC35549A01E72149,member,15.672716666666668
A113314276CCCE41,member,18.515316666666667
092136ADD039CAD0,member,9.213866666666666
8E3B137E60D631C2,member,15.7734
C6E69B7E064749D7,casual,5.771133333333333
51A4AF24CC4F6657,member,7.263383333333333
A7137671D20660B9,member,40.502766666666666
08BE5941AAB66C46,casual,13.587533333333331
7A39D2C9881B43F9,casual,35.464016666666666
81531CFCD1B2176E,casual,7.469266666666667
AE65BAF6BC9D8403,casual,28.86385
9274289707CE2565,member,32.414883333333336
8580EA323969D7CA,member,5.044583333333334
B3AD3B583E91D6A2,member,9.4318
75AAA748409BB521,member,3.5568833333333334
4A3C037524B40970,member,4.9351666666666665
4DB8CACA8D2850D6,member,3.0637833333333333
12B5BACDCD6B3AA4,member,6.0304166666666665
AEFC36E45B1B9330,member,4.077633333333333
66B46CB3C4426503,member,13.444616666666668
D4359BFD5646D061,member,9.5433
71BE5E3FA93301DB,member,12.790116666666668
80106A3673B72E01,member,6.7983
8E409A9221903CAD,member,6.8358333333333325
AF06E975D56B708E,member,8.353283333333334
7D8F2E5D5A5F99DF,member,59.91113333333333
934226CC1EAAED4C,member,12.46315
1D67F5A1EF307D93,member,3.33325
749D135BC472D10E,member,3.684366666666667
EECA7E9300FFA552,member,1.9919666666666669
3BE9E48E76A6B65A,member,16.531116666666666
C5063EAB6A3BC8EA,member,44.60533333333333
F51341DB25090D82,member,3.6065666666666663
EAEAC91AC079B695,member,6.4635
D2C47033827E77BC,member,16.261583333333334
F2B21551D8785896,casual,50.83136666666667
AD1071513845FD8B,member,16.95403333333333
08F8743161957654,member,2.5814666666666666
4F026C7E78D7D063,member,1.968616666666667
C586E88F137A8277,member,15.5894
0B8B7482D744101F,member,58.17301666666666
75FB9EA88EC2E03B,member,2.34475
12E63DB3D28394DF,casual,14.666916666666667
FD0A4AA031737B9D,casual,22.26611666666667
7A0E168B1D3D0393,member,5.180266666666666
6C1B0193D07CAEFD,member,7.376083333333333
4191767029826A6C,member,6.209216666666666
08DB9EDA3E5BF519,member,7.7002
B1915BCFDCECAF82,member,1.4439666666666668
01CCA2B9EEA485F1,member,4.762983333333334
6F115E18C14A324F,member,27.16905
417332E58542C205,member,5.205150000000001
BB909887568E786A,casual,27.56855
D46F89F93F410768,member,4.99815
268FD728170D3A82,member,30.20831666666667
B3B1E594793D792C,casual,9.673233333333334
B9639086F58E0E3E,casual,7.0053
37C35C7F70680F83,member,5.03735
9C7464BF0F39CB47,member,17.5622
DA8E5AB85F69A86D,member,5.512416666666667
4D3F09B29F80CC12,member,9.048466666666666
1DCE7B5DBFF46BBE,member,6.818933333333334
FC1904ECA562B76B,casual,15.871216666666667
6D5140D56AA3415B,member,5.174449999999999
65EC4936ADE14308,member,8.269766666666666
1B91182BB7340DEE,member,9.642666666666663
BC373020308D0D6E,member,37.355450000000005
7D292DE2AF78042E,member,2.807583333333333
867DB783F09298AC,casual,4.903833333333334
5171A62793513A37,member,14.799416666666668
E96F2EED2BFC71B2,casual,27.32378333333333
3D784AB3D899ADF9,casual,7.837233333333333
8D5D6619DB22A1C8,member,19.884833333333333
713EFBEEA5889239,member,13.658533333333333
F772ABD61769B9CF,casual,7.913216666666667
D2C1ADACD3631071,casual,43.05455
CEC9B09EB6EA13D6,member,17.9958
DC288B92B2AF7E94,casual,36.42236666666667
C9C37CDEFD0E0F13,member,15.623866666666666
A1246E8BE688F6CF,member,8.788466666666666
6A009E1F0FCB707A,casual,6.299016666666666
85D2436661F27350,member,20.6767
787C3D311C620784,member,2.1684166666666664
1F66A0C2F9AD6E8D,member,5.453183333333333
A78B5D57598B113F,member,2.812483333333333
25B576787C5693D6,member,1.9612666666666667
CDCDB82BA64AE699,casual,5.110683333333333
B5D45D7FB459B915,member,19.354866666666663
F84078E5C799CD67,member,30.34365
CD76543CA1BCFE43,member,3.91065
9713C92D40D0D234,member,1.89355
327C5D0D959C6018,casual,93.28238333333334
EAEB2E1CE5606CE6,member,12.85745
45F48CE2E57285CE,member,5.044116666666667
3A2990C0B3662014,member,11.057883333333333
DDD0A059985BC877,member,7.317083333333333
B393E41A907695DC,member,8.692616666666668
1094C8184B174621,member,22.613
2AEE3FD24A703C28,member,31.185616666666665
EDAC1686EB951393,member,6.621449999999999
1E33F696329AA4BE,member,16.21215
5FAA0426CC90AC1C,member,6.304066666666667
FD292EE9F7D38F62,casual,5.7326500000000005
E2257F040DEC91B8,member,3.816833333333333
D76D88C55BCF72CF,member,10.259733333333331
77DEE3D7275DFE96,casual,27.89205
693BD842CA655254,member,29.87548333333333
3E86E9346FB167DD,member,14.304333333333334
2E9BCF09BCEF4FED,member,10.403166666666667
7D88E5CB5A5D2A42,member,8.705416666666668
6789495EFF226F37,casual,20.409366666666664
8960CC79A6D82C77,casual,20.494266666666665
A1A937A268CEEA90,member,19.414
8F636C5FAF001E86,member,3.1761833333333334
6D15657DD37DED0F,casual,38.27923333333333
00F87749F56D8A10,member,6.272583333333333
86DA26A778F9A7A6,member,2.8156666666666665
70EF54CB3C13E107,member,13.032516666666668
FA5EA3174D265531,casual,36.07725000000001
DB5987B05F76ECCD,member,4.1399
45423FF3C9CA5459,member,5.025066666666667
101C0CFC3E93DC6E,member,8.45055
6571DF809BEF5E24,casual,8.054183333333333
166A7EF35A6953AE,member,5.124716666666667
B9DFBE5AEA9311DF,member,4.2428
BB6A9087231270C7,member,6.164333333333333
8273DDB1CEF23955,member,2.20595
AEB7F09298CE7C6A,member,20.858616666666663
4AB6EA5A8DEB0A0E,member,24.65778333333333
A969B551C060B3AF,member,3.5300166666666666
2917DD7AE298741F,member,2.55195
F62FE9FB372180F1,member,1.6871333333333332
E3059B167DA89A5D,member,4.1095500000000005
A59E9BCB2650B651,member,7.65685
1BEAEC1932D037AA,member,21.143416666666667
AC3EBEA060128AA9,member,5.258983333333333
9CB0D8049C275B29,casual,18.755466666666667
8C0889EA10FACEE9,casual,17.518283333333333
2DDF8CAEC4992DD7,casual,14.838616666666669
A740643FAEDFA116,member,15.034016666666668
A65AAE1960A2177A,member,9.528666666666668
717AC887EBBC5EC9,member,21.561566666666668
4408E6751C3B81B7,member,3.4806000000000004
B9E50D2BA864FB92,member,8.4486
732EA30713F778A9,casual,17.508733333333332
AD39B02570791C2C,member,7.575133333333333
872EC918E3536F07,member,7.045533333333334
4ABF6468AA93F985,member,3.2204333333333333
6508FCC5DDF91AC1,member,7.139516666666666
146ACB96D01FF693,member,21.260066666666667
5B261FAECC8E8987,member,11.772416666666668
47092CA41D877558,member,13.880566666666663
7F79ECD8A8C3B84B,casual,3.8807166666666655
45A33F622675A3B1,casual,27.285433333333334
8E2908F149C5C8B6,member,8.952516666666666
820BBD9AEEE4273C,member,18.5062
D1006859FB47FF9E,member,12.134416666666668
F20BBCA85F9E70F4,member,8.2208
81622A0875A11C3C,member,4.46635
CC36530F62D1662B,member,17.5136
18E64CBBF4B08C65,member,25.61068333333333
C6859C2CEEA928CF,member,2.1995666666666667
CF8A2A14D2074D30,member,4.666416666666667
EDF1DC9BCD81F550,casual,10.4776
1943A66922B04BD1,casual,33.20323333333333
F5282AD194F4E366,member,2.008466666666666
433ACC5872E7134D,member,3.87135
3C322004F8F4475D,member,2.5670166666666665
5C048307DDC92F4C,member,28.999633333333332
CA73D2C0DFC32571,member,10.72145
14A713CDCDD5077D,member,11.3831
500E0A867A964353,member,6.5960833333333335
3EDBD117528724B7,member,15.7463
A57CE0DED4E423CF,member,9.635783333333334
05F509C524FB7777,member,15.061783333333333
89E2822EA5BB4898,member,10.278516666666668
5CF8F7D197FF3E79,member,18.581133333333334
1C7F1DB34DB06B6F,member,7.014566666666667
0B137EACF08C6405,member,11.746666666666666
B82D2717BEEFB730,member,21.892816666666665
60095DA6B5F8A0DD,casual,8.1068
9A3CE9EEAB479980,member,11.645733333333334
C1A49F6BCC1E519D,member,1.7333333333333334
AF402A8274CF4001,member,17.292983333333332
E5F8E58150A5E7ED,member,9.153416666666669
C96D9D475C0A4570,member,3.4115166666666665
53CED203053815DB,member,23.814433333333334
828FCDDE7588AAEA,casual,12.6358
DD3EDAC668FE0A4C,member,29.05923333333333
896878D7231C7F6E,member,6.155866666666666
954758F626E5E864,member,4.948216666666666
9E51AD792337251A,member,3.1751
9DFEA87B4002A72E,member,22.213666666666665
028DDEE2BC6C4C71,member,6.893933333333334
FF89F50483983B1E,member,11.773633333333333
900B854009D6BCE0,member,7.604249999999999
B5ED0DBD3CBE74DA,casual,9.858733333333332
83EF79626B58D831,casual,10.291166666666667
C9A80BA8066DD073,casual,13.085516666666669
5F7FC94DF6967D63,member,1.6172
2943FD29177DBBE4,casual,13.811333333333332
499D844550C2A0F9,member,12.5627
D98BDD9A2829299E,member,16.611033333333335
8B62B5FA7EEBA2B9,casual,9.01655
8769B19554BE636E,member,3.6921166666666654
F5C39C81F33F492F,member,3.67275
16C8A00896EA4E57,member,40.40218333333333
2524231392E53915,member,4.756866666666666
DD5837E38A20BAA3,member,29.1556
E890EA5683D087DD,member,12.5155
8A90CFE9C4F9DEC9,casual,33.2584
7DE6A6D03B4D2D8C,member,10.184583333333334
162EDFFFF9428569,member,7.352183333333333
DD9E9B3FC6A6FA50,member,5.96355
1D49878411C8132B,member,12.542816666666663
39E45C0674299938,member,7.1902833333333325
CC6EDB23909EEDB0,member,7.042383333333333
15A97429D8A0D5D9,member,40.88385
58F070FFABD01F41,member,34.8615
E703897574AD6A1F,member,6.174283333333333
73C0C42DD04019E6,member,5.699683333333334
81D8E38F891D97F8,casual,36.31375
12E76638A35D0603,casual,28.17258333333333
62173DE6B37C4933,member,9.4659
A276A1C6BC949D54,casual,19.028583333333334
A61217FCBFF435B2,member,24.1136
33F3BA29B1367C67,member,24.8466
6033BD1A22FC4942,member,2.6441833333333333
277B02E8EDB8F0A0,member,10.976283333333331
9E8291959D4EE938,member,8.854116666666666
715374842AD4CCD9,member,6.730066666666667
AD9CC8F17EE64825,member,21.7048
CA6CB1D50D1CA2A1,member,9.017866666666666
B1A7056A17AEBF9B,member,1.669166666666667
EBCC72B474F53F56,member,29.46763333333333
4FD2F9E48868DCDF,member,1.6107
A92DDB782CB7E9F4,member,5.3895
938F1D5A0265069E,member,8.793233333333335
3593DDAB57A679E3,member,22.47113333333333
07AC0B158E91E6A2,member,8.706033333333332
4DE45FAB7104E680,casual,9.882283333333334
5DEE7E27526872C4,member,6.201683333333333
DE2B5F77AD820895,casual,39.02171666666666
5F1D64070A7EC1FA,member,13.244533333333331
E761E215F744725E,member,13.339016666666668
29EC0F7091458CA4,member,6.928633333333334
C16167AD53EF59B4,member,7.254983333333333
6294358F87C184FA,member,2.795733333333333
99018364461B26E0,member,6.136233333333333
64D042D003AA807D,member,8.994383333333333
864EDFB6F5770D60,member,5.728783333333333
10D75EC067E8FDA0,casual,16.05475
8B24B92498B06684,member,41.20695
F2BC0629896288AD,member,12.489866666666668
BDE5463FE4B4E27A,member,9.782233333333332
F8C95717AEFCD382,member,11.277183333333332
F462BD55CB903192,member,7.811633333333333
41C8F5905D6FEB49,member,3.2488
979EC09F36C7F60F,member,21.163433333333334
A0C5865F67CDCAC7,member,9.8595
52F2733F3317B6FF,casual,19.3228
7042E5729B853F3A,member,15.75275
B21F92EE266079CC,member,14.016083333333334
E73FD6D01C609A15,casual,88.91063333333334
843453072EBE8E8D,member,12.369233333333334
9144408A22D60C0B,member,20.1951
3A0743659FC71BFF,member,26.42938333333333
AE43F5BF48B6124C,member,9.26385
4DE4E81F0A6C7252,member,4.14785
463BE7DA342D30F7,casual,15.19825
CE5BCECADD1B622B,member,14.90665
1828FE2AFDAB5887,member,12.2431
2852EA2A57A5ACE9,casual,10.729833333333334
1E6940667AEA5FD6,member,15.145983333333334
7824D1CFC8CAAE9E,member,11.839033333333331
D5003D5D9DC496F2,member,62.44605
532234B8EAD9965C,member,12.87165
E59D8312333BA98B,casual,12.932216666666667
C9C3BD64D6EB2441,member,6.2992333333333335
17C9C0B3853B8034,member,3.02245
51AA88BBFCAED3E6,member,17.976666666666667
539F56845E3DC80E,member,3.234083333333333
99F8955504906D98,member,12.349583333333332
97657FE95C978BB5,member,21.2228
8626879861B9D69D,member,9.541066666666667
5C68007A9538CD22,member,51.90831666666666
41630B5CAA8F1FB0,member,22.877566666666667
AE401833E19BB3B0,member,3.5085333333333333
9F90A66C344943FC,member,14.0294
106DC16C81D8776C,member,20.52991666666667
B509BCD3767D3CF8,casual,8.6705
33991C54E866BB67,casual,5.006566666666667
469DE78F7FF4F838,casual,3.4325666666666668
54A56BDA6ECEB626,casual,31.45788333333333
9B99BE8F78A4B9B1,member,16.84495
FDA3758C7AB5789F,member,9.465766666666669
7C072C6B7076F6C6,member,3.49375
B5A70597B8B88B9F,member,18.54123333333333
F5A2D341FA6B8DC7,member,9.329833333333331
5E71E28FE27696F8,member,7.291266666666667
0278194978F493CB,member,10.566766666666666
B33941A3783070F3,member,1.87885
EA2B9D8F64376F92,member,2.46955
76A9AFEAD72C4E6B,member,11.558833333333332
16BE6C188C813F5A,member,4.214966666666666
0FD3DCF855AF603F,casual,47.2576
54A326FE8C000569,member,9.124383333333332
3911D4D66B3F08B0,member,22.2862
D660CB55D8AB9CC1,member,4.029816666666666
47B827D89DE1FD8E,member,4.7899
D98CE238897D18FC,member,6.718016666666667
4F23426B8BDCFFCF,casual,7.495616666666667
00B36E8D60EA1368,casual,3.1248
041F7DA397CFF151,casual,54.42425
8877FC991EF4EDA2,member,11.633883333333332
B92449B168F07524,member,9.225216666666666
E0D80363B56F9E34,member,28.604866666666663
49CF5AC41FA9A274,member,2.6532
C983B7AC8C424B26,member,28.675083333333337
AEC45C6F3B8056DB,member,5.775233333333333
F050F1804C0A0608,member,5.843516666666667
61EDFBC25DAE124B,member,15.868316666666669
58BA544D577EA6A4,casual,3.4792166666666664
EDB563824FBEC991,member,20.20535
813185A1E5760D0D,member,6.1225000000000005
A1D3D12B1A691B94,member,1.2921833333333337
64ACB6508150C6AB,member,9.131016666666666
A17A01F76D1334EB,member,8.182466666666667
D6A6DA72AE77FE29,member,2.1080166666666664
59554B12F65EFAB1,member,23.03468333333333
CAD2F0B5A58C73C8,member,13.376166666666668
64B09227C815877D,casual,44.68675
78A105668E8A1DB1,member,33.45398333333333
9EE2585881B1C385,member,71.53968333333334
AB0763100092869D,member,2.1041833333333333
A938B71A35D7216D,member,11.470066666666666
0A9D10CB653BE2A8,member,22.04138333333333
FF61D43312B30113,casual,83.68666666666667
962BE721C16A9C42,casual,14.90705
48F7033E4F08CAD6,member,8.7557
7DA4D35BAAA144BA,member,9.746933333333336
A899FC0FF15E5BC2,member,20.89795
DE2A1DEB1C1CE952,member,17.56931666666667
190BE2AEE9CC6C3C,member,3.716783333333333
095D8D5D45AAF0CF,casual,14.933883333333334
31B4B96DA70DA3DB,member,25.009516666666663
A404834C9FD08724,member,5.3335
C71992A01482AEAB,member,16.445666666666668
D9100E4A6DFFC6E6,member,9.043
815F1B08A6A1423C,casual,28.89655
E0DCB57A56C57288,member,15.591466666666667
B36FAB67AD0EA1C4,member,35.103449999999995
213E1233CE977254,member,5.16565
E12404365DE11E03,member,2.3894
ADDFEB4B256998DD,member,4.178766666666666
E455414F17D5690B,casual,32.7705
B1CF66828612DE84,member,35.71333333333334
1D306CA13F8F4EC3,member,4.138816666666667
084556DCB183949D,member,8.334066666666667
2AA2E7265A77FDF6,member,6.52655
B80A0633D7E8935A,member,4.326583333333334
2203E673A79A1650,member,9.747166666666669
2AE759D75DA41AA9,member,18.86365
1A850AFD702D763C,member,7.302033333333333
3219C41C594C49DE,casual,13.612216666666663
08D25914E2BFC89D,member,6.899116666666667
EE70EC834501500C,member,5.416616666666667
E8D002E48E068E94,casual,22.860666666666667
D9630C91488A5C84,member,7.514483333333334
8F2BE3FF67C3BBA7,member,18.4942
131F6CF865BC8A8C,member,8.720583333333334
1EFAE09300679A60,member,14.517583333333333
305C32152061A990,member,2.08295
9BD015188FC6198F,member,7.589016666666667
7007E891E3ACD3DA,member,6.4216
66700118B7F0086B,casual,14.545733333333336
D4E61BDD5B3D7AC1,member,23.783816666666667
2C50A267C2C3CB8E,member,25.8546
9F56286463C0E3B9,member,7.7379
9E7B2028DC48A21D,casual,26.563883333333333
035B2DB3BE1BD431,casual,4.652383333333333
931C178F17FD769F,member,8.286800000000001
EE569D402239FA17,member,25.98733333333333
E97649661F72E959,member,6.639866666666666
2B9BFCEDC152966A,casual,13.367833333333332
5444A71FFA558DEE,member,15.341183333333332
148ACC137219022C,member,3.8295
AD4836C0C93E2CD2,casual,2.7705833333333336
5AEFB6495894C94B,member,5.869916666666667
CB97CE8D3D486D0C,member,5.053633333333334
1794161DF123CC80,member,4.868133333333334
260292F607CD86FE,member,5.68735
558A2E9993B68E3F,member,13.43435
B6773E09F91779B6,member,6.2557
BE79CA9A591C0F3B,member,53.190900000000006
C3AFB143AEEADE22,member,8.14175
83C7DD4DF32A7DD2,casual,23.6641
F3947AF21B61CA80,member,1.2997333333333332
2CF5AA282E2E418B,member,53.06675
59629F82D497A550,member,14.473983333333331
D1E8094667BAFF04,member,44.56573333333333
D6F0C3D64B690F8F,member,23.849516666666663
201F369FFB4EC5A5,member,28.75835
48FE5B11448B2571,member,13.61455
8973A8B708A4648F,casual,7.0492
8F18C15DA3D3F8D5,casual,24.80145
29C3C30DAE7EBA12,member,12.43975
8D0D2497FFEE71E9,member,6.3129333333333335
534923C29DD766FF,member,15.67185
339AD1869BD4D435,member,15.44185
17C2443F00F8F927,member,4.75875
DBBEEDAD2EE6FACD,member,1.6618333333333333
9A9C42AE48301768,member,29.00935
C2FAFBCD87E87815,member,4.673366666666666
C599B57AEF8D3F89,member,8.226166666666666
97C48294CA41CF4B,member,18.829183333333333
2C9965895B57B2ED,member,3.551816666666667
41A05B946DBDEF0E,member,8.678066666666666
8998FD7642307887,member,16.775233333333333
A73E3903220EB608,casual,49.30298333333334
3C84E38A83908AAC,member,9.299633333333333
D1A53D35F21D3E62,member,4.154583333333333
3F32EB1FDAC44469,member,10.413983333333334
1CCC7DD8A3D1D5CD,member,14.211483333333332
399A559A27CEB190,member,4.575966666666667
F0A6EDF91649A82F,member,3.9381333333333335
C35B8F8BB9C13AAB,member,19.2083
9F09DD55FA633F3C,member,42.77465
0B6C0125D19DA487,member,25.92835
E8834689A35F1DDB,member,18.477216666666667
BD006130E404E24A,casual,2.5266333333333337
8E04E61F323F58A1,member,4.42455
1EFB409B4F207EEB,member,5.7097
11FFE602137C7290,casual,18.86538333333333
26A9CF865DD040E5,member,4.502066666666667
E0C69A00513CBC80,member,2.7628666666666666
FD1AD9357B720380,member,28.95328333333333
BA53835D65AC280B,member,6.24905
0E5DD36A0CE3D324,casual,5.600899999999999
7C95688F622A62B8,member,15.978383333333332
5C13B9E7CADF1208,casual,20.475583333333336
B530DF9BA6708F9F,member,12.088166666666666
AA777E7365E3692E,casual,26.171516666666665
D8B1A326ABEFFBC3,member,12.576766666666666
EB046EB219E9C7BB,casual,20.081
FC6BEBB1CB4AA756,member,15.428516666666669
EEB8AC7E63FBB52E,member,17.434183333333333
BAC77EADB1E47857,member,25.13566666666667
79F8D29C65E42258,casual,122.89348333333334
802F432E6AB2FA92,casual,10.224616666666666
BABCF77A2B6A99E9,member,5.515283333333333
9B8E8002F26ED430,member,14.565883333333334
B9002131DD6527AD,member,3.85455
80F0F0399C2DB65A,member,59.78188333333333
8D2A6D97D5D5B2AA,member,2.68665
80BADFDAF261A7A3,casual,14.174650000000002
1BEE9B77CE6BDA5B,member,10.982266666666668
FDDDAF5815FC582D,member,10.114166666666668
9C45F909E47AF900,member,13.67765
A7407A3FBB803187,member,50.40898333333334
72941381CE4AD856,member,5.978483333333333
5C792B6C7BC3B66F,casual,28.083433333333332
CF089E5074C51B8A,member,21.872166666666665
27B9F4C1705BE2D1,member,3.577366666666667
B8F476DE24888924,member,26.640283333333333
762899C2EDD7D288,casual,22.56138333333333
18D4004A407C8D9F,member,10.395316666666668
4628448A761DEF91,casual,12.802583333333333
919BDFF0E72C8281,casual,87.10206666666666
E43FB47066C0FE7F,casual,7.7476
812E46DFA2863EEF,member,24.741866666666667
0A6D8E853B0C515F,casual,13.298433333333332
DEBF4C9E8455B87D,member,17.792516666666664
17B525E7F9628C67,casual,44.87288333333333
7574D47C985CE83B,member,4.7756
A2258F3BB6AC1E56,member,2.19035
04B10619C8C0BEC3,member,8.226316666666667
8E092611649F17A9,member,2.4089666666666667
E7A9CC38BDF09555,member,24.2645
0F89606AA50BBD18,member,11.25015
236ABB35B74D401A,member,7.619266666666666
44ADD4B733DC0B98,member,9.083533333333332
3EBCCEF2E3CCAD80,casual,22.32926666666667
70226FB9BB0D72A8,member,27.286566666666666
7E0DC8D7475111CB,member,15.5041
4F49494C22707DE1,member,4.564666666666667
9A3E325FF504AA3C,casual,13.761033333333334
55AC6D0FB121659E,casual,5.337816666666667
7B80F69BE96BCF94,casual,6.9819
5E38E6392CA5DBE1,member,5.867
58DE19766DE426E9,member,12.068983333333334
82BB9C6CF8F0D883,casual,7.257733333333333
4E4F537AA5598030,casual,13.354516666666663
8066F16F3EC78AB7,member,2.5498833333333333
2FEA7170CE428AA6,member,16.424866666666667
8F0EF4A77073FDED,member,24.5616
6787F5124925338E,member,1.5520166666666666
82327215CE719819,member,7.76475
0DD5DF736A25A097,member,15.966216666666666
0D0DABF0A04F03EE,member,12.36185
F9D869450426731B,member,15.400333333333332
29EAD4D9E757565E,casual,3.874533333333333
EAAEDD70CFC919CB,casual,16.2445
CD7A0A0297D8B139,member,6.300299999999999
1DE0BA45E1BF2563,member,4.73415
9507B75EF91F2779,member,3.2083
1B05B9503F9C6C5C,casual,8.4889
C03D68A7EACC9728,casual,10.86945
9D1AD526C01B46EB,member,5.845583333333334
0C4E016FF2870147,member,16.429850000000002
B220C4FE5D55107D,member,5.058683333333334
9001331FE784D7B5,member,2.9558833333333334
E0F55A2FEC2B9A59,member,26.50763333333333
77D9607ADD5F374D,member,15.439533333333332
21E8B6CAF2166DA8,member,4.125583333333333
2468505CBF4C55F6,member,4.570033333333333
4C3995CB53E7F338,member,14.74245
A22C83C87C8A1A2F,member,5.152083333333334
CBEC70302B614320,member,23.64623333333333
9849D3BF54CA07EC,member,2.3589
237BA56348AA06A9,casual,25.13798333333333
4FC067C01A24C954,member,12.807333333333334
DFE0EF848D333ABA,member,29.62895
F03BA32D4D2DFEC5,member,21.731966666666665
5F6C6ED7EDB7DC76,member,6.67385
C0EAAAED7E5F7AAA,member,5.161883333333334
702E5FC66A452F17,member,4.8189
21B4C5B55A3B7726,casual,4.1221
94B3E24ADB6EDF69,casual,4.400016666666667
3C686FE169DFA266,member,9.9001
4FCDCC070174A7FC,member,6.1413
ABB65CDDD723A6C4,member,3.5121333333333333
4E0A0D386273C06E,member,8.4608
00232B9A94AE404B,member,2.1456833333333334
0A2F64C931A0C447,casual,17.598466666666663
C80140C9B4E0059E,member,3.856333333333333
80FBCF1E5995DDAD,member,1.7110333333333334
74E507F5276A1B65,member,5.275633333333333
08B10D1A6F6044EA,member,7.239033333333333
B7DE684A952F7633,member,4.2438666666666665
E036A1187692F1AD,member,2.385133333333333
079668A5B499A511,member,6.5367
EB125BED87AF233E,member,5.60315
1875C47036F74EA6,member,5.892366666666666
4C61E5D0064F4F8F,casual,1.7818833333333333
2240331FF51E65C4,member,7.449066666666667
31101141E7CA4645,member,5.742366666666666
AB04FB1C91137D7E,member,5.704116666666667
F52BF34FA1B25F19,casual,29.96668333333333
4192CD140AC81DD4,member,17.323683333333335
9EEA3D44CAB5142D,member,38.36975
A028578290B5158A,member,28.93791666666667
5DC295904078CC25,member,7.9735
7553EFA9EFB59865,member,9.640066666666666
3C0C910947A39D47,casual,19.99553333333333
1C49C21BE36C0751,casual,6.304916666666667
5565787F505A915C,casual,30.26775
98B07B14E9CB81A7,member,9.331566666666667
393DBFAFD0880E75,member,3.560383333333333
95089F6074D9FE1C,member,3.8109166666666665
2892D453B6A0F284,member,10.403416666666669
02CFE06428957A9C,casual,14.659783333333332
9948041A807454B3,member,4.940616666666667
882FE368E7104105,casual,3.9241
22EED122A91B481E,member,6.2659
E8F03EF5F468A84D,casual,27.9583
CFE4ECC0ACED4623,member,28.61715
77EAEBB33ABBFA7C,member,80.89338333333333
8B95BD2AAC4B91DA,member,36.72525
64FF9B70841CC65F,casual,6.00555
81B091AB2E9AE587,member,3.6692666666666662
B80A8AF8EA6D8881,member,3.81715
652E8ED09041DC68,member,14.431333333333331
8E6A127A849E88C6,member,9.429733333333331
8E389771D94EA82A,member,13.62365
0BD4D3D6C9942283,member,1.6067833333333332
86679B92EA6C6BC7,member,4.358416666666667
F6FD826F5F19D652,member,9.157016666666667
ADD8D44E7DF584F1,casual,49.22165
EDBDE5F0EE2E24B1,casual,19.3499
F056343D2E42EEE3,casual,6.157333333333333
5F594402EAB599FA,casual,6.147233333333333
BACED0AC4EB2993B,member,14.4957
7F6B8FE9CB5E9888,casual,79.94311666666667
5C4962498D6E5DD2,member,12.640716666666666
D1500937774AABDE,member,14.19255
79D2DF5B8E4B8700,casual,15.589133333333333
C37ED7B1C2AF1ADE,member,5.11335
9E645BEE93BE815B,casual,7.113033333333333
ACDCEE5E571B67E3,casual,11.728116666666669
4B9130279B7CB614,member,7.36185
33E75EFA5500ACB6,casual,16.993466666666666
8E6B43BDBB587A68,member,7.898016666666666
685F7596EFE63F4B,member,19.125366666666665
30FCADD78E70C0EB,member,9.92235
A3E6F13D742A12DA,member,6.7856000000000005
220D3938D697A362,member,22.608
8FFACD36AAB0B335,member,8.133166666666666
4A5E30E63DCE24E7,member,5.777150000000001
3B75F2079250CE15,member,7.3967
A8E7BCAD2076AA9F,casual,12.385266666666666
2EB3FDD43A3679D6,casual,25.5293
5F216AF9B765C9BF,member,2.865833333333333
A4EC366775EC3F36,member,8.644783333333333
496BB140F8911A7E,member,9.310233333333334
449DB20F80AA99B5,member,7.2685
2AE344DC8789D87A,member,3.665466666666666
F000070E840E471C,member,14.31995
29C5813F55ECC00F,member,34.423966666666665
C0154961E5C244F7,member,8.878416666666668
44C91FA1AEFCAC63,member,4.6222666666666665
BAB7CE42BEE2593E,casual,7.690399999999999
18CF81C64F12F622,casual,25.1098
9A2268A4A9102E19,member,23.613983333333334
FD66D3C120D664B9,member,12.8091
710CE75BDFBA6BE3,member,19.00568333333333
EE84B375021217D4,member,15.299283333333332
2BD4466A7492E344,member,21.062283333333333
2EB5766AAE16DD5A,member,20.997566666666668
D664E57479526EEA,member,20.521066666666663
9259454C96BC1328,member,9.699233333333332
177425DC655CE3C7,member,9.140033333333331
BA84C4E06A188537,casual,30.549666666666667
45BBFEA21467FEA2,member,5.4559500000000005
4027B49EE066DB3D,member,39.67568333333334
80D302F1F835F92F,member,2.974333333333333
F1C3B2BF2715B711,member,12.783233333333332
C241914FE59698E5,member,5.0531
E37200C133A53AFC,member,10.994966666666668
C2615A70CCB17840,casual,52.49543333333334
95918DA217A2CE0A,member,8.6756
B9FD94957B323554,member,2.9736333333333334
18835D06D2875162,casual,3.14625
B5A3F48F63818278,member,6.908600000000001
F239C7099AA214B8,casual,52.63395
1D33844A486CE99E,casual,11.909249999999998
3C77E5415EFA58EC,member,30.41585
1D0FE67CC679644D,member,18.3974
03C4BC4F028883FA,casual,28.08618333333333
98982450B520A197,casual,12.4759
4442923EF8D89067,member,20.920133333333336
6AA2A17E3BDEE1E6,casual,4.721516666666667
0953807943125275,member,4.481383333333333
6266EC9D50AE64DE,member,4.944733333333334
2FB60B6948BA814A,member,8.988633333333333
818E84A5FDB28D9F,member,6.5548166666666665
17B7051800ABFDE1,casual,6.051283333333333
D7E76520268E1E24,member,2.96285
58A8FB7A2D5BDDC7,casual,46.29078333333334
096771EE90160E1E,member,1.3061166666666668
666EA37CC6DF253C,member,3.2461
600E8530613B6161,member,64.1395
9BF972F5C98E4246,member,32.642916666666665
86F7F254531CC1EA,casual,12.1515
1DEC51E7E77DBCA3,casual,5.03705
4E23612E4AB2E476,member,21.5465
4730148C3D9FD486,member,5.218333333333334
1D6E74A0DEC7D2EA,casual,9.932416666666668
5F4C5082C09AB3AD,member,2.1005
8E1C4727E8095B35,member,31.79518333333333
12CED42BD724D55A,member,3.039016666666667
EEB5070B7C9BCFF1,member,17.323433333333334
1D3D6511652A1AAC,member,4.873566666666666
2691BE62C0897F75,casual,10.94845
E13F0BB2423930A1,casual,19.153783333333333
500F6998366CD41E,member,26.0427
4A5F8939EFCAF46A,member,6.258583333333333
1C2B6DDBC4202376,member,5.596616666666667
2041D1695616C347,member,11.759316666666669
2CAFD14616EA54BD,member,8.077633333333333
1B74F6AC5B2F1FE1,member,19.31075
AA9BA706BD34BD4D,member,14.011283333333331
BE2D3C16919B2F6C,member,17.437816666666667
0402C061C419EA1F,member,8.4612
FA8738924BDFF916,member,1.6527333333333334
C9C785013421B1F3,member,12.6415
5B255A45F9A81135,member,23.598116666666662
490C2E7F9A288107,member,18.76996666666667
EFDD034CED365053,member,5.2689
7F2A9E7951FFAEB8,member,28.5685
F2FDEE8A438AB42C,member,7.121883333333333
934A7DD3150F0274,member,13.6319
A80078F02D1CD032,member,6.678016666666666
C922CF4332A6B062,member,4.527066666666667
E56F7CB8C4055CF1,casual,6.928983333333333
7EAD6B6B25929D4A,member,17.436266666666665
64EC92C18233E5B3,member,18.46715
1FA0448FEBE040E7,member,3.4952
45FA42E7E59358E9,member,5.91965
7CEF01F2F5F3114C,member,23.9894
0A0881E519B34DFB,member,15.215683333333336
08FD44A90FB358EB,member,3.1290666666666667
1C731B80DBE5E7CF,member,31.32825
6FE6BAC6723D750C,member,13.7883
C8CD02884675A561,casual,19.0521
277DDCDABA9D9229,member,10.49985
43D20F07FB3AC64B,member,4.26825
DED075E2220C38C6,member,8.920283333333334
52ADB36391679E32,member,12.911316666666666
E6947AD27A82A371,member,5.722483333333333
64829E077354907F,member,32.71626666666667
7F40615591A8A4A3,member,22.562783333333336
1A6ED4599EF98BF2,member,8.737383333333334
2FAC0707DBCEA949,casual,19.306
2198738C76565D3A,member,6.909549999999999
E771EB69E052534C,member,41.545883333333336
0D2C499AB18E144C,member,10.874233333333333
D36BDA31B3168011,member,4.955583333333333
F919A1CE13E0B946,member,5.520666666666667
C283C29AAC37516A,member,24.50895
C941617ECD370D60,member,3.3111666666666664
5A5CF62A26093CFA,member,24.048916666666667
017B60D556A679E7,member,4.7919833333333335
DE90011BDFBBED80,member,4.51335
ED132B975158F7B0,member,13.285916666666669
2606CF65FA0C1F46,member,41.2041
B20F6DD541FBB12F,member,8.5282
D980E4A0CD87D4F7,member,4.933933333333333
19E9FF4D62DB5B92,member,4.91435
730A7CA08B7A18D3,member,5.810666666666666
ABA8DFA2C108F12A,member,14.087366666666666
8327B3CEB25D7DC6,casual,20.7737
60E42B1846CF6705,member,4.924
B960CE997CF9B736,member,3.033383333333333
26B3F7F8A495B1D3,member,4.659183333333333
32E17F92A04193D6,member,5.408833333333333
34B2E2DD7B9498F7,member,23.26536666666667
85408B980D729E4B,member,25.234166666666667
4E26FB7115C708C7,member,15.129633333333334
BEDE21A3D71956A5,casual,11.25795
FA3B04DC429798D1,casual,8.520833333333334
FCA965DCCA180888,member,17.6249
FDE5313CE54D6871,member,3.3074833333333333
0090B74B5A87A1E7,member,7.887516666666666
8B3E6DD787A508C5,casual,8.7121
CFCF7931E0DC302E,casual,1.0975499999999998
3D7F77C9F53698FA,member,29.806066666666663
7D6D10701CA14D25,member,12.32025
18DDDA8C2A729187,member,4.686433333333333
F85D68112DEB79BF,member,7.482699999999999
38963E6EA89C953A,member,6.860433333333333
A374E38387E84A1C,member,13.052216666666668
D22804081513C7B5,member,14.695383333333332
5225BC3EA3CD89C0,member,17.731766666666665
ACDE196D855507B5,member,2.9781
969C2BCB06EFA2F9,casual,34.019733333333335
C33A6D918899C146,casual,8.418466666666667
F86FFC716C33398D,casual,8.818166666666666
F2EBBA5D7FC1356F,member,18.90205
7B550EE938881C33,member,6.890016666666667
8C20A422AA2EE7BD,member,13.202433333333332
3706273B13698139,member,14.69065
C74539301D573D51,member,10.1891
498A2CB8633146BE,member,5.0568333333333335
A2712700B5289585,member,3.1950166666666666
D234A25EA7DEA2AE,member,3.3045
E6C3F24E787791C0,member,8.259333333333334
418CC3EC1C8394BC,member,28.08938333333333
640E988D71C3B980,casual,9.958233333333334
34CDA914E64C4AE6,member,3.550183333333333
6BD28D5EF215CF56,member,8.933283333333332
EF4396EA0680A768,member,2.76505
ACC5CE07BFCFD5B3,casual,18.580166666666667
F2D66EB7FF5F6D8B,casual,5.9988166666666665
0F73DF5C935E9563,member,1.308266666666667
E85FB83625463713,casual,8.974483333333334
1AC1FB4FAF0F9477,casual,29.184483333333333
2E71976B6347874C,member,6.217133333333334
5F910FACCAB2A248,member,21.271916666666662
CFE4BC12D3D5FB24,member,10.762
DB85C00C8533FFB8,member,10.820483333333334
0541E85BB516136F,casual,7.242999999999999
EC20C27B1AE9D8E3,member,6.955166666666667
03066A0D69C52CB9,member,11.037016666666666
E881A668FC0EC1B2,member,9.96415
CA1026E5FB6F1D27,casual,8.672266666666667
A53BE674E26656B1,member,4.717333333333333
3A76F255F5E27F60,member,2.4374666666666664
43D1791E443B4312,member,34.19655
915356AAFFC9683C,casual,24.058283333333332
65ABEA7F3CC196E9,member,4.27965
73D82C44F69E8924,member,36.6784
8DF63736F0AB0EB7,casual,130.4734
60BB8D510BD3A74D,member,7.274966666666667
CB675B6153B180A6,member,10.11665
32EECB4ADAE4D802,casual,10.879
9F3C9954508882A8,member,10.00825
C5BDE586F57053E8,member,4.3575
3F39E9E6BD5EEC39,member,12.268883333333331
1FAE02745289AF17,casual,81.61945
0F285C6D20D425F5,member,14.41115
D42FF203F1AA76A2,casual,10.732516666666667
218C79138E3302C5,member,9.184266666666668
FFBAA815C059CEA7,member,1.1415
7D8F03ECF188EDC2,casual,16.734966666666665
480FBC9A5B219574,casual,4.8269166666666665
5B00184C1D2F26CA,member,11.90255
9B71AA085B52848A,member,35.930733333333336
FF8FD98450646545,casual,23.47785
3D9B491400342EFB,member,3.18355
341260650E76B75F,casual,18.81285
88653507F6B0B793,casual,10.216333333333331
639F345A566A7AA8,member,8.275
B54FA461739F6672,member,10.229716666666668
76F737913F3F7109,member,45.344366666666666
6E8CA09BB385BC0B,member,2.47265
64762058BE7C7636,member,10.549133333333334
8B5642C11F46ADA8,casual,23.4098
480ADE3FFAA4342A,casual,8.048083333333333
FA5B06F1095D32FA,member,19.509400000000003
806772BE60DA15A0,member,10.665383333333333
5F7BF47224234B27,member,2.83915
BE4E3732B422F880,member,3.97035
C7D070AF92EF4BCD,member,40.09856666666667
B081FD64982F352A,member,15.934666666666669
E85A174814E9955D,member,7.208716666666667
0671BE957DF8E065,member,104.16801666666667
D18AB4855D691124,casual,12.871933333333336
EEB12CDC8822E5B4,casual,12.669516666666668
B1C52A8DD4226918,member,15.8548
9E6DAD5451C54DD5,member,12.301383333333332
6DE1001B73CEFFD0,member,5.667966666666667
7B509BB7A83AA0EF,member,12.6116
6CD5CF8E14D80CEF,member,18.44725
999398C4E497CF4D,member,21.2216
82B90E8510C38DC6,member,13.295883333333334
3567336C033F59FB,member,8.219733333333334
63E8DAA7FEF2799C,member,8.378533333333333
49EB20ED9FDC25DD,member,66.28361666666666
B7F15FEE0678532A,member,18.343833333333336
77AC1F97C7E50536,member,2.642416666666666
B31492123848F20A,casual,6.626416666666667
AB7AB0A37AEAA7A5,member,1.9415
BFFDEA76F63D42BC,casual,16.230016666666668
F71A7EF8D31B9A9C,member,1.3564666666666667
37DDB4EAC9C86AE9,member,8.6489
F249676A125A0CDA,member,8.599616666666666
03120F193B61EDC8,casual,34.94983333333333
57E9AD8AC78FC974,member,13.624116666666668
5F13A8354C7969B6,member,9.43145
A939D4754748A347,casual,16.758766666666666
5BB69A4B64C668A3,member,8.37975
B70F1FB1720BB808,member,1.99145
3B5EC4DAEC335E7A,member,16.728766666666665
45FFA97E159D0FCF,member,2.5135333333333336
A7511D0803C3B7B8,member,5.442166666666666
94861E4049CCAE56,casual,7.636883333333333
8A5A9544E4E5287D,member,6.5056666666666665
DEE3F9B156A3EB3B,member,5.4439
D6A5574FDDD4C61D,casual,24.032300000000003
09DFF5C0D7312472,member,12.035783333333336
B0441A7163649774,member,18.846666666666668
09CA48235E81EAE2,member,7.745533333333333
C0B68C35893FE861,member,9.262016666666666
E177B97427E32B85,member,12.811716666666666
F21DD311171997F7,member,11.244983333333332
70730288784F5DB6,member,25.2773
68D02B2F775BB33C,member,10.979116666666666
EDE061F5C51D93A5,casual,18.080050000000004
3A4F91B2B1933ABF,casual,9.943383333333331
FFEBEA87C577671C,member,11.11635
E120F05B064EAB81,member,11.620433333333333
BC065E987F7A4293,member,21.181033333333332
42EAE83389FDAB8B,casual,13.638916666666669
3503125BCC3AA361,member,3.4964166666666667
AC41E03A32A57784,casual,5.486083333333334
444564D9A800BF25,member,25.415916666666664
13A5806CD2C2C645,member,8.300216666666666
84538D44D9B4C182,member,12.583333333333334
8175F10C39669283,member,37.98445
7FD522507973DE73,member,3.417933333333333
25547CEA17B72102,member,8.038316666666667
E756E452FA3AECCD,member,3.22815
1AD08FEF9C553B7F,member,3.764733333333333
0E5027D143F783B1,member,10.23445
486B865B92B95D70,casual,6.447900000000001
B37D256EEAFDCC82,casual,16.34415
6F42E66BCCB9AE37,member,3.52745
F5DDC48273D31AFA,member,12.651766666666669
8C9A773471BAC13A,member,6.0244333333333335
E64DB35C66FED404,casual,12.939683333333331
FF4E961E7FDF033D,member,12.3899
C778B89DAF81AE78,member,13.847516666666667
6B27FD407AFF45D6,member,25.26055
9FF867BE9FC25FD7,member,7.8564
0D0F95AFE442A678,member,8.8625
D4A337679AB4A567,member,26.20921666666667
D306F144B7499A80,member,9.871516666666668
F672A06A8CDC9AB9,member,16.208483333333334
42BD703D64A014C0,member,23.6624
0307A13608A74798,member,46.928250000000006
5F7A1499D9524E7F,member,9.394683333333337
EFA18403165BDED8,member,5.603283333333334
980FE19EB3FF65E3,member,10.640216666666667
13BDDDFBD69A3A3D,member,2.6027666666666667
80019511A0FB7051,member,8.82825
792BFA49E2D01C5F,member,8.208683333333333
AD4612DB45B444BD,member,10.0973
781ADBDF24F2BD06,casual,54.83225
723909529D66DFCF,casual,8.185133333333333
399B5D5417C6146E,member,82.1784
1F15D119F60FED81,member,5.693966666666666
B8D3BFFAB5073EB3,casual,36.19456666666667
56AB560F7846DE54,casual,9.524916666666666
D87EE42E7E55726A,casual,13.194083333333332
955F02ED092867F4,member,6.0719666666666665
7EBE82A3705002AE,member,16.982633333333332
165828E11972C10F,member,1.2572
69DC589904195284,member,14.745566666666669
A3A6EE435851FADA,member,4.3997166666666665
6AB7C3134EE5FAFE,casual,25.0066
46FBD27C297ACBF2,member,5.202733333333333
7DC3F509CA5FF47D,casual,21.50375
6637DD98F4E83FB5,member,7.648783333333333
EC01034DF1D1F43F,member,18.323183333333336
3606318185DFC648,member,2.083083333333333
24E3D25229E68EE0,member,8.235850000000001
7E03666261A7C3E1,member,4.4821333333333335
87A6E29D4D4EC309,member,4.348616666666667
909FFFB2DF3895C2,casual,11.056483333333334
7D31ADADD7150AB4,member,40.69833333333334
0971DF5DB0185DD4,member,11.99475
D1D430BAFA8CC25B,member,35.55416666666667
66A0619C460D8157,member,7.971016666666667
47383A13576E165B,member,5.428816666666666
46A9F52351BEED9C,member,2.2299833333333337
4FD82A51306B7FF4,casual,18.117466666666665
6E4ED94FCCC4844B,casual,10.026016666666669
5362C83C78B07D79,member,7.54755
5F517A1935F889B6,member,13.674183333333334
0D6E34F6BA6CDF0D,member,10.156533333333334
10B693083709D60E,member,7.184566666666667
2DB3423D25B52999,casual,6.581133333333333
66FC546063BAC22F,member,27.60965
4B1BDFC3D459174C,member,14.6288
5955FD0B1B2C44F2,member,10.653933333333333
55058D3C146138AB,member,7.017
5C5A740298406D7D,member,20.05483333333333
747997454114553A,member,3.59585
FB36813C46C361E7,casual,25.44228333333333
93A2FD98EFE007C4,casual,63.83298333333333
C192AF9E26E8B280,member,2.1691166666666666
65AD233F7579E302,casual,12.804983333333332
F88CFBB1E251A639,member,3.280466666666667
46A7CF582F900019,member,5.730316666666667
62340149E77410BC,member,35.17356666666667
CCBC078427C46845,member,27.3535
2E399B171E0E5872,casual,25.52315
F1317F5AF08AF7EE,casual,3.086966666666666
91C3F4A18A94B9CB,casual,16.3028
3FDE29E1944093A7,member,4.724183333333333
F6454CCF0B88A24A,member,16.46878333333333
94FBB15C8A86B3C9,member,7.4572
66AFD88EE3757B32,member,6.2547500000000005
FF745ADBE476D23A,member,36.73471666666667
F088EEF7CA76506F,member,2.9714666666666667
05A50387F1AF81ED,casual,6.055916666666667
CCC60C01BA91F22B,member,9.761916666666668
C9B750CAF883203E,casual,41.84911666666667
9D231874176FF188,member,12.847083333333334
DAD0A6049568C089,member,3.6215
12DAF0DFD63A70B5,casual,31.9776
4EF4ABCA4214EFEE,member,45.59235
E9E461C88F3A2048,casual,8.632016666666667
DDAA1F785BAAFF28,member,3.2225
CD404F0343AD13E9,member,8.602216666666667
DC2BED169FA030B4,member,2.8445166666666664
88C6B6FC6B6F6C62,casual,31.679166666666667
97F3EDFA524CB7EA,member,16.937066666666666
2C75752D60601EF6,member,13.038
B54DFB04817C225B,casual,18.8898
898919795BDBB6FA,member,3.203933333333333
825858C660BD5F7B,member,2.125033333333333
803F11D0F83657BF,member,15.5203
D32FDC83247BB8B6,member,11.072966666666668
0FDECA2E5837E545,member,2.590183333333333
4BA0CA5BB072AB40,member,28.830033333333333
D045AAC14C6BEEDB,member,6.10025
284EFEB57BF4E0AE,casual,24.77775
31E1CB39608BD9ED,member,3.672433333333333
D86BB69E6B215E9B,member,17.787183333333335
25631117F49410EE,casual,106.7813
2A11FC0DBC606EE0,casual,20.37005
DBB4D9BF9155EEAC,casual,4.584666666666666
FC95A85058EE3B6A,casual,8.292883333333332
4DDC12BEC36B4CA6,member,1.89375
1369579F5FE81448,member,13.282766666666667
FFFDE75D58AEDDC1,member,13.590333333333332
4AD838DDFC9B6C0D,member,4.686233333333333
134704BBF80A7CC7,member,3.45095
49188F2791A4A56A,member,3.9491666666666654
E61D06FE1A1B3AD8,member,9.080016666666667
F1E27B884F051146,member,3.0505166666666668
525525F2E91F3EE3,member,5.598166666666667
821E408CBCB60DAC,member,4.857483333333334
3E18A96B0D3F8D1A,member,3.715833333333333
9B0C52F7BAE282D2,member,5.55645
5E0091A4C2AEEB64,member,10.10665
3F636934F8E23177,member,4.644616666666667
25A48675E0B59BAB,member,41.27923333333333
DC91BB1D863F4285,casual,3.085266666666667
7E12D8212ED480B7,casual,29.256933333333333
41C289EEEC4AEBC7,casual,30.335083333333333
7F594B705CE19DF3,casual,1.2132166666666668
73ADF60A67D35107,member,5.969083333333333
508799C29C8AF111,casual,13.683766666666664
6DD3DBCC12A04D91,member,7.864933333333334
573E6CC253495F17,member,5.44855
22E47CD19BB13938,casual,10.162316666666667
3041E7154F523A7E,member,5.170283333333333
3062AEB1547C87E0,casual,11.2823
430F4922B6B0DD87,casual,4.649133333333333
589A19FBE49F3CA1,member,8.277283333333333
499BA9C8F4C536D6,member,9.79005
F9A0071E853B416C,casual,32.53873333333333
077376C18C211577,member,24.38295
44DE3A9BFEF7BBA2,member,69.21266666666666
9D8799214957C1F0,member,13.296666666666663
1C4A669795F4B8F0,member,8.74345
C78FFD0218B30A00,member,6.894266666666667
5DC9E3537532C3CB,member,57.33298333333333
869A8A9FB47DB9E8,member,5.183766666666667
B0C9D27F460A8808,member,6.2349
FFE8048E44E8F934,casual,10.563516666666668
66CC896795F72BE4,member,2.1884333333333337
0F12C6F2D1F66090,member,6.494183333333334
DBC662F7F90C3631,member,10.76335
4655EF9B8A706DDC,casual,13.2944
2DDCE628656659FD,member,41.58566666666666
C9BE4CDC66BD07E2,member,6.375583333333334
4FA8EBF55DC4FCE7,member,4.332783333333333
7A15A027F195EFBB,member,25.11143333333333
12B76099F951C845,member,59.36986666666667
DAA2BE14175710E2,casual,18.65715
DD85603919AE81F8,member,21.283966666666668
A6F6DDE6B6E61EC3,member,20.2416
C52350E007727A80,casual,9.707683333333334
E22F33562236059C,member,18.290650000000003
D4D004BA53BEE75E,member,12.5552
D927478E9020A418,member,9.29215
A782005C856F731F,member,3.108616666666667
EF460C009C6BB222,member,10.213383333333333
5FF5E9B9F675D50D,member,16.957583333333336
9EB82FBDE2A91409,member,28.098133333333333
B640A3F5F82EE70B,casual,11.261666666666668
439900D0DE3CF97C,member,4.458866666666666
8C4CF83A05864C1F,member,43.69251666666666
F0958C83778E4ED0,member,9.464883333333336
CEA79B09B86F929C,member,13.0674
BE3A4F56D528E78E,casual,19.819466666666663
5C7841053121079A,casual,11.668133333333332
4F2231FF2A6341E7,member,15.545933333333332
996D869298D14D82,member,7.512433333333333
41652B03E28D79E3,casual,24.095866666666662
6C9CD099C12F887F,member,8.06845
64955E702C909882,member,41.9638
8DDA0AB0DEC082F8,member,37.3092
7E1599CE691D5F38,member,14.244616666666667
F444FF0F211DADC6,member,6.435133333333334
C900B4D64DC5E5E8,member,8.712583333333333
02CA22C6ADDDF90B,member,27.43158333333333
9D2538DB6BFB75EC,member,4.71115
68EC50C1788C8974,casual,13.178916666666668
ED0501EE6E270A03,member,13.06945
2563FE85BB0E36BD,member,3.908433333333333
9F0D0126D5E05CA1,member,5.073416666666666
952EB96F6C649443,member,5.46675
4E92A88FBE4B7924,member,4.764166666666667
921581B2A74CE732,casual,44.00386666666667
06A6E2D715E8C472,casual,4.870066666666667
64F0923941AFC16B,casual,5.545866666666667
03AF7A2740B3D5ED,casual,5.904516666666667
74115D1AE5E0F23E,member,8.944316666666667
468F69AEF0568E12,member,2.492233333333333
62035F42549A318C,casual,4.974516666666667
69971C0999D92712,member,9.4515
9B30ADBEED643536,casual,21.783866666666665
DE78701332AA4F16,casual,47.57781666666666
16ED5A2DC7358475,member,9.3224
2370F6EFC22E811C,member,3.1079166666666667
1A65BBB0D93FB776,member,18.31265
6223E2FD869B0DDD,casual,11.029866666666669
331195D25FE22811,member,5.524866666666667
6CC20EB7E8340243,member,13.897083333333336
9ECC64340E8914ED,member,13.965716666666667
7E94A686151C1516,casual,33.832683333333335
564A9C82628A7464,member,9.78195
77EB6ED13BC352EE,member,6.94685
BA42C175D3E57E5C,member,24.355866666666667
38F169E88F3F08AA,member,10.135366666666666
94833CDB684C0157,member,4.185983333333334
308E257B1A38807B,member,29.316566666666667
30E820110F52F9BB,casual,21.02368333333333
D03CD98FAA2ACA19,member,19.67461666666667
AE9ABB876A278F21,member,17.761433333333333
D26697AFBC1028FF,member,14.746383333333334
C5598163E8858669,member,4.557016666666667
0430FA1D7F72ABDE,member,8.50565
9A78EC4F2CFE2B05,casual,25.46748333333333
62910317E45F3FAF,member,19.71668333333333
93BB54607AA2C53A,member,11.849283333333334
AAF6CAD1DE07E3DB,member,5.751816666666667
A3D712E78341BC5D,member,2.6062833333333333
5648C2D338D1E068,member,10.7418
55576F77C61A95A7,member,5.102666666666667
C0C9A4F87A453427,casual,2.2943333333333333
124A2675B21E63DB,member,14.833049999999998
E2414C2FCF3FE9C8,member,11.218383333333332
1FE92F22C27ADFA7,member,9.55355
593E5B0B5D8E7A30,member,5.525033333333334
AFA26CB9A943C79C,casual,13.05365
E926865016696567,member,5.726249999999999
4C19AEBAD70F664C,member,2.5039666666666665
8FF3C6EA862CAAEE,member,13.596983333333332
3BEAD2985AB739C4,member,20.56198333333333
325478AC9E1CA93B,member,3.485783333333333
0B638A579A1C6EA3,casual,39.59235
5E86AB141AA36DEE,member,2.702433333333333
8C84F643DD656A12,member,5.185416666666667
B9EC91EFB585C075,casual,11.570916666666667
305D4D898DF8B78E,member,10.882083333333332
2B00C1EEFC36FCB6,member,3.0703
6CFEDFBDFC56B8CB,member,11.946633333333333
9BCC83FB4E10DBE3,member,27.117183333333333
AF4CFCEB49D5797D,member,5.958933333333333
526356BE7810F2E7,casual,6.997533333333333
8B77D7BE20338462,member,26.42995
CE82D5A97C36B087,member,21.001683333333336
B32F72E8A3E84CF5,member,3.9959166666666666
76D29FA12E6F820B,casual,2.5149166666666667
FF0615740AF97101,member,28.21558333333333
37E1F72718F8AF2A,member,6.747416666666667
F475856B92BA5662,member,3.62225
F0B869256CECB065,member,4.4142166666666665
1CF4126A841D9042,member,4.0477
7D68C7F5BE6971CA,casual,13.834616666666667
428878437AE884C7,member,2.7475
56D74392C0923C43,member,2.5045333333333333
380DA7F1FFEB4E8A,member,5.0912
88FDDFFAD12A01AE,casual,8.226216666666666
176F3D8FB3DC2B60,casual,27.928833333333333
7A7ACC05C5EE280C,member,7.89995
0D12F2FC3E1E250E,member,7.214283333333333
6DF8132CDB7A6852,member,1.5833666666666666
3006F87456ED5E84,member,15.700533333333334
58EA96CFEAD782D0,member,17.253933333333336
8065F8216BE86B76,member,25.402466666666665
A8060499A7E00C7F,casual,35.62365
F2DCF7D49A1E51BC,member,21.10118333333333
39CBCB422C038AD3,member,1.32285
2053C3540F45DC52,member,5.061133333333333
32C00CC861A42777,member,31.235883333333334
9A606FA79505CB32,member,5.641900000000001
23308D3C8EF41E87,member,5.0955
CA7DA29586E99954,member,13.984583333333337
E8F42E89A763EC0D,casual,27.6272
EE6E07AE0ABB9038,member,32.69155
73D53B8AD019CA7D,member,3.667783333333333
5A94FC9BC8F02AB6,member,6.2212
639BEF4DAD0E2150,casual,12.072566666666669
4A316D32D0BBBDBE,member,11.568783333333332
9A2A0A72A40BC0FF,member,10.730933333333333
8C81AE34589238B6,member,14.224933333333333
7A7AA831A32BE23C,member,41.81633333333333
F6C41E44B98C40C3,member,4.4297
E8785AE706BFDD75,member,7.114583333333333
DA2C5FC92418F78F,member,16.3563
997778764887C746,casual,7.648116666666667
3BE130B5F8C367A8,casual,41.11773333333333
772218B53889D9A0,member,24.4462
B75B66078C9AB03D,casual,22.262716666666662
2C7643AC87CA3389,member,4.180616666666666
3AB9FF10B20140D1,member,12.815716666666669
FD411063F22A931C,member,10.829183333333331
6F9647C4B7707F81,member,25.257150000000003
14D2A50481A93257,member,28.899316666666667
7D5DC2CB4529B0C7,member,10.91555
8902A060C12AE157,casual,31.23278333333333
F2D1BF0D01A5B9E1,casual,9.55185
A84D1259024681B7,member,20.787983333333333
D5D655C513041D79,member,16.617716666666666
A71736C30F373FF5,member,32.327666666666666
70CDA50F36E79F77,member,13.110816666666668
22A57ACA40976D47,casual,14.579083333333331
3DABD4357BFA15C8,member,24.99413333333333
732286A85BC3AD5C,member,5.072766666666666
7A3CF41E0B36410E,member,10.816966666666668
B0EC586D4DBD11C7,member,2.69555
95D301D1A071C49E,member,13.480766666666666
782B70292CA8618B,member,2.974
D79A3B0035F990EB,member,16.6166
C5BECA96CF1B9988,member,9.8157
0D5C0260040854F3,casual,11.988766666666669
B9743E3EF2D77576,member,6.582416666666666
F3204D7F33D401B5,member,18.29436666666667
F295BDDCFC96CD6B,casual,35.18136666666667
9CF465B998A45451,member,4.381150000000001
D57DD4CDC7448DB8,casual,26.405266666666662
FE078C216196D918,member,2.245033333333333
59C6E63269371489,member,5.139566666666667
E05CF68A3B4A0EA0,member,26.436416666666663
47361B0ADDF6D81D,casual,14.064966666666669
784796169C5EA63B,member,2.8273
C76C42118A77E0B4,casual,6.266233333333333
0885002452837986,member,9.680733333333334
95F44CCFC2D358EA,member,19.24816666666667
4B762628B14F264A,member,10.725633333333333
4003DDE6A909B420,member,1.4879666666666669
8DFB9021B58FF071,member,9.954016666666666
D23A5FFD5E333584,casual,10.418383333333333
31A38D2D832981AB,member,6.31695
EB7169A412ADCB8F,member,22.282733333333333
E250836EA6C2EBC1,member,23.64155
ED0B6BEE6B996667,member,8.975150000000001
7809774E006C9AF9,member,7.666616666666667
5DE688CF23AC9E37,member,8.221116666666667
9AB557F13B6C63EA,member,28.30848333333333
05C95B0B868AC959,member,8.500283333333334
9FCC1E05F4DF2F1A,member,6.685766666666667
7A987582B0F61142,member,8.05275
05263619B6FD4591,member,9.8076
FDC80200E18A4603,member,6.63775
BF3ACC6550CF499B,casual,14.917783333333334
D3CD392619BE9C83,member,20.9378
46D5B8CCADD5A5D2,member,5.176316666666667
BE6DE9996E16F1CD,member,7.58285
7DFD206353460A35,member,5.932149999999999
B9FAC23DDC85A6C5,casual,4.0110166666666665
38E47038E800C501,member,10.3412
A3BC270280201357,member,12.332933333333331
24E149119D3C3803,member,5.6152
4F05C8A74DB5B726,member,16.277383333333333
F333321FAE3CAEE1,member,17.706033333333334
7569D07F7BA6B493,member,2.5775
E07D0D24FFAF915E,member,4.181233333333333
8D4030FDB134CF87,casual,18.24295
B2CB69AC013118D0,casual,16.117383333333333
216AFF5C03A98DEA,member,5.290066666666666
95C3D0ABA62EA8D7,member,15.9845
2234008C4F3B26C2,member,6.851833333333333
6225FB179C2781CD,member,24.5419
5C24A5F843051259,member,11.497000000000002
52F38AB895A84D77,member,9.677033333333332
F520EB8295A1D5B3,member,39.24921666666667
E15EDC9D7E52D6D6,member,1.638016666666667
D2015A4DD324A374,member,12.7959
1CEF656BEFC51608,casual,18.63733333333333
0D5C453316533EAB,member,3.637533333333333
7ECCB2C5A29202E5,member,17.709666666666667
A430F5777FDA21EA,casual,7.58745
34170C4627367CE3,casual,13.87555
D999828925481CF0,casual,27.337416666666662
0106101E601D5D40,member,12.259933333333333
9875DEB6BB0FA8A8,casual,70.47871666666667
FF2E8AB9015F8DAE,member,13.794466666666668
89D54BAF479A416C,casual,19.575883333333334
5AFD693B3328ECF2,member,29.8328
7DECFE46CB79D26B,casual,7.495266666666667
0301760B53B8C697,casual,21.44878333333333
4537767120B33C84,member,12.346733333333331
5DE404E61FFAE97C,member,6.2979
6D4543F7F6CD455A,member,6.0913
E29CC0279898AE31,member,16.24795
C8C705A97ED42642,casual,6.693416666666667
2EA4B62D5A932755,member,40.14149999999999
98C54F77BF05BF4A,casual,20.589116666666666
A9BFA4C35E4E45A5,member,8.523716666666667
B65AA43D6C7F9BD1,member,23.78453333333333
11724A0A26D0AEA6,casual,9.77275
8447A0DA8A471B3B,member,6.826066666666667
4D3C5F5D2F53CBDA,member,41.20543333333333
40C5636301B91B40,member,9.45475
EE79E490862AE6D8,member,13.699316666666666
BF4CB454F03A3D4A,casual,22.803266666666666
0E2DE9F5DB7C069C,member,5.356383333333333
6649A36E9CFBB1DF,member,18.598233333333333
B34DD73E4EF9FC46,casual,27.387
6AD171C302FEB9EB,member,8.067733333333333
84EF10540C2489F3,member,6.548216666666666
C8CB5794D65252FA,member,5.17115
BC4C61F54170E78C,casual,17.496983333333333
F99BFD28AD78DD7A,casual,7.539583333333334
F582A01E639F4817,member,79.42675
B7D3F8F216725B40,member,5.9699333333333335
AEEA0FC88083E04C,member,10.639783333333332
CC59793395B6CBD6,casual,18.5585
53030B0EB16D26F7,member,6.31255
0054A5B052A93409,member,4.911333333333333
D175F5C21EB3837D,member,26.1887
FA7873B60BE6DEAC,member,19.1658
D9B5ACE68000EA0B,casual,15.410316666666668
F6C2C988F9766119,member,16.928833333333333
9F703E51CCA45F84,member,2.3367666666666667
60C8CC0158005B72,member,30.34498333333333
7881A5B9B8102AAD,casual,8.88985
A4711C2F29DC0078,member,7.394683333333333
6A90E074CE6D2DC4,member,10.7957
CFD46FEA4703E339,member,11.034366666666669
98C5DAB4EA65C64E,casual,3.8830666666666662
0CE0212C110F4B3F,member,18.06661666666667
CF842713D87A98FE,member,14.773
91AE6FB74309F93F,member,16.556216666666668
491DCC71F25F5EFF,member,3.09455
84BD0BF53ED804EC,member,7.7833
643E941A46050313,member,37.3477
10F5FF86BF1E9742,member,8.732
84E579C7E3AC5202,member,6.211533333333334
CDB8299A5FA0B77C,member,16.078183333333335
9BEA677392BF7174,casual,6.711433333333333
81219C3AA5CC1D98,member,25.0791
C13BBC44F1284C66,member,3.9808666666666666
7798CFF099F6482F,casual,8.602566666666666
9C1A1E100F4D5921,casual,45.6409
AB9092275B6D2AA1,casual,15.0417
5828B4862912BA63,member,5.2599833333333335
4D8DD5DFDF008CB7,casual,8.16025
454354E863D4EA3B,member,8.950916666666666
8F888DF09BC0B71E,member,18.145566666666664
011A49948FB4D752,member,3.109933333333333
AB394E379DFAE8F0,member,35.985816666666665
2D08AC50CF2134F0,member,8.201316666666667
F3BAAFE40F7FE1E4,member,12.965366666666666
D1F0F990E0463DC4,casual,7.516083333333333
B92F0C29E6AB6722,member,27.062866666666665
27837921BB0A60C5,member,30.3588
83B09BB5BE077888,member,14.41385
808C45CB9A83897D,member,19.827416666666668
4A174B19E49CB25F,casual,71.09533333333334
E558C9755C5F7927,member,4.169583333333334
2726FF5CD0490CD5,casual,2.118383333333333
B26769C23506F2EC,member,3.786083333333333
3DFFB8B351F36F0A,casual,15.503966666666669
BC7EB2545C20EF87,casual,7.470016666666667
D441A98886E1EE6D,member,2.39235
F476A946B0B5C435,casual,12.85085
9FB5AA7560F1A38D,member,3.6531
149B70D3B8E73435,member,15.063316666666667
813FB8330C037FAA,member,6.898583333333334
B757494443E975EA,member,8.6591
A0197B4692A98895,member,8.2351
30D0AF146D2D90BD,member,13.16215
861BD111F9F20F29,member,2.23805
A50FF39BD85A8C47,member,11.398016666666669
17B07079C9D84EDA,casual,1.6583
7A35A4CE3C334D14,member,10.67095
4846102F6C01E0E4,member,42.82495
2C5B8E03223FFF69,casual,9.167833333333334
2CFBABBA896393FD,member,8.622866666666665
FBE139C621532442,casual,27.67098333333333
8CDF26E430505FD8,member,22.48228333333333
B4634EE90628C126,member,3.3261166666666666
8787F36AD16C7EC0,member,19.553383333333333
349709AB024249C9,member,3.5395
C4973DFA37D103A7,member,9.948833333333331
39B489B552846F20,member,6.748433333333334
92B854B4B7028EBB,casual,2.0089833333333336
F897899868236CA6,member,7.247316666666666
0EEB23B3710A18A5,member,16.47845
63BB07781CCD23A9,member,8.672633333333332
178AB03C7ACD1E7D,member,16.505566666666667
34D69E51A05EAE4B,casual,26.46058333333333
B417A6DD7FC4695D,member,6.041333333333333
5D0FD3872C18C650,casual,9.511733333333332
7E5B1D589F0794B8,casual,14.74075
852CCA86EB25DFFD,member,33.05083333333333
A99AD3A8FEC4A33C,member,4.2850166666666665
ADCF748EDB1B2F16,member,21.467233333333336
B81E047E75E884FA,casual,13.1769
5CDDA929DD24E591,casual,26.47236666666667
A02E6B7CA3944908,member,2.29385
E5F98766F22D4E3D,member,6.902516666666667
A2F55E62D6501829,member,14.3929
00DC52EFC5553737,casual,23.221216666666667
A52F6C5808BF9411,casual,27.5064
956C59E300570F4F,member,6.89935
071FE70DDC92B65E,member,9.960166666666668
00A737067C549196,casual,4.702816666666666
16B0E1C228885024,casual,23.547766666666668
97F3AFF960351314,member,9.19115
D093D6A67DEBC562,member,6.0212666666666665
06D5E4D891837029,member,6.6659
607BB9227AC0C7A8,member,8.3485
8D3131A898681155,member,7.484800000000001
EE304E4760E51897,member,22.269766666666666
42AA2567853F8CE8,casual,10.085933333333331
7BFE66DFCF97CBB4,casual,62.08091666666667
C6F8CA0B8132865A,member,22.6554
FA146465C89628E3,member,4.062483333333334
6E646CCD7352F99C,casual,98.71978333333333
2A51DF84F65DC3A2,member,6.2218333333333335
D0A17BD5E53BF0EB,casual,18.347666666666665
25877548CCA065C8,casual,11.36405
1347140E5868D6FE,member,4.923783333333334
9DC9471AE63EA3CC,member,6.665983333333333
FDA8E8C7175A8A4C,member,3.7148
92E84FE2A6306447,member,11.631566666666666
402DE529263C2DF1,member,18.871866666666666
63579E6825DD1849,member,6.12335
79A4D5018AD2DAD1,member,6.20005
804E31B41BC0C659,member,7.44635
03B968C65E4B4714,member,9.02515
682FEE36FCFCE126,member,7.95685
C75CAF470EA5C09C,member,2.7885
4088984EEFBCD383,member,4.6654333333333335
DB5D8A03652EE3B2,casual,11.494433333333337
29CDCFAE4677717E,member,17.586716666666668
F22881C5290EDFDD,member,8.546933333333333
7B90B62479AC7B30,member,15.988733333333332
E92FC52489160F7E,casual,21.602933333333333
07CEF4E955EC5981,casual,7.279116666666667
9D7D43B84704E550,member,2.6443833333333333
E01BC1BA3957A292,member,2.71905
6B3BC14E95E80FC4,member,9.820116666666667
330196BDCE96FA53,member,10.44335
B7CF9730996F586B,member,6.408366666666667
4451D6F6353AACC6,member,1.9040833333333331
C486B45A007132E0,member,9.9597
341CDA71A145D1C4,member,3.86755
1C3F8B420EA2A69D,casual,29.758133333333333
684322440ED2417F,member,12.720483333333334
671EA798221B8F36,member,3.6388
9CDC7583E2A92688,casual,15.341633333333334
6EA2C3E6E6E04662,member,6.8407
C7EC29A3A38B1CC6,member,6.326099999999999
4E777A6D1F3E76F4,member,9.473066666666666
D11EAD14B5B3B28D,member,21.00041666666667
4012D486DE392D78,member,26.67598333333333
AC4999BE9BDC9944,member,6.025016666666667
3DCB1CF5D181662D,member,19.38395
F08150A52CA8B58F,member,5.362633333333333
98C9C8F19391F688,member,18.0708
AFDF341D9B235117,member,36.65641666666667
2EA706AE3CF63FF9,member,1.1238833333333331
506C069E7CA2527F,member,33.361916666666666
4E90A077392CEC40,member,15.15115
2171AA55F7DACE6D,member,7.383016666666666
D2368A451C8075D1,member,11.584516666666667
59A45E934E9AB0ED,member,21.09688333333333
692F0107A83ED55A,member,29.998066666666663
853CABE5FDAA7200,member,13.998866666666666
3D72770997840712,casual,29.477966666666667
5EE41232DD280F55,member,7.192333333333334
E821DB5224BC190A,member,6.136083333333334
31CDB28121E14896,member,4.556133333333333
6520B7E145EF031D,member,3.23345
2B150061AD6DECE9,member,18.807233333333333
9E4E6FBF0558A18D,casual,35.505716666666665
2FDC2014BF19BFC8,member,8.733966666666667
D204B217AB74DCF7,member,3.897066666666667
6F6B312F20600DA9,member,8.469916666666666
CA9FFF3DE1EA6176,member,3.1822
663A3260905CD489,member,8.835749999999999
8A61E358A1D424BC,member,4.14825
89152A9817563BAE,member,2.182466666666667
6FE694A44165FD8E,member,8.691583333333334
415609A2CCE1052E,member,14.676366666666668
598F26C3DDE7FAA3,casual,12.350783333333334
721A0B7E3CD4F4C0,member,4.1658
1B04056262780757,member,2.97665
26E954371F03C51A,member,11.791383333333332
6B6EDB06342E86F5,casual,36.26778333333333
7E8C2D5353621A26,member,48.83043333333333
1EE5152DF065A5E4,member,1.9638
52643D04AB83E083,casual,13.1985
D049E3E374296063,member,3.096766666666667
17AB3CA22BE89C17,casual,7.432116666666667
FD5DB15C29DB1536,member,7.993849999999999
24B241D40C65BF9B,casual,57.10041666666667
09D877EEC2AEB750,member,13.446933333333334
1E8F101053B88754,member,23.687366666666662
F934FE52636B4D6D,member,22.112266666666667
68B541B69F08B089,member,18.93841666666667
BE670EFD32150E89,member,10.5355
239656172631B961,member,23.875816666666665
1FAEC87EF7186D93,member,7.3793
F08EAE0F4C898AD5,member,18.08395
499FBE8E24ACFA93,member,7.211716666666666
9A0A7AF0D50E85F7,member,3.4367
8AED6F165FB9F115,member,13.600033333333332
957A7C6359045B2F,casual,11.936683333333333
3962CA377482FAED,member,8.612183333333332
4AD8A19C1A16FD68,casual,5.529766666666666
9D65DBB7CD57CC14,member,16.347583333333333
AC7ECD1A22196FEB,member,5.512433333333333
EDF9115E15B93B85,member,1.6234833333333334
B6CFD9668382B16B,member,13.7654
EAC63BCA5A00DFBF,casual,3.0831500000000003
84BDC5C084FA0A2E,casual,19.676916666666667
1487571A660E8FF1,member,39.12555
FD254D6437D0EFD5,casual,4.940516666666666
2B8E1D1CAD348729,member,23.517966666666663
E2242B2F7EC87693,member,11.379566666666667
79FCB3C7660EC7F6,member,18.8087
754962544D4412A8,member,10.53365
6C90F64A1AE0A809,member,12.60585
02ECDACF54585E9F,casual,15.860016666666668
5A2A230B6A732102,member,31.65435
ECB7A81E98A8AC1A,member,1.3185833333333332
B7455C2489684854,member,27.947
5E8BA097DAFB83B9,casual,21.938033333333333
AE76AEA03B9C74F8,member,2.967683333333333
A89AE2A6A52C1393,member,21.921766666666667
C624DFF0C8DE5BD7,member,4.0453833333333336
CD58DFDB3E70D9BF,member,7.842833333333333
020B13A19AA3D45A,member,21.919316666666667
8C52693572D3CF2E,member,7.52235
FFD904862B8535A2,member,11.093366666666666
5CB40C10D89E7CC5,member,12.885383333333332
22D7B6B742B46B76,casual,44.3427
75C9139BDB95D587,member,2.5198
0487A83275886781,member,8.820566666666668
E02F7FDFA0963366,member,7.724316666666667
85B846A6A708053B,casual,5.467266666666666
70B7FE1C55A2404A,member,3.613916666666667
F7F7887AFB2AEB69,member,12.616533333333331
32B6541E8C073EE6,member,21.949716666666667
DFE3EAC0FD733BC4,casual,61.38188333333333
E549C1BBA4139F0E,casual,1.8745333333333327
B07FB171112F47A5,member,2.4584166666666665
51276BDCE653DD36,member,14.4778
0B6CB3F9CA0B331F,member,22.96955
4D1F402D971A37D2,member,2.50265
F4D3A45CF442A414,member,16.381899999999998
7694CE1A2A9A47FC,member,5.99625
59A265AAAB195B50,member,16.761316666666666
D1B288C03E4215DF,casual,10.717
E14FC5017BEA7EF9,member,16.5993
D42F3D3588D45DD0,member,7.042483333333333
4A52C11B84C50FC7,member,9.440483333333331
6AE66F51ACEB6C3A,member,24.6431
3100CB4EB4F52FEB,member,2.41065
A692C7EBA053C773,member,12.177116666666668
A77F34F89E27785E,member,38.63851666666667
617499C744112F26,member,22.6899
FC9462353C995EBD,member,13.0333
52F8BAE868D9018A,casual,8.5185
63339F1BABAFFE06,casual,5.944916666666667
33A5FECEBE48D63B,member,4.765
60FCF3675E029EB1,casual,75.74506666666666
15D0895EE493DC48,member,8.210749999999999
DADA832F75A35427,casual,58.87258333333333
A73D99915FCE0038,member,13.908383333333337
71D678AF8EF6EC5E,member,7.2975
A259733B305D0F6F,member,20.0328
BA99CA062DC96C1C,member,12.82935
C841A59AC2A0C352,member,39.91655
6FF04795B92DC514,member,19.224266666666665
84B7BCAC1DF181E5,member,19.235616666666665
45EEB46959362058,member,4.860616666666667
50E5C052659045D0,member,2.95055
BF816840F07188AA,casual,3.0671833333333334
E0824318824ECA0B,member,8.07345
D80B2D07C7861E84,member,39.02161666666667
51955D0622340F61,casual,15.574766666666669
DB220AB35F6747AA,casual,5.137333333333333
DF32CCE69DA26317,member,14.437216666666666
15D877B67AFD03A5,member,14.313366666666669
C1EBB7AC2A9EB5C2,casual,40.89341666666667
1162F4B2A568EE0D,member,27.4704
C84E528E3073B006,member,14.00815
E603466F1389C21F,member,10.356050000000002
18539006E5B1C646,casual,2.7325166666666667
DBD88D6D5A89442B,member,8.81565
5C0F4F6A27A57422,member,13.0477
72A76F3395792AA1,member,8.694883333333333
3EEC935CEC979C72,member,10.196833333333332
A467D98B795B0068,casual,36.62103333333334
4452B0661467DC17,casual,11.5446
C55AF6B97F5C67BF,member,11.967716666666666
9EE454194E29E200,casual,37.48683333333334
CA12B6B82037E80B,member,16.1281
D5335653C4E0FB97,member,17.351366666666667
409D3F339078A96D,member,11.5405
ACE2F18760B66A67,casual,9.501416666666668
72C8A96D0121E829,member,9.051783333333333
D023DEFF9FA83DBF,casual,15.87915
4E187C586B52EDAD,casual,18.785466666666665
B696E91D6B928725,member,5.42575
AD8222943C8E28C1,casual,24.10673333333333
6D1F9E465A3C004A,member,2.9399
FCDC9EED4CF81E27,member,15.256283333333332
8A13E8507A86388E,member,7.733383333333333
67BA2A7A7EA59B3B,member,17.946883333333336
8BE55DE75F5E3867,member,4.26655
98708E6A95951FDE,member,6.089
AB3422700729E080,member,14.2235
3932A8B4D6FB42BA,member,22.552366666666668
650F3311EE969050,member,16.27695
E4F5A78487DAA656,member,1.9583333333333333
8A957BC16C154C5E,casual,20.5813
7EFD81EDFC4954B7,member,3.358683333333333
3638EA22552E83D9,member,26.2512
51728C4DB8CD0755,member,11.052983333333334
928AF640D66C0A64,member,35.90505
BDD56F7DFE08977B,casual,8.935883333333333
9BA759D5704A723C,member,11.94995
C075592AF994539E,casual,14.526683333333333
A91EA665AF600241,casual,18.58415
ADD9345A3F3BDF7F,member,6.825316666666667
219707050099EB28,member,7.1517
363E0988CBBB9963,member,15.966116666666666
1D38D6FC4377E6BA,member,9.552433333333331
27768BA922006861,member,1.54765
DF0483C9DE1A766B,member,12.519133333333334
566F286D1DF7DB70,casual,33.09035
F30DFC36366AFDEE,member,2.4609
BA0B01B248B59018,member,14.863666666666669
E8F9A27552CC78DD,member,5.167483333333333
BB2384DE13E4438F,member,7.552499999999999
1347869D5D663BB1,member,5.361533333333333
8EAE8E32A7707270,member,8.779850000000001
210C8CC6ACFB7A8D,casual,29.355733333333333
3D1A64C4DCE28C86,member,1.5802333333333332
7E57C55DAE39A734,member,5.037633333333333
2138C878782362E9,member,5.243799999999999
A6D6A6EAD93E5706,member,12.591383333333331
6DCB86A9EA7D07F2,member,2.3131833333333334
1A8766351A328053,member,20.656033333333333
361CA0FF10127343,member,16.62485
712E503AC3BFC4D4,member,32.107366666666664
5DF0CD0690FE81BB,member,8.741000000000001
869426D7DAAA0F45,member,31.99055
5ED8F9D90F20E9A4,member,7.9293
2A18D8EF715E5CB8,member,3.388033333333333
D33217FF5CD10CA5,casual,84.8978
004ED7A5E33FC226,casual,7.645383333333333
6D563E523741CE52,casual,3.391383333333333
8C370A3A0A542098,member,18.6068
AC4D5039071F6DC4,member,4.430816666666667
9EBDF3EA4A127C59,casual,18.5867
DFD18D45B2E9A0DC,member,7.461566666666667
B24DEA30561E4000,member,4.772533333333333
0EA98E5B577F5A3B,member,11.856883333333334
E429A16084F1FD25,member,9.4215
66931CE8798DB147,member,30.107133333333334
D21DEFAF119C7997,member,13.154516666666666
D39FF40FFEE437CD,casual,80.80305
DAE27831ABDE8518,member,39.95901666666667
962AAD032DC988F0,member,5.4593
9B2293C9B15CE339,member,5.547766666666666
390689E082A22BD0,member,9.006283333333332
0AE593356C56968F,member,11.502833333333331
F96EBAD39C0A0F3B,member,17.355816666666666
8D37C17BDFE31C5A,member,73.68833333333333
A8045040F7ED00FB,member,10.8029
EFA3ABD665815F31,member,10.627816666666666
D64AD21E7AF8021B,member,16.63703333333333
CA748B2CCAA7635F,member,7.626666666666667
BAB0D299872836CF,member,51.67335
D2C0F4F91F336A39,member,7.376866666666667
8A20257A48F929D5,casual,12.793116666666666
9AC778720F8EB86F,member,26.61413333333333
709488F9CEDC21AB,member,5.0744
33973947A326C1B1,member,9.9546
2C2F4BC48D41C1A7,member,11.125833333333333
8FDE017701C260B0,member,9.184366666666667
3475A63B276D92C8,member,4.499833333333333
09EADB97E9CB339C,casual,9.840083333333332
249A31FB97F7D76F,casual,14.821083333333332
83E44536D2433AFD,member,5.401416666666666
7CB9BE5378A0CC27,member,11.9988
F2D229741F5FDF08,member,22.789466666666662
3F16A88330347038,member,3.4224166666666664
5C7A2131B823316A,member,19.55985
D4651A796D4ECADF,member,8.20065
7F0B82A785D22DC4,member,9.619416666666666
B5065B0700086D62,casual,21.3502
F158C8C4B79C816C,casual,4.280583333333333
9CADBE82C7255122,casual,6.217783333333333
9DD81D1EF452A249,member,1.3473666666666666
313AF55F99C17E96,casual,25.5879
E0B23F15D7758797,member,16.29745
63015929D06636CA,member,2.4649666666666668
A2AC72B1F00A6458,member,11.967
57C4641A91140FAA,member,1.6121833333333333
7D8943D2860F212C,member,11.8125
F8F11F5328BC7692,member,24.43323333333333
8D26283C218C2A2C,casual,7.061683333333334
677047A584720EDE,casual,20.503
5FE3F97421D53CCE,member,2.8512
C2C3C35B41F19BED,member,11.663533333333334
147BB496A33A48AA,casual,21.82143333333333
5D238AD24269D531,member,1.0951666666666666
218DCF593D2930C1,member,16.9222
99636DDDC17535B7,casual,116.62421666666668
AB09D9CFDEF5CD7E,member,3.2011
BB11868E9388147C,member,7.1738
30AD09EA669B111F,casual,10.636816666666666
5BE1A42830ABCAEA,member,7.75985
5D33476A19690F9C,member,4.49795
CCEC284B7476A202,member,26.4078
99F556F1C7CA2409,member,27.99435
E4D5E42527B90595,member,2.3049833333333334
2EFBF453E9254CB0,casual,10.005633333333332
DF002E00EADC6970,member,7.851966666666667
885036C1E8C2BEFD,member,4.265233333333333
E98839C49A4A65ED,member,24.949066666666667
AD864DE3DABFBD1D,casual,22.61265
68C3457037BBAE4B,casual,12.135983333333334
56976A8D29A38BD1,member,34.56666666666667
3520BEB3FBEBD8B1,member,20.5247
4936B7AE963E255B,member,9.870633333333334
F2EF10ED111C0656,member,2.9239666666666664
EBFB17E125AF1110,member,20.1837
393BED08F92F02B8,casual,65.85026666666667
533E3BE5FD57BF31,member,35.377399999999994
CF1BE2EA9AD95D61,member,12.686083333333332
0737074E992046B8,member,22.744766666666667
887AF606000503A1,member,3.8687166666666655
98F29A7722422E82,member,13.302833333333332
7E050DA33BFECB0E,member,4.6115
0EF63C02A800CF56,member,14.8516
532BB4C604187341,member,5.0626500000000005
29307D530DF4A3A2,member,7.410016666666666
B3CC7857759E0BEB,member,7.37395
70381CE6F5026A6A,member,16.095033333333333
78393CDB28201C07,member,7.887516666666666
9E7E1A3BCEE1763A,member,11.158983333333332
D11124501FF38D9F,member,5.103916666666667
A30F28A635F7B4FF,casual,12.180966666666666
40F4BBD9572670D0,member,1.9045166666666664
857A6D9B0EE382FB,casual,21.40715
818A5A8F30CA7C72,casual,18.042216666666665
5AD47EA827637198,casual,28.30195
FF64342419EE1431,member,12.1064
20B13F177CA00A2C,member,2.2708500000000003
F2FC6AB605DB8152,member,21.665216666666662
A944EC1E444CB27B,member,7.660383333333333
78F75BFF3302C7B2,member,23.41098333333333
E17451A64BB06906,member,3.4795166666666666
1A0DC76E6141F3C4,member,16.430016666666667
747166AF8BAD5C6E,member,20.283566666666665
0EA1CCCD0263B813,member,4.068033333333333
B710A54A94858366,casual,10.200483333333333
665EB0719FB3AA1B,member,4.426366666666667
7AC356AA58F4010E,member,11.251983333333332
42E3337DBDBC18F9,member,10.375483333333332
CDE5DBB3D6FB09B2,member,24.588316666666667
7A2D58CE75351030,member,9.188350000000002
579AA8AE15F78E17,member,19.406416666666665
6C04F113BAE169E5,member,6.3674
5860BE3D0DFCFF81,member,4.7352333333333325
0152B3E6FF59F861,member,36.13165
AF1F21D2FE637B7B,member,3.249316666666666
A773175843B71CBB,member,23.648366666666668
AB18892778050D37,member,4.657416666666666
8C00D7CBE464F457,member,1.9331666666666665
F04C01027CDB6A97,member,8.168816666666666
0FB9C32D931BD3C5,member,7.447666666666667
5FFDF339A90CFEBC,member,4.048916666666667
63D947C3D0C4E697,casual,13.887166666666667
ADAE1F55E346503A,member,8.649666666666667
2BF62CEFF2045143,member,7.399150000000001
9E61EA7013E64CB6,member,14.587483333333331
FF9AF93FE14DA05B,member,8.916333333333334
24D826C719514488,member,6.366650000000001
8825FA4E6E8EFC35,casual,10.169333333333332
38E3CA418EA238A4,member,1.8803166666666664
6BDB9AE303548270,member,14.916833333333331
BE24464C3C15C5EF,member,1.75085
131137A4B5D9AA0C,member,17.841183333333333
9E8C329A737EF278,member,13.810733333333332
3653D85B21DF9FDE,casual,26.087966666666667
27A4E4186EDCE8F0,member,9.667966666666668
D2079364ED78BE68,member,10.5491
2F004279A0E39373,member,13.6978
83AEB9BDADA8D2D5,member,4.5983
63E81AE0A82A2700,member,20.27123333333333
B4F6F62C707E9C03,member,13.395616666666664
EABE1C85E61F3F51,member,5.015666666666666
3FC5D8C0B98BA8F3,member,11.36955
79406109F5FBCBFA,member,7.0809500000000005
8D46D6EF1DD74B4A,member,18.24598333333333
91246BEA364B196D,member,8.4398
9305834978E179D3,member,6.5735
A45F4B27221CCC02,casual,4.593283333333333
7021A5227AEAEEFF,member,2.47465
CADEFADCDB450CB7,member,8.570033333333333
304AC71F34CE3D98,member,8.79765
16AF09E0FEBA80DA,member,2.3310000000000004
9834659740941104,casual,19.6665
D6889E38D2C05180,casual,7.689633333333333
EAC2A591C3C0E6A3,member,6.694383333333334
84C60F57276D88A9,member,4.150316666666667
27C263F5C4C94E85,member,7.9486
CCE926A6AC743EFE,member,10.528250000000002
7BE6E9F2ABF7FF25,member,2.8504
06B62BC8B49D9E2F,casual,8.810183333333333
AA4BD960C2BD798A,member,19.214816666666664
67DC04ED80E11B97,member,11.654333333333334
90630E6B4BFADCCE,member,7.609266666666667
931BD35FBBEA7AAD,member,13.182366666666669
93EE625FAC385B8E,member,16.19783333333333
34F9914A8A0C1301,member,5.523016666666666
3DC2EB137F2B7CD4,member,18.672183333333333
BAFDB7DE2179B622,member,5.944166666666666
80328950A659435E,member,25.82046666666667
3DB1E2E4AE783D27,member,21.440716666666667
206ECC56F1E73A06,member,1.466616666666667
FB2D1B0B16A3B423,member,9.850333333333332
C79399FD7805C6A5,member,16.735233333333333
88660723A8A4B9F8,member,7.46305
BBC117937C1952C4,member,5.726916666666667
4C2BBAFFA34E3F6D,member,37.80376666666667
F654A3649DD40953,member,8.006783333333333
9DD5B23A705257BE,casual,19.03085
D616898B47E16A8F,casual,5.19335
6ED5734B5A8B402A,member,32.14585
D3A00EEE92AA9DC8,casual,8.034533333333334
D109660D8E57ED18,member,19.0675
B808C301A80F7CFC,member,4.207016666666666
33F2E7E5900AF650,member,27.4992
7329B64F34F75046,member,15.8144
1D58424E7573E2A2,member,22.594266666666663
E760097EB3131A35,member,20.067083333333336
54A391B7781034A2,member,31.635166666666667
EBD7BB4B9514E2DC,member,30.754516666666667
EC75D1FE9395B750,member,19.571666666666665
E7126ECB6C67F799,casual,21.957666666666668
1B35F8489F799E50,member,13.076333333333334
7BCCCAD712B3D4CC,member,25.139466666666667
001FE2B70C19FB2E,member,2.83085
54710D7D4E857138,member,18.681416666666667
CDEA3DD102AF6584,member,6.44165
B2C22859839FE554,casual,8.17445
0D4DA973DEE83361,member,43.576683333333335
850ECFAD5048A28D,member,2.7401166666666668
75098B68D07F723E,member,13.07635
BAD23D1D32053EB5,member,9.587583333333331
928966327BB6BD0D,casual,49.35306666666667
BB794ECA98B6C81A,member,36.96713333333333
8EB369825A32BF50,member,8.916216666666665
147FD67E8F2464BD,member,29.10993333333333
D237DF6C0A79B0CB,casual,7.5685
42FE79D86DE9E19C,member,10.593333333333334
80AFF6F60A80AAFB,member,11.8087
DD931DEC1BB2305B,member,23.779616666666666
0BFE2DB77D6C0928,member,2.6859166666666665
DF65F402BBE26401,member,4.407616666666667
DB69F060D0A1602A,member,40.62471666666667
B6896268D6983FBE,member,6.866683333333333
BBBC13CE6EB8DE72,member,4.570166666666666
58481195ED9FE613,member,4.024866666666666
BA1E54433B01EBEE,member,55.12801666666667
11521DF091B788C1,member,22.76778333333333
6F9C01C4CF45D72C,member,11.259716666666666
BE42D59060BD3D9D,member,35.50893333333333
816E261E14E1A70A,member,20.07583333333333
021C232EC47B2480,member,9.866066666666669
DE0496F8C8661ADF,casual,9.66645
84340711CBC92329,member,4.764216666666667
FA3E5F02B2A1F55E,member,8.2167
37233967643AA0C3,member,6.667216666666667
955B5C917F85B5D5,member,6.760066666666666
537997CEA3934EE8,member,9.095066666666666
F36C77907E004BFE,casual,19.0341
BA41C1ED5845FC6D,member,5.874083333333333
15046EE1B6329C5E,member,4.680616666666666
6DA97F690C3FFEAF,member,3.0932166666666663
B49B4103D909B5E0,member,9.072583333333334
E89D8A3A34136F65,casual,28.920816666666667
09EEF560AE22CC2E,member,4.717583333333334
E6D810E3F8B7381A,member,4.796333333333333
A2A92DF730C05966,member,3.01615
97E4697BF9F50419,member,3.1005
2AA1CFD8813F35A8,member,8.8694
DECE3776DEDB16BE,member,6.7306333333333335
BC0DD03FA9C58B39,member,29.137016666666668
71AF09A18C188F89,casual,9.82115
5EE977A8E7C8B5A7,member,15.96145
225CC05AF7761056,casual,21.280483333333333
80C732B1EF3DCFFE,member,22.734266666666667
A3581EE46AF270D7,member,5.403083333333333
66A90650A98A3032,member,14.843266666666668
4C0B194EE32D4261,member,10.968083333333334
CEEB50B9D3D978C5,member,10.155566666666664
02EF9B88DBC11A67,casual,15.6171
AFD7624E0AB5A3E3,member,4.2161333333333335
B190FF1F62AAC7D4,member,14.338166666666666
0BD7440568C070E0,member,9.2163
51CE116E74CF964D,member,13.557016666666668
51FBFE533C5D63C8,member,6.07615
93BA3E7D7BE73631,member,4.753616666666667
7EB8F14FE0E99337,member,8.509883333333333
559420A6269FF7E0,member,12.07335
39D218949ECA2D61,casual,26.78745
4BD9F052F2466CD3,member,15.8677
7081FDA4E0578117,member,13.011383333333333
125B281E65B5FA2B,casual,6.077766666666666
5C23A4554548B5CB,casual,20.25845
C42B80C6E712057E,member,16.1476
484EE776AA0532FD,member,4.164733333333333
F245B05CD6D9242F,casual,8.332749999999999
B779FBE2C9F02514,casual,23.475166666666667
1755709C4457A801,member,15.133866666666668
B008692AD942ACF4,casual,51.60791666666667
FC788C71508FF7E6,member,8.1656
22FCFC2E6031FF12,member,15.693183333333334
931C30493B4FBDCB,member,6.462183333333333
E147B2D3FC13CC7D,casual,24.26655
B4530F6E1BF60EA3,member,7.985783333333333
4259D58357EA66E0,casual,45.54573333333334
A0CDCCCF2B4DAADF,member,4.9695
9DE9F523A4C457DD,member,18.69496666666667
E718770532F55672,member,1.8828833333333328
DE33076401A8C86F,casual,12.01365
FE111E2C1CDE3D9C,member,5.150616666666666
D57E29069C3EB1D9,casual,35.83813333333333
0DCEB9043F7F11FC,member,14.540333333333333
0FA6D0F25B66BBEA,member,2.9107833333333333
2391595C2E7B581D,casual,24.913216666666663
EE7E0794F64F7C64,member,5.235333333333333
363A84A70420D5C7,member,4.967666666666667
3CB2B72D5429ECEA,casual,34.269983333333336
D31748EA7E897FF4,member,38.34875
0FB0B6C9250E9CAA,member,13.9714
661FFA2FD7C60ACE,member,7.484066666666666
2033626A03FED622,member,2.46565
4F41AB142215C5AB,member,5.462116666666666
DA02659BB6C8AF47,casual,8.582699999999999
00C5F130EC59791B,member,27.489083333333333
4959A00FB837E505,member,16.382083333333334
D78B153C691A697B,member,3.1695333333333333
7AC8D7C27B25532A,casual,53.748916666666666
F6A2B741B9C673FA,casual,27.37695
D95E5EC33519CD29,member,34.5904
ACA223E250B172B4,member,49.6859
A50250D29EEE3D7E,casual,16.419716666666666
A896D71C1C3A29DA,member,3.8468
515057796C80FABE,member,25.038816666666666
AB068DDC86E51ED7,member,10.8804
FBCC01D77B2478C6,member,4.013966666666667
C144C8510206ABDD,member,10.806066666666668
2720550BCC2831A7,member,4.548916666666667
534DCFC290C6EE8A,casual,6.5008333333333335
2BBB8E12B3313CAA,member,9.707683333333334
D1830E942D510457,member,7.284616666666666
CCB15B6234DF04F8,member,1.8220166666666664
F8918D5A9E537F86,member,5.727316666666667
727DF878020B6D2E,member,6.998033333333334
8344D5984D672CBD,casual,14.7863
CCBA1B200D1A609F,member,13.26955
9F0D634AEEF3D2AB,member,17.89565
4006FB0C1FCB3959,member,13.727416666666668
2F5DA53E3CC8DE1C,member,4.133516666666667
41A22E923475B1CF,member,8.71355
05B9D3F98BE1E6F7,member,30.210216666666668
8EA8CA8529326417,member,9.48915
5ED39D23C223B5C7,member,12.063333333333333
F98568B18B2745EE,member,3.1469
7CFAF815ABE98198,member,2.574
A88588B0E2ACA228,member,12.0778
824D594F156A54B5,member,4.095483333333333
532D50998AB8803F,member,6.408133333333334
B1537F7BF46629F4,casual,7.51915
798047BC99156638,casual,39.547583333333336
9F2968A212E5631E,member,2.0473666666666666
F15A0A1C7BA8F780,member,19.52295
F86A244708C5F5C2,member,3.553516666666667
B7CA78757AF5A31F,member,19.793783333333334
5B8293A28E0B2DB8,casual,65.8897
5F3497C409C8B825,member,26.171466666666667
8E768C6704EC7D75,casual,4.5148166666666665
E00501F1CE6A06BA,member,10.6775
D68DAD510BF24B3A,member,20.44725
E56BDC77548F3F0F,member,5.984866666666666
56766FF34B3CA4CD,member,4.4875
9917FCC731C205CF,member,11.409383333333333
60A88A0B9D61812A,member,11.4143
FA81BA14EF3B477C,member,1.4396833333333334
8DF765BAD239C42A,member,8.71505
52B7A6E55FA1B21E,member,5.945333333333334
7AF9F0F9FCC06130,member,10.078166666666668
FF1845DECF441B68,member,39.09295
C3F7A2B4221CBF20,casual,16.715783333333334
FB3A6742397EE73E,member,18.796366666666664
9E81AFAABB60D4E7,member,3.70735
1A849B37EDFDB078,member,3.9219
4C5D5811F73F9251,casual,7.060216666666666
E57FC4A305D65736,casual,8.801183333333334
A539FC7AE3A81356,member,9.319183333333331
0F7FE2FE6BD0FDDA,casual,26.4029
D1CD7172152BFC61,member,4.5227
03C09CAFE311557C,member,7.639066666666666
D756253BB3C003AC,member,26.27488333333333
AAB58791CD2E3BEB,casual,20.68665
1B1EC66F217A5C13,member,10.32385
DB7623A7BCAC01A4,member,29.989466666666665
A96E030028A3838C,member,3.7295666666666665
1A9F0E1BA3FB04A8,casual,39.55696666666667
6AD9D711D1A09912,member,9.782100000000002
10FB3BA1DAF423E2,member,16.763683333333333
2207C81898868B97,member,9.735816666666668
5742A47A6D8E9BB3,member,4.058966666666667
B9C71524C3C12940,member,14.230583333333334
1270FFDC1FD6FB56,member,25.199483333333333
8C2C224A96EA2595,member,11.25415
008FC1964DB44D37,member,9.03125
55836A3B922C0B2E,casual,4.2012
696EC869B141FBDE,member,16.25945
96237DAF10B3FE34,member,8.971916666666667
8B7362817102A487,member,10.729783333333334
6D8659E265F9325E,member,20.8953
A8F4FD85F6E703BF,casual,43.19565
F49528038A48AEBA,casual,4.672616666666667
2A9266C2DC0F0AFF,member,24.0348
E842801BEC141546,member,26.986733333333333
8B08F67458B651DA,member,13.242533333333334
5AB9455B92D508D7,casual,17.81208333333333
5D39E5ED930E7E9F,member,12.939316666666668
198E2C0BDF6458A2,member,6.625249999999999
54C7FB3495BD8D2A,member,24.318516666666667
FA0C2BB53FD032FB,member,7.675983333333334
CF44BAD79FA98DFC,casual,16.864166666666666
20DD14376D1A9D7B,member,10.426066666666664
A2CB2725E5E83496,member,27.224816666666666
11CF336B9CACCD2C,member,2.3627333333333334
B93B6537009EA4FA,casual,27.70335
1417E3415D4031F9,member,7.8007
5581ECF874B93E8A,member,1.98645
C51CF96D77AD6C4D,member,2.9227833333333333
78598F92D3D426EC,casual,29.509216666666667
FC645552DE66F447,member,8.619433333333335
2465C2CA088D3D24,casual,11.234083333333333
56FE295B450D6B90,member,20.38471666666667
25F66A7C4E2D6FF9,member,13.45075
B7C4A969BFCD3091,member,18.69963333333333
3A8BB1C02813BA4A,casual,58.47595
4EC8011E6FB20AC5,casual,38.85743333333333
E917BC1EE2BB5EEF,casual,11.793133333333332
C8ECDD924028F7FA,member,7.12625
08CDD8A8E1A82FE3,casual,3.501883333333333
396DC95D9578321E,member,5.196983333333334
32D2126CAF20C895,member,1.7886666666666666
7709A5FC2038676D,member,5.610366666666667
8F38C8B0D971DAA4,member,11.71825
CB16E2B885B5B78F,member,5.935266666666666
3A7BB54AB1311881,member,10.018116666666666
D664BCDCEF4B2080,member,15.454583333333334
FDA89A5BF0FED65D,member,8.469916666666666
29B6041629D40BD2,casual,23.24341666666667
00E20444C033AB13,member,6.737283333333334
06348F1B06F1C605,casual,6.625649999999999
41F0BAEDB1B8687A,member,15.905216666666666
8034F722EC5AF512,member,3.3937166666666667
365E6D7158165819,member,12.237066666666667
74AC7145C5D0E3AD,casual,8.9091
DF2BE5B91A90DC1C,casual,5.0093
6987127D872AB286,casual,3.5974833333333334
A2B6869DA7EDFC09,casual,25.12206666666667
69C4F06EA5DD0184,member,11.5437
5F96763F7B26C220,member,10.711483333333332
B3ED3D1D670597AC,member,4.44965
4399DDCAA10FBF26,member,15.5984
AA47BC11A96C4F10,member,37.03021666666667
F0FB8B202C72BEE2,member,30.98675
C6D1AE99CE33FBF2,member,3.1182833333333333
BD571D5EAF7BF695,member,12.187016666666668
130452AFCA4ED180,casual,33.163783333333335
A07FCBA290A7ADF7,member,10.932383333333332
BE2BA57D8B83C432,member,11.0023
D78D0ABB096E9EAC,member,10.853583333333336
42D7AE6531F04573,member,23.42835
9833AD375F5D5C2B,member,6.205933333333333
F00B4F52661BB8C6,member,4.455266666666666
B82FC68C5789B875,member,1.7142166666666665
1682DD8D3DD158E8,member,14.013983333333334
882C2BC33AAEB6B8,member,13.201083333333337
3B01272CCE9F2184,member,13.1482
4DD96BDA3FDA9CA4,casual,16.375633333333333
6E8907CEDF38365B,member,9.29665
C5B6B5232B1F1726,casual,14.953966666666668
B4855812CD1DFF5D,member,15.655733333333334
33958DA23A445BB0,member,3.4485666666666663
058F4615BDC0CFE5,member,6.245683333333333
8307939E5A8EA680,member,2.82525
FC331234E8A05B8E,member,25.01095
C6059071200CD9D0,member,5.574733333333333
27901B52C2CDBAA6,member,11.029733333333333
CF102A5ED41F62FE,member,8.168
96A7DFE2F1E924E2,member,10.229450000000002
3F67FDB7F94DBA41,casual,17.34893333333333
AED6F62F3E27BDFC,casual,8.924116666666666
DB688D6B46E185F7,member,3.0732666666666666
ACE81E292DE8599F,member,17.490616666666664
7B082673C1A2DDE0,member,45.27435
726AD086EA0B4A7A,member,23.89685
241EAA811B441801,member,9.980433333333334
D11E17390540F4BF,casual,42.76095
66A50062C8369C35,casual,12.0891
E1BE16BEE4A1D439,member,27.342033333333333
2AA6C807ABE561A9,member,7.395833333333333
B0C3FDA2EDCFD3B3,member,20.38555
9C04981F5A3E45D6,member,6.725899999999999
4D2E0F1C907D1C12,member,19.625833333333333
56DEAE20A2024F20,member,8.29605
8D8C1689D9D7E7D3,member,16.332416666666667
DCEC916370DBEE53,member,11.436416666666666
76DAB0D2C0621033,member,22.759383333333336
34FECD73BF0C7A5E,casual,3.2197666666666667
2DC3906C559AAB5E,casual,17.043733333333332
10498C90E4543809,casual,4.55815
9520FA0F3D653069,member,4.8815333333333335
182DFAACF8CE3C12,member,10.949766666666669
0FB1A92BD20F3214,casual,6.8397
86260059ED4AAB11,member,2.904333333333333
525F86A50C6FA02B,casual,21.3457
FF99DF14FC8AFCFD,member,11.490766666666667
EE1B7CEA9A31989A,member,30.2013
2DD4936E9EAED7AF,member,11.100966666666666
57C949760D224ADC,member,6.773783333333333
6F0923587337909B,member,24.22725
56270FC594289E61,member,22.195183333333333
85860DA11311C646,member,4.00985
FB5AEEDB0854D950,member,10.235083333333334
5919C8619FFAF5EE,member,4.2161
AB175E93B088851A,member,20.010233333333336
6B37A45E5C350453,casual,27.876266666666663
EED87EF4238022D3,casual,6.230183333333333
4470F7F9410FDF80,casual,15.6885
E0FD782442712E6B,member,26.338916666666663
C187A2FD260B7A9A,member,30.295683333333333
16A5735326CE5717,member,21.53323333333333
06EF60CAFBAACCE1,member,6.985600000000001
42908947A5CB4D9D,member,1.4039
1891E52A60F20263,member,4.706283333333333
47EF0CAECD3BC469,member,1.534
D9B786452C2FA788,casual,73.72486666666667
A5766F6FFDF83A85,casual,13.692933333333334
A7ED1A470CA18554,member,13.278516666666668
ACDE6C487335ADF8,member,27.49256666666667
74A68AB29CB9EA74,member,3.29765
DEB16217441F6B4A,member,12.015466666666669
8E262D8A9D1F3C57,casual,9.468183333333334
BE5860EB52015DED,casual,18.65155
E36B137584E337DB,member,4.7739666666666665
F4F832F967CA9252,member,20.0397
EF787F87C96DDADE,member,1.8802
FE329F5E9D78173A,member,20.0057
A3464925FE650C93,member,31.43123333333333
84CF2E40626CA0CE,member,4.28355
D630E0575579EB77,member,6.7844500000000005
09DAC1A530E13555,member,8.412983333333333
C4F19F8676035C5E,member,4.174533333333334
F2E44A3524D4FB84,member,5.787633333333333
4A2F04AD59DC43E9,member,38.4059
8A632B17CDCE4B27,member,9.0989
58A938D6D3022ABF,member,24.6734
413CD1203F79E368,member,19.621883333333336
F07C7D013BE70B0A,member,5.595666666666667
0F159FF92F899F96,casual,13.892266666666666
841E690063DD1B2A,casual,2.8938
C2164D9C4198D114,member,3.6441666666666666
5EBDAFC16A72C64D,member,6.891850000000001
936B48B03D779362,member,6.56615
08D47AA99D33AD30,casual,11.258116666666666
94CE21EA58EC10F9,member,15.84615
9CDAD7072BF0555D,casual,5.161066666666667
CCF369ECAFD7C379,member,5.744283333333333
2F43BB7E04CF523B,member,4.902583333333333
4038D3DC21A6D837,member,2.331566666666667
C306F8A8DFB7BFE6,member,10.46845
957DBAC2CE95D815,member,11.067683333333331
6FF91FBAFC95FD27,member,10.095216666666666
41632BF5644F2A60,member,13.361633333333334
09833907089CF340,member,2.53635
C18413C3B37B8C95,member,17.3166
9508377E21F55881,member,3.0645333333333338
E05F84C9BD006BEB,casual,42.11755
B55F3ADC5CDE2D7A,member,10.449833333333334
E6CDD17D70A61249,member,15.047066666666666
140E2BE2BFEC227C,member,45.63975000000001
4094AE9C89424F63,member,14.11525
325610FF85ED42B9,member,8.516816666666667
A0048ED302F12915,member,5.961566666666667
9B27395731544357,member,9.437616666666663
B45E3A4C316396DE,casual,14.446416666666666
E2814687A61D7DC4,member,45.748783333333336
2308E3A7D6780858,member,3.79125
06795AA4CED89238,member,31.70445
196A2201BAFFC2C1,member,2.7767166666666667
5D8E0B3C66379962,member,8.0661
D7340E08A9BE0A2F,member,7.210516666666666
DA47C8533CA07965,casual,59.14193333333333
5B11A7EA81E80F92,member,18.011766666666666
FEAFADFC6C1B40B2,casual,5.70085
E4741F66A7F676E1,member,6.5601666666666665
7BE08E4F9DB39142,casual,4.698183333333334
DF6E7E83D34BFF8C,casual,6.571716666666666
FC1DD9924166F08A,member,17.631016666666667
06CA6D323FF0434A,member,6.697550000000001
689F608BC5AA914B,casual,44.3556
24A99C8E5269B861,member,17.024933333333333
919B8757820E7118,member,10.287016666666666
52664D0F1C0946AC,casual,19.43873333333333
38EBC4B6CFE6B8E9,member,33.94773333333333
69A05DB19E805B0F,member,7.795599999999999
AF8D0871EC7053B7,member,22.126666666666665
CF8ED7C82E364467,member,27.498033333333336
F9F2D743D97331F2,member,3.2973
3A88673C49D48395,member,6.0906666666666665
0CDC473042ADD2C7,member,21.15728333333333
BACD69E0575E472F,member,8.301833333333333
1241A945B7FA2958,member,29.280916666666663
7A97C027B112BAE9,member,4.690016666666667
A6F01B737C3AD014,member,29.091
5DCF7E0445B71291,member,2.3584
BE43833EBC5F1246,casual,26.62156666666667
2A0DB18D8C5F9E09,member,11.707
227266BB4EC623F5,member,8.0345
CC77484E92ADEBE8,member,10.263133333333334
375ED4C985FF8DF9,member,14.77505
7217EF28D3344036,member,9.449133333333332
C54ECFFB7FAAA8D2,member,6.135266666666666
61E75BE4949439E0,member,30.43295
72E354C22E58A789,casual,7.617216666666667
D876E62DE39DD426,member,4.631016666666667
FD64B735BF2DB774,member,14.88945
9A252F32BD8EB9D4,casual,11.648983333333332
FF67C6A581C9786B,member,12.711166666666664
CDD1AE6D57E88994,member,14.123016666666668
1C9C1D04096A7D72,member,3.5726500000000003
785747A15523C7F3,member,44.51903333333333
0A9D60C72CB0808E,casual,30.7449
C057FD70E705780D,member,9.676483333333334
4383E42D7B09A1CE,member,23.271833333333333
C5342550C3CD720E,member,49.312016666666665
8353D8D1E2BD88B1,member,7.360883333333334
5C2D3692C269D827,member,17.174916666666665
860481896EBBBDCF,member,6.577866666666667
199FD2DDDAFAA4DB,member,7.796916666666666
BA463332E5E9E74E,member,4.420566666666667
DA2E7CEAA973900B,member,5.5572
A3A5BF0EAD612B90,member,6.6287666666666665
0AD52C826902E601,member,5.068716666666666
606BCFC5F6C475B3,member,3.1940666666666666
86479342CA3423FA,member,4.831116666666667
8CB1977F3B8CCF82,member,15.759566666666666
707B8875674B7B06,member,10.18345
C1FB1E9E18C7AFFC,casual,13.842516666666668
105AC7D5D2BFC7F7,member,15.982316666666666
E37FEB79C1FD4330,member,11.3712
F9A854DDFC22E41A,member,14.721933333333334
A211350B937ADB10,member,3.7080833333333336
4DCA06845B3056D4,casual,29.938066666666668
28053A98363BB920,casual,25.92055
B338CB733BD8520C,member,7.324066666666667
863E395DB0A0837E,member,15.09285
6A94DBB9670BE6A2,member,10.685983333333333
0EE253E9C4F44BF8,casual,13.352933333333334
9988AEFBA619F2C0,casual,15.04475
ED21F3BBF81E0FF2,member,7.574083333333333
374B25803655C971,member,2.978916666666667
04B9C6FF142E5687,member,20.190316666666668
47F3AABD9BDCCACE,member,5.096866666666667
D162272F22E5E114,member,16.9945
1D31B749943898AD,member,3.83895
00969E68937813A1,casual,33.50895
3F154E4046F37604,member,2.28375
834257DEAE33F935,casual,3.1739333333333333
139627DA009094DE,member,5.113283333333333
919DB268678086BF,member,25.195366666666665
96FF76A64E9E157A,member,26.466716666666667
05E175E4C20554CC,member,14.202716666666667
BF85257A31723EA8,member,5.6066
391F5BF04380BAEE,member,34.85065
94A9E7B697F0C608,member,14.530183333333332
FCAA3FE8EE27E71C,member,30.86768333333333
B408BCD393579154,member,10.688683333333334
4266F568C91BAB5E,member,9.843616666666666
E228E5155D16CC88,member,2.5180833333333337
803408589B5C65C8,member,9.2133
FEEF43A714F373C0,member,3.9725
642B3BEA8410A369,member,4.911216666666666
17E4E1A5635811F2,member,19.139166666666664
B8B600A05D6D25C7,member,20.809166666666663
0B7A84E6F6034804,member,14.50375
F43C1A1DA03D0BEE,member,2.1299833333333336
CA322E65003ADAA8,member,9.116116666666668
3188FC6391456247,casual,4.7573
F4FCEFA452AE4C78,member,3.2769833333333334
E63B40A87528EEE6,member,16.687683333333332
9B2900294C17A85A,member,2.910066666666667
94ED062C845F289E,casual,7.515483333333333
1157F261CDEF8203,casual,20.3386
C3A1B9ECDFD197E6,member,8.025833333333333
E60096C314627D70,member,3.985516666666667
7B607E841B607D21,casual,7.613166666666667
8FF7AC195504A5E9,member,17.488333333333333
599AADF195660CBB,casual,27.34605
2CA629FE03C5F177,member,3.888316666666667
A019BF063A564CD7,casual,25.3942
25DCFA6DE14D33E7,casual,11.290983333333331
564DF913D9841973,member,19.25186666666667
2DFE6D3FDB86E1FF,casual,4.432366666666667
DF7FCDFC6B67BE2B,member,3.0184333333333333
980936803B2AB460,member,8.220316666666667
8C8ACBE808173B15,member,30.16208333333333
1F373424C5C4B3B5,casual,24.319016666666663
A5A4CF024A2F5F34,member,12.0761
4487E231BC4BEDB8,casual,13.513233333333334
208D5E58DB97729D,member,28.128716666666666
A70E3090B1B62A7B,member,3.5232
26A13B366E4F77B3,member,3.644933333333333
B82B364ED226B9F6,member,8.831033333333332
91C58F4D4161CABB,member,10.545
BAB66172E99FBC8B,member,17.384316666666667
0193AE4D112F6EFD,member,22.925
A56F0F38C203374E,member,4.4958
6613A827B44F2290,member,6.700466666666667
5A4C6539B8E52F2F,member,5.842733333333333
53F90623C14CF7F1,member,8.043316666666666
EDAB803A2245B671,member,15.6407
5E040CEDC55DCBED,member,32.794850000000004
E8209650A9B56BA6,member,5.988816666666667
23871A4F35AA9504,member,26.018916666666662
712573D8756B7510,member,2.344066666666667
5BF62BBFD8EA0C08,member,3.077366666666667
2E8CBB005F64C01C,member,5.499816666666666
92ADE80DE4E90B15,member,6.901483333333333
BF54D17C71D2076D,member,5.767066666666667
CC318EB70EF58920,member,7.0789833333333325
5960C118E774C3B3,member,5.0732
69BA2574C7EB4F8C,member,18.09025
8DAC2AB05572D37D,member,13.805933333333334
F5BC27E1C088D77E,member,6.958266666666666
0C2BDC53E285F580,casual,31.747400000000003
6C4B5120A36A9F86,member,12.955466666666666
5F281D86B03D275C,casual,31.61068333333333
F2D71F8BC86E2C24,member,13.47625
A67D166445769573,member,1.7540333333333331
1E23CA184726C588,casual,50.554766666666666
974C2BB87C7799AB,member,4.786483333333334
DF18D25692FE597D,member,3.146133333333333
2C81B2FE2C280084,member,22.6042
77DF49CF73A16ABF,member,7.8475
DF355F9473C0779B,member,20.74801666666667
AA667009B3F6DA5B,member,7.771533333333333
47E5686E454AC01F,member,15.873916666666666
D79B9F2E9D4B08D4,member,12.043866666666666
36D819588AB75A7F,casual,11.273033333333332
F05E1065089E1D03,member,5.982
29457E3649300D80,member,3.680716666666666
83553CE6DA1CD897,member,4.773466666666667
40CF1AA984F1494D,member,3.897566666666667
797BEF715C3C3A5A,member,7.74025
15D2C8EEE91B56E1,member,6.066183333333333
2B995F7803C40362,member,13.93475
A5B5BE3853391F96,member,25.07385
AB4B3FFF7D84B098,member,77.53328333333334
BE8D05EE1B7A6648,casual,32.58705
21D1DEBA986F7102,casual,46.821016666666665
5587ACF19BCE2905,member,6.063583333333333
BBC647C0A3557E2C,member,6.549066666666667
44936141854AFB2E,member,22.220450000000003
5FB7A3578EC96484,member,17.351499999999998
59CAA988E103E803,member,2.183783333333333
D6FB4CFE3F6DB478,member,5.188883333333334
6E751A2A5D263847,member,6.842466666666667
DB3A736A93D97888,member,11.223216666666668
5A86BB887DEC16F7,member,2.0914
68A63F6B1431752A,member,14.0121
52EACB0C87E7A13A,casual,25.944916666666664
507D92C908CC30DC,member,13.59445
2B038FC1B861D418,member,21.57875
806E33A95928C959,member,8.754700000000001
1AB40FC503018B43,member,10.64735
8D725AFCCBE4C148,member,5.034633333333333
B13C09EE1A8D3F7C,member,5.4005833333333335
03AAD29DA38E5E9F,member,19.66733333333333
784BB74D0729AC98,member,43.64255
C30131F1EAAA670E,member,13.304483333333334
00F1A13F84C0AF08,member,12.344216666666666
685A510452508149,member,2.8019666666666665
3C2FC0E76FCF968D,member,15.5037
3F29F53472B33F73,member,10.790483333333333
4A3D89C3A6EE59D2,member,25.602
DFDEA99E30ED087F,member,8.36935
43F7505CD1913B38,member,13.435133333333331
67F8AE4DB0E95D9B,member,5.234333333333334
B197454434A2E8C3,member,6.0049
B87C93BB05A920CD,casual,22.5486
ADD4815B3BFF22A7,casual,3.61615
04BF0345C4BB764E,casual,24.453133333333334
C7FE882CC8AA63F5,member,13.0991
683B8CCE826B496C,member,6.468083333333333
43CAB851A6945975,member,15.9906
042D1B33C83C1A2E,member,8.493500000000001
6149FB8E68F44333,member,7.362966666666667
5EDC493F6FA0FF23,member,1.5535333333333334
050A5B3F8B83F6A1,member,6.616316666666666
81D720A2CD1F316A,member,41.0712
7DE501C812313DB5,member,3.1056000000000004
C53D5943A8C41FA4,casual,23.82013333333333
612050D52237E254,member,14.687866666666668
053824AA743DE9EE,member,9.311916666666669
B62A768C0453F5FF,member,46.31613333333333
3E68224F0FC6643B,casual,29.239116666666668
6F5B2047098AA2C5,member,7.0601
10275644700D30A9,member,2.666416666666667
F6A3D08F6E085D4A,member,12.2208
DA8203E1267F152D,member,21.890066666666662
99E7BBAB9F6B8108,casual,4.271633333333333
65422161C3FD441C,member,8.910833333333333
EB4BCFEC3C189018,member,10.426866666666664
D17E5DCAD6981E59,casual,5.693033333333333
85C76DFC66A16DEC,casual,21.90621666666667
F067F7AD2AED5A38,member,15.886566666666663
1C420DDCE9EABABC,member,27.060866666666666
CA74F75332CF41DC,member,20.85115
4028F2B172298D5A,member,8.756599999999999
1EDB955B86040497,member,5.862283333333334
B8060E31F903BF7D,casual,35.44906666666667
87AF3F01EC8A3759,casual,8.791
D873212B4BFB73F5,member,15.89975
F5595378CC566125,casual,16.531016666666666
23901186A83B4807,member,38.64396666666666
86732B98B717E565,member,10.0478
45FC9BAED9D61A2A,member,6.3292
60386B86C89F4FDC,casual,10.405183333333332
A1841EEBAA9424BB,member,10.759483333333332
2AF7CB5B98FBBE98,member,11.00505
0C3CA99F71D71C94,member,11.5405
ABB9BA42A23317C1,member,76.31338333333333
B01768A9D7F716B4,member,5.373166666666666
0F22B5CB32162BD6,member,31.41655
E76AE39252782105,member,5.440333333333333
C5E1AC175C361243,member,8.780750000000001
5E142CD24D70BBAD,member,10.952333333333334
2CC3F25F9D929700,casual,6.708866666666666
48177B54B1836BA7,casual,14.6482
9772B1BFAA411A3E,member,18.25521666666667
755EA6CF77D5EA55,member,33.68886666666667
02F22FD48FD0C646,casual,15.849866666666664
1C8DE7E4D0AD182C,casual,18.281
99726A3E43B00BDA,member,6.918633333333333
D104982445D76F39,member,5.1966
B4E41DDC6CE4AECC,member,4.734683333333334
9F040581A63CE03D,member,8.392116666666666
A7F4F89658A18E27,member,13.266433333333334
DA89C9F190693BFC,member,9.964333333333334
8FBE4FE1A7D714A2,casual,29.09733333333333
D75A512CA7F0BFE9,member,3.7617166666666666
FA9EF05F39EDFF1C,casual,4.27655
0007F968875A828B,member,17.436333333333334
EBDD15B6F7369196,member,11.584916666666668
12A4D7E0DC7E45CB,casual,11.716033333333334
B928699E90D7D340,member,7.425833333333333
7147DD564C308929,member,14.382966666666666
C5BAB41C93FF5AA0,member,1.979666666666667
2C0E1728866B0F64,member,8.493616666666666
43A587D7B2FCE845,casual,16.679466666666666
9759DAA37511C70F,member,97.79135
C51CBDB04CE561B5,casual,10.7194
51EE359AFA68EEA8,member,18.882816666666667
6FA9C34576F9C0CB,member,12.420316666666668
E0A322A8F63E8076,member,18.450983333333333
FB50055C297A5993,member,20.3594
E556FCAE06CF26E6,member,21.91326666666667
007D84FF6AA7E012,member,11.624233333333333
018B84BA4A4FBD04,casual,20.8085
A00733328F2D125F,member,7.910866666666666
EC9E96A2F338BDC0,member,4.903533333333333
FDFFA9D5310158D3,member,12.191783333333332
9AFD91720BC07519,member,2.0452833333333333
00D72F74527312BC,casual,44.6527
213F4976B92271A0,member,11.562016666666668
E381723C81A5D3E6,member,16.32293333333333
F5965169EA893969,casual,5.260716666666666
EFDFAAF2A9B94059,member,11.2023
6360734DB522BC3B,member,4.020816666666667
C325D18246BBA925,member,5.083566666666667
EB29953425603721,member,8.599883333333334
7EF5AA2F7BBF9395,member,5.73365
55316454D9D48F06,member,3.02895
68B92A9C2B335706,member,5.576183333333334
127F59EC4EAB7849,casual,11.183916666666669
25E6FEA2A1F9671A,member,2.793716666666666
3DBE588DE3F21A5A,member,25.270466666666668
5E5BF64B851E97D1,casual,67.03001666666667
E93BDB145DD937DC,member,3.602133333333333
E8B1BA64C1AB50A7,member,4.979966666666667
E36DACA3A7BD7296,member,32.794866666666664
6F2AC48525042FDE,member,34.510866666666665
FEE44116DEE689F1,member,9.236333333333333
ED6E2A49DA3E4121,member,6.149249999999999
C90E97203B5A73DB,casual,52.50428333333333
C95AC629BBF97DC1,casual,12.391383333333332
9289CC1580EFCDB6,member,2.89235
39FE58DCAA314669,member,4.70965
39A787E5DE3249B6,member,5.512533333333334
DCA271E8C4B72A57,casual,11.3074
54E8E09BF210FC79,member,9.0197
817FE6F6E74A4D81,member,22.485983333333333
E90F5AEB6BA74A84,member,13.166233333333334
43FD36E8E995756E,member,19.467516666666665
A403758C2783505B,casual,13.518400000000002
3E1DF568F07B2486,casual,13.394716666666666
59BCCA34197D16E5,member,21.733816666666662
71232B5288CA9F57,member,21.293116666666663
33719C123A31E0B3,member,33.662216666666666
6BA155E6E1A5A026,member,2.35315
5F74FEC1AAF63033,casual,7.516283333333333
80B318458600DA32,member,16.213116666666668
A0233C9FD9F9A6AB,member,22.65028333333333
0C5B499C7D7CD0D6,member,9.767383333333331
4EE8420F0FCA973C,member,3.227383333333333
B4720BCD5A8FC537,member,53.48158333333333
6EF2763F64DDBFF3,casual,77.95791666666668
2AC4B8E8BBEAC1FA,member,5.314183333333333
50EEB14902756DB9,member,6.772416666666667
E3E09836F4BD1524,member,17.8976
8FC3BEA08BABAF2A,member,1.651333333333333
677DB4FE4D3B8415,member,67.51693333333334
EBB53B141644B6BB,member,6.184683333333334
D4C3BA9058306C0D,member,4.251633333333333
44660E0CF8B6A59A,member,3.9330166666666666
4C402246DAC8625E,member,10.036566666666666
F46155D3F57D57A6,member,8.016
5DC671CF93B1B64B,member,8.331066666666667
5187989091A34259,member,20.383916666666668
A4B853252B1AF3EC,member,15.4979
8C009C4539430AB4,member,13.227416666666668
F628979A4ECC4117,member,7.6631
AA5FF6A1A9DE63DB,casual,14.09125
A6E3DE6B89E2A0A8,casual,43.36363333333334
B032EC64ADB709C1,member,1.8340833333333333
81006046157EF66A,member,26.58705
9645CC039D8E6F7F,member,9.6929
3B105599E114CA53,member,1.5955833333333334
44DF8F424D02BDB3,member,22.6241
B2C831C9D427665C,member,12.6456
D21FC2FEC8BCA07E,member,3.89485
AAFD6DBC47BBA952,casual,15.286333333333332
FCCB411B35387830,member,3.3247
5A85DC11E116C7CD,member,15.120983333333331
0B4B924677BF58AA,member,7.755516666666667
8A7AC0D129EB5639,member,9.0854
A5C11707D3F1F72B,member,7.995683333333333
C39AC555172CDF08,member,1.7349666666666663
A898A6B5B4FDC068,casual,10.302433333333331
DF2B8BCE82CB69D9,casual,20.6564
6E6539198ADC73DF,member,4.581883333333334
E910090DB3902843,member,44.1183
48B59C7B7D972427,member,2.965333333333333
80A995CD9D30BD1C,member,6.877966666666667
DE2815E93AA3C12A,member,2.377733333333333
7AD7F898941653B3,member,4.125933333333333
A3F46009F138BCFE,casual,25.64645
10AA9D2867E16CB7,casual,2.5420833333333333
31555FD2F698CF89,casual,11.842183333333333
E148EFDD7B3F8523,casual,8.271133333333333
F192FDB9E40EA2F1,member,6.90435
9C9AB23F6A69462F,member,4.950816666666666
74E617267D5CF90A,member,21.280933333333333
41C39827FAD42C6C,member,4.96485
D189A9E6FEBD60C8,member,2.70155
2071C1932352B633,casual,7.8357
CDD5BFCEE8FD5CFB,member,12.934716666666668
60962F0BCFC49B75,member,11.6246
39FA08924844B88A,member,5.35985
DADC03F67F63997F,member,16.916833333333333
D4E17AA5BD7AFD9B,casual,7.112666666666667
30134988B05C64F4,member,4.392766666666666
986F4ABB4C92BBF0,member,24.390283333333333
A3D05D916D124388,member,14.784866666666666
2CB7D13033525ECB,member,9.16625
FD5778FDFAF0AB55,member,9.561283333333334
1EEF638707775D91,member,20.91163333333333
C8A2DA648A202F99,member,4.3407333333333336
7950581E6307BCE6,member,3.330283333333333
72854EAF8E69F834,member,9.966033333333334
3EAF9EB523456DD7,casual,23.050116666666668
533DE8E0E1C8FB89,casual,11.941366666666664
F88E33A873153B3A,member,5.869416666666667
3A0E9894C77CEE3B,member,21.31975
A50ADA4C67F12E8C,member,7.717383333333333
56B9E2D5290A23D5,member,18.37708333333333
C7C686A6BE0890EB,member,18.997966666666667
D93EF620281AD0B5,member,3.4342
7186890143126205,member,18.93951666666667
57A8E4BE82E965BD,member,22.871433333333336
A9F612D4CD3D60CE,member,12.181316666666667
CE311C3C062413EA,casual,23.57488333333333
71861E9787BEFF38,member,34.91381666666667
FD6033F312D25561,member,16.77835
03123E56152FFE1E,member,11.431783333333334
3BA1155EFADD5D34,member,10.476366666666667
1785408B54919E99,member,12.6674
F6E009BE9CD309F2,member,19.62325
06B9BE56802CFF0B,member,1.9947333333333328
504E62751AFFD82D,member,3.651816666666667
6ABC9A7344A122FD,member,9.246283333333334
9C931DFE23AF2F43,member,19.68165
8729EA045EFD13DC,member,25.98071666666667
684FB6453D1A1558,member,4.991633333333334
F7156BB4BF7931DE,member,20.90958333333333
1CCC74675A6913CA,casual,16.735633333333332
BA2C95E82084BFB4,member,7.526816666666666
4E314069212235CB,member,7.508133333333333
AF4BBBAF227E625B,member,3.2646
1FD30560B7ABB719,casual,15.052283333333332
792DE96A7A192E77,member,6.1669
5218933DCCEBF2F6,member,6.5253
A14C25BD181335B0,member,36.38731666666667
5A41AEC33A87279D,member,4.690533333333334
4DCD35477038F12F,member,6.562783333333333
3A10F658769EF2BA,member,21.27613333333333
C10F3F80FCC3E381,member,3.4030666666666667
642A4FE7DB23D46A,member,14.7925
36FD6D6E5058BBA8,casual,13.859416666666668
E550B12620F2B1E3,member,19.58085
DBA171853E737B57,member,14.949283333333334
8585EC7B9EDECEEE,member,43.439733333333336
B7F06F52893DC6D2,member,22.35045
4B708AF2BFFDBAA1,member,11.595366666666669
AA6818FD7004FBD3,member,2.10315
5E8513792F6E5715,member,5.655666666666666
4B497284B89C10C3,member,5.5754
356D6D6705668207,casual,31.47396666666667
471D8C4F2EE5C764,member,12.1517
48A6B319AB11AFCE,member,12.661216666666666
1FB7F488850CB91D,member,5.78395
952E3CE0D2F9D417,member,32.60325
047B2F0B40C7F355,member,16.38695
284C1560BF8CD680,casual,12.801016666666667
5309EF15E64BAA0E,member,14.203866666666666
C6020917B219F10F,casual,5.789766666666667
40699511B2BB26D6,member,16.198150000000002
61BA19F6DDADCBCD,member,4.5108500000000005
CE5C848466921A27,member,3.338583333333333
31D2223A964E80C2,member,16.15895
D432678921295749,casual,3.8580166666666655
C43A2B92F6545065,member,15.336483333333332
38EA35A278277F93,member,5.408916666666667
180472BD1FAFB895,member,4.833749999999999
B148CDE7DC7097E1,member,6.285333333333333
A919C6D0744A9C2A,member,21.294866666666667
0ED6CD62ED69382F,member,17.085416666666667
7CA50A376A4B0F50,casual,23.01455
EC37AA9852C80F1A,member,7.274816666666666
F065EA2B3C4DCFE1,member,21.256383333333336
9A05F2A3A3C8E31D,member,6.2256833333333335
071CB182A09F71C5,member,4.60515
666C69ABF88B7A32,casual,40.32581666666667
B23AB1541D338035,member,28.915416666666665
173C60F066A56AD1,casual,23.21901666666667
520E02F4578F8BDA,casual,41.93488333333333
12D5D068315D2964,member,10.665266666666668
E19DF9A6E1259AB6,member,2.433066666666667
BEEACF4766180718,member,7.518033333333333
63308D7049834602,member,14.20375
D15844ECC9F56DC5,member,16.11215
65B5EA9A7F020353,member,13.095616666666666
BC6C3D4038C9C148,member,2.0690666666666666
47546899CB3D37B6,member,1.0802
C79D31F3D5013FFF,member,10.9801
FBD0B55DAA41CA8E,casual,8.135766666666667
DD82F998C220C403,casual,12.267733333333332
4BC7A7E9C7B947DC,member,7.700666666666667
605E70A0901CCE17,member,2.0979666666666668
92FEBDB48B67BBE8,casual,16.227883333333335
FC467D39DD962FA2,member,4.830016666666666
F76F422D58C9BD96,member,9.613483333333331
2E47D7CA20B507B0,member,11.660266666666669
FCDADC3704374332,casual,6.786233333333333
574773AD3ABD108E,casual,32.17316666666667
5883050101895144,member,10.33925
B3E036A541029D31,member,5.529
7DA6532F870EBA3C,casual,3.281966666666667
B81C4765D6528CB1,member,22.542266666666663
F98577793EE89204,casual,25.513966666666665
B872BA0A41ED071F,member,11.672733333333332
E2E59943079F0042,member,1.7873
943C0DA648CCD7E4,member,10.9637
A7B9741B0A72E5EA,member,14.745783333333332
847ADA7CA12622BE,member,9.10275
9AFC030C41AD2F0A,member,6.835066666666666
0AD20F56CA272507,member,16.759216666666667
C966B2BC419D0BFD,member,3.9894
DE5999FC65D92132,member,12.502199999999998
10A1DA08D57206AE,member,5.363083333333334
360A22C8FEC32767,member,7.59865
3AF5FE8172ADB06F,member,1.485
5FF0277257FDFC6B,member,8.3789
AE9AFCBFD484C61E,member,7.046566666666666
85473C3737F33F21,member,4.20685
787F0634118A8486,member,21.7892
A08E344F85E1F6CC,member,15.222783333333332
281AF089346C35D6,member,7.8871
3C8F7D12B77C86CC,member,2.7002333333333337
597B56EFE056BD34,member,19.49588333333333
9503D03CF69F25B3,member,2.953416666666667
CCE7CA4A710C741E,member,4.845166666666667
15008E76E35FB6DD,member,3.73425
D942E2ADC8060554,member,4.991
AA1F29599627A06E,member,2.373183333333333
AEFC92E2F352BC72,member,1.6726833333333333
2C1E3585EF0C536B,casual,11.683316666666666
3CDCFF9F4534BA84,member,4.98955
5534FA5BCD723C81,casual,13.8277
736C1DBEDBF7BA3A,casual,24.76053333333333
F559BF9A111077C6,member,6.941066666666667
FD047E06547DD1A7,member,22.236833333333333
1BA3EFACB04E63E3,member,31.451633333333334
89B750AE27BBD128,casual,4.682766666666667
80EB9486EF719DBF,member,14.213233333333331
394044561C7FD56B,casual,9.714166666666667
0D4D2591C005FCAE,member,8.633833333333333
F3043AE407C3B64C,member,5.41355
654029F7D2B93B1E,member,3.2607833333333334
F4E030A64FA26074,member,32.379466666666666
FF31160A97A17C77,member,10.226116666666666
0547F54CF94410B9,casual,8.941516666666667
572B572A4DACB8B3,casual,21.227466666666665
7DE82A744E4FD751,member,3.149833333333333
8AA1884676C94773,member,6.386516666666666
AC151A60689B51B7,casual,8.98735
B8261FAEA43F6895,member,7.5225
AE9112E111A7C049,member,5.96995
1A29AFA40C9CAD37,member,3.7619166666666666
B9F67DC58E01261A,casual,16.35195
F5F0B61F109147A5,member,15.669333333333332
08A9FF7B44C1B611,casual,32.39671666666667
866402CC41F92BEA,member,4.400283333333333
41F03ED470FA504C,member,5.5771500000000005
D34929F8C0FC6A74,member,36.4531
8DEEE01AF4E506C2,member,10.516216666666669
137DC2666585992E,casual,12.730466666666668
2CCAD93C04805F44,member,3.7067833333333335
9CE999EF1427DCF6,member,29.28833333333333
63EBFC1DC822FE36,member,5.635933333333333
5627140AF466920A,member,8.746
DA61F03CCBC8A1B1,member,6.645166666666666
BF105D36E4DE607E,member,7.9733
142F0173EB2B1B80,member,34.721000000000004
4B3A990B16FECD82,member,11.29235
89DFC9F86EB0C1B8,casual,18.21535
C21B955377E2CB20,member,6.6381
9AD80E24A4F41992,member,42.24306666666666
915CD635E1494015,member,5.497183333333334
B3573B49AD3C3A17,member,4.38055
B8C48AFBFBA0A717,member,7.65865
83F89A4AE7B78BD1,member,1.5985833333333337
23EF381704D0AF91,member,9.0643
FFFE373C5DC7F709,casual,18.8929
0B300646094BA70B,member,6.61505
BD9B3981BEFD5FB7,member,8.717466666666667
0961BAF47E7BAF98,casual,12.606016666666669
122D97849AB7E21C,member,4.023916666666667
8E99290E86C39BFA,member,3.2097166666666666
1EA1F7F2DE6338E2,casual,21.56008333333333
5F29F90BA06214A3,member,2.7693833333333333
4CCB52DABFAA7C2C,member,8.425816666666666
D1B8A7F39DCEAB03,member,6.199366666666666
51A3DB3F229C2EAD,member,8.884616666666666
ABB52F8F3C9032EB,member,5.3903
D59730EBF2C42DEF,member,6.947166666666666
604CE6139429EDD7,member,10.6936
37F1A2773E6FA2F5,casual,23.174716666666665
3ED2576FB8BC0580,member,11.228816666666669
58492A7C24658295,member,19.65745
5393D3DDCD533A36,member,7.0834166666666665
DDF438249E6BF2A0,member,9.110566666666667
EC0B24CC7C4F897B,member,17.32555
3AEA2A7AB1BC8A9B,casual,10.4717
8B7F5B114AACD57E,member,7.729583333333333
69F3D9F49FFF04FD,member,33.8428
F77A5EFDE9DE4EE7,member,5.239983333333333
5C813899CFE295F2,member,5.85275
C5CC1E6DBE2C3BB0,member,8.369266666666666
4AACB5D770FC02DD,casual,11.3394
B4103E348B568468,member,26.321383333333333
1B3BAE7BC9A622E6,member,10.86065
27CF043AD008E4F1,casual,36.08219999999999
89DCC20B4FD6A35C,member,19.46058333333333
82C5AD411A42333A,casual,14.221866666666669
BB8F8654D6C68B09,member,28.287783333333334
ECB94A9DFA2AC8CA,member,5.497016666666667
E506C7E41703B0E1,casual,22.63918333333333
A18C7F825490EE2D,member,23.35288333333333
8787DCA488B55BF6,member,47.11773333333333
458172F52B68EFD1,member,14.387966666666667
7FB5215D0EC6A132,member,11.76835
86756BDD8B85DA65,member,12.342683333333332
026EF4DD0046233D,member,4.6065
6169F283298A4DFD,member,27.873183333333333
99D619E6B15FEBA4,member,37.19949999999999
3E264B06687079D8,member,8.835466666666667
6A1CA1016B829E18,member,14.794533333333334
779EB2740BD3383E,casual,14.1166
225E64AC05459D9A,member,5.2031
C37388882D75255E,casual,4.915683333333333
83FF88DFCA2CDAB1,member,2.28965
3421B9F6B127EF6D,member,14.605083333333331
A7F790A2785B54DE,member,5.2125
9D43FA57A7621D9A,member,20.523016666666667
E9548EBFA127EB32,member,3.917033333333333
65BA21EFC845B6FC,member,25.80208333333333
088D38A5CD43F8CB,member,23.66013333333333
2B07DC22A78550F1,member,20.95603333333333
6A14FED9F6094862,member,2.24525
0761A7C4776788DA,member,8.974433333333334
8F25DE531D94A3AA,member,16.68648333333333
6E94118EBA03964A,member,4.056166666666667
48ADD6A15AAA887C,casual,17.034033333333333
14130CEC711E8137,member,6.130366666666666
E8CF49D69608BAE7,member,26.113816666666665
C5D86A3DA0FEC2C6,casual,43.21948333333333
E69E05AE92EA0FA1,member,15.2973
B2BD67318B7EA96D,member,5.994249999999999
9DC1B9ABCFC0A4E1,member,11.408466666666667
575CEBD15B0799BF,member,6.001933333333333
1550F6AE89E2008A,casual,26.9528
9563F2FCC9C02772,member,32.58925
E190C83667077D7C,casual,15.141766666666664
43B4E76C1C25D1CA,member,4.688933333333334
9D53176A37E09828,casual,4.804866666666666
ED43AFC3FAF9933B,member,17.896483333333332
64F8A80A406A35DE,member,9.835033333333334
5556314EEA064F82,member,9.5549
DD70E7220C1B9FD2,member,52.36258333333333
595B709F238AE651,member,4.923
CC0978E2986260F0,casual,27.15425
F8DA3329B3F925D4,member,4.55665
6E9157EF266B22FD,member,15.58135
F1CC1731E0D85042,member,19.92975
6C553B2FAC133BA0,casual,6.645183333333334
1A2E82D91A2F91C1,casual,26.8289
F55E351A36F6D8BD,member,7.596566666666666
57F5829B5A552E34,member,5.65935
579865E8FE25820E,casual,9.21195
544237DD9BC7709B,casual,28.444466666666663
863B4B234A6A71B6,casual,6.444100000000001
1C0D63DBBD5FF8D6,member,4.4275166666666665
1C1DFE86C7757693,member,9.77475
CE4EE5C681B3C3DC,casual,47.322183333333335
DCF4EDA15818076C,casual,13.143133333333331
9E42156BCBBBF43D,member,11.563416666666663
BCADAB29B9462900,casual,19.54235
3FE06AAADF22578C,member,13.259216666666669
82E59DE09A99CAB3,member,26.909516666666665
CE525C8124D125BE,casual,29.683866666666667
2B9812231D949F8A,casual,23.3736
B016E500382C9D6F,member,11.300283333333336
96D1B89D5F3BA23F,casual,11.124433333333334
79FC4ED73054EC79,member,1.5039
D546DF7F61CB3240,member,6.721066666666667
28030BBD51EC3F60,member,1.7595999999999998
978FF2EB517F9ED7,member,49.42543333333333
7A64162BC574D197,member,9.624916666666667
3665BE2455E25E97,member,3.85125
DFD146C1B8FCE70E,casual,54.584516666666666
90B200BEEF6FC1CA,member,17.91055
D0F60B61FAFAADF1,member,17.506116666666667
AD0B827AE41DCFB7,casual,24.9659
D3D9E0412E79B970,member,7.502866666666667
A2F69469E43B4F94,casual,30.613983333333334
9C7DCA64F7BC5B04,member,3.3119
2D6F2C6BF51014DA,member,6.478350000000001
AB92C622C5673399,member,3.674583333333333
A05277B38E101F01,member,21.56246666666667
6EB3FB394EC87F78,casual,14.529816666666669
662A345E4E3BBA86,member,6.997649999999999
74D540D5A7062D66,member,21.327783333333333
1953FA1156242B7A,member,18.7288
8AA24E5F8AB75B78,member,11.041233333333334
2F3418BB99F92BF4,casual,5.62125
013C46FD9C091300,member,11.31235
5125B846F8A34576,casual,10.0519
7064A05E92AA2695,member,8.782183333333334
C16F3C7E555F0FEF,member,41.54761666666666
5DB90608DBD2B725,member,9.48565
FA2BA1955634F401,casual,9.505166666666666
E765BB1DD824CF01,member,12.38545
EAB5293FCCC77021,casual,17.114916666666666
0CAA9712352A3953,member,10.518216666666666
8589D3A9826201C0,casual,20.47301666666667
CB581A747BAD8008,member,2.7075
03E83B39CD3D6907,member,6.934283333333334
53F5771EAF613156,member,6.547283333333334
2D297412814628BB,casual,35.37518333333333
15FADCC24A5B8EB9,casual,23.093633333333333
0CFCB944AF22F364,member,14.997800000000002
3C2384481AE14130,casual,79.94534999999999
3658EB40D67575B2,member,4.2495
F02823E178EF4CB2,member,9.108633333333334
860AAC4BD96BBEF6,casual,25.68773333333333
3C31042271F757B8,member,3.942383333333333
26910C465A061926,member,17.38158333333333
F607A28C914ED0C1,casual,163.49473333333333
2808AFA674F218FA,member,9.546433333333333
183F4471B5050CC5,casual,12.19375
585BE8A7ED0BB983,casual,5.5800833333333335
0C149F0A59BF2841,member,4.992566666666666
89CFBCF08AEE3AE6,member,12.140833333333337
5756078A0F3B5BFF,member,15.039016666666669
2A4929BA172C89CC,member,4.187516666666666
8F9295B40CE4D492,member,7.22565
4C72E5BEA81090D0,casual,1.8371666666666668
EEEBCB654040D4FF,member,21.14278333333333
BB55AB88FC7F71A5,member,14.00885
141FDCDD7AC21244,member,8.9746
9FAD651EB700C650,member,6.464033333333333
4B86D286F4DE12B0,member,4.5043
EA8E184E986E16AE,member,4.813416666666667
6B58FC685737244D,member,10.233816666666666
39BC69C0F93A1C61,casual,4.896283333333333
02F7B54EBCA63963,member,33.3074
B03D43EBA179E20A,member,3.73015
79EF78D13EEC9C93,member,9.505816666666668
9E06B08952732F1A,member,13.028783333333331
5E480EF906F274C3,member,30.59345
604F0520A7A67714,member,6.24075
A8E66ABD7279378B,member,9.91335
1F3A46354A87311F,member,2.689216666666667
C5332AEF869F2D71,member,5.679183333333333
D08B65C6C51EACD7,member,4.6669833333333335
B1DC17758DC603B8,member,9.72215
CACA8445A2E27633,casual,4.389333333333334
785E814E44B96A51,member,10.386166666666666
B2C485A56A8ABC5D,member,13.499683333333332
FDA6F86C072437B6,casual,10.561166666666669
51840181AD09C637,member,4.3604666666666665
7DFE32430FDE351E,member,9.316466666666669
A243521D1E79C3BB,member,16.2321
7F0E383906C853E2,casual,28.733516666666667
2A01593E5DAD1F74,member,4.76205
110CEF24AF5D0E9F,member,9.962066666666669
B45AD7A195C8DD96,casual,18.46688333333333
3F91CC45586C25A8,casual,8.711716666666666
D72B300B38999F87,member,33.66153333333333
2660B47B4D668C90,member,20.762716666666662
CE85D0BA83933F18,member,5.536533333333334
84C640F43AAEC4EE,member,10.930383333333332
273B5ACBDC9ACDBA,member,18.21688333333333
4F46B7DECC0BA580,member,2.9723
372688BF47E392F0,member,23.553
83EF1A169EA0DF14,casual,19.612
9118A45A97F05137,member,2.5030666666666668
17A7FB9BFE0E7370,member,7.357533333333333
77626E1E893D2BCF,member,14.0913
E2D10378352F9884,casual,21.271316666666667
2533C8B969C5F750,member,8.207566666666667
B881CD3E9B1292F2,member,48.70443333333333
CFE8C8C17A0C996F,casual,7.542266666666666
8B60BCFD6468B2BC,member,21.947883333333333
C56435BC17B9C1A7,member,13.683066666666669
1AE9824671480BC8,member,10.6402
A938FAD3CE6D51A5,member,8.1
D512E769054817F7,member,2.9018
575C49CA15F2E9D3,casual,8.685266666666667
DB2D765162D641CF,member,11.677016666666669
7ED1C6E8D0E7BBEE,member,56.54306666666666
3B66623C637CACAC,member,25.5817
3FE9B755ACACC16C,member,33.035066666666665
4DBD6927DEFFFC77,member,10.063033333333331
61F9E52E72ECEB97,member,3.6539833333333336
CB5999543341ABEC,member,17.07655
D3FDA2F4507B0CE2,member,34.94345
08DFA86F551AFA6B,member,26.694766666666663
8F48C81A2047DC0C,member,7.165516666666666
4C65268A12878750,member,7.43605
E9A38441DB9C7CBA,member,9.987366666666668
0CE9EB66C9D0066B,casual,11.8308
041E880EE631C379,casual,25.114283333333333
F4F651D928727D23,casual,24.65343333333333
CAF161921C5F7902,member,8.359066666666667
A418758F81A5090B,member,11.730233333333333
6C49DC703A4DB520,member,4.072983333333333
801D900CAFEC0AEB,casual,29.215516666666662
BDBF3C6D1813739F,member,3.7462333333333335
6B7DB14B55C5A67A,member,51.04358333333333
CB503D003A0FAE87,member,45.91015
FBBA1DC6A9548B9A,casual,5.8062000000000005
C86F9F3D2688EEC0,member,4.362616666666667
E1946F4F58AEFD1F,member,28.595016666666663
FE4E5B903607C928,member,30.52463333333333
AB387681FD509D85,member,5.019733333333334
85931D02A517C284,casual,12.963616666666669
28BB3A6567FCBCA7,casual,15.009616666666666
39EC7D95790FD46C,casual,7.896483333333333
4672D5E671EFD8F1,casual,19.528450000000003
5F1670FA95D7CF51,casual,35.85921666666666
76CF1BBFEEDA9F9B,member,4.163866666666666
5039F6A43882FF84,casual,12.703166666666668
036525C78C07226F,member,9.4378
F49A7FC8AC105995,casual,9.8884
08277BC8A9F24837,member,6.34605
643A180EA488D671,member,9.778666666666668
A44B4BF601800C96,member,7.76505
32F32CE3285314A6,member,23.0242
5C628E3EFF5880A0,member,16.863783333333334
C3213B52E1307DA7,member,10.217033333333337
ED2DAE166950F550,casual,19.084983333333334
6A1F5FA544951E56,member,2.3686166666666666
0F791369FB78F955,member,7.773033333333333
A33473AF2A2F213A,member,26.11703333333333
3C153EB5A2EA4DCA,member,16.411866666666665
CAA3A7B50BE3D596,casual,43.69865
33C2BBD1489AB8B9,casual,10.603183333333334
886849AD267F5B03,member,4.429033333333334
6E479AE68FFA2A01,member,1.8264
4EB13F54D83D1960,member,3.885033333333333
AEA08BF69B87BBD0,member,4.7075
C42F6522612CB213,member,5.6004
4234972C5E81E321,member,6.513366666666667
DDE3F527D7D68113,member,14.603816666666669
4AC54D25138390A5,member,137.9931
30212771A0C72052,member,6.99835
B874B5BF9926EDFE,member,8.589683333333333
0350BE3259A67ECD,member,9.1643
C3CE875C071019F1,member,4.873116666666666
F88C4011A89348CF,member,8.496733333333333
966DFB07A578B5E3,member,3.92885
3BCAF80F3437AE9A,casual,3.99455
70C53D4EB5514EAE,member,20.3972
65D892E4D0B2EC90,member,8.363
DB312E7DAB363FAB,casual,20.493916666666667
AE3B628A0C3E93C7,member,6.514283333333334
A17565BAB8AFDA6F,member,4.1889666666666665
B531C7CBE24FF035,member,10.705916666666669
2C8E583D7AD915A7,member,51.99965
89B077A90417DE36,member,6.483766666666667
CCB5C2593EAC47F8,member,20.8415
2DBE8ADCA979D6AF,member,10.383533333333332
EA24952DE3C9BEF7,casual,25.35803333333333
6B75634EE44AA20C,casual,32.81603333333333
3E2E6277FC907BBA,member,11.351983333333331
FD3004D0622E3237,member,12.763133333333334
6ABAF762392D74CF,casual,4.658933333333334
D4C5EDC1C3AB3BED,member,4.163616666666667
38B87E5CB2B8D1A7,member,5.5835
D8735AB918FD9B80,member,17.0361
CD986D2C6A9CF1C5,member,12.905516666666667
C207F1C6970A963B,member,14.5557
00414E68BD480D75,member,1.9386166666666669
9235BBA88335AD53,member,18.67795
307AC597A16EB5FB,member,5.399333333333333
F60FFC2FD1C66FC2,member,4.9825333333333335
5DE135913BE08563,member,23.708166666666667
E5E0DBD22E84001D,member,45.86036666666666
FBFE164831DDD7E7,member,2.8421833333333333
8A895520BEADFA93,member,4.657666666666667
92C58BF3CA157D9B,member,9.816983333333331
5C2B2F12883234BC,member,28.59613333333333
E79C0E0A40D51468,member,3.076866666666666
14F61D4EEDE711AC,member,4.421866666666667
6B663D800B7B6B82,member,7.06335
8DC26F9CC52E97FF,member,1.96765
BBF68C1D44A37C09,member,16.298366666666666
7DDB8BB6AB9DDD84,member,7.848366666666666
DA39C459D5226005,member,19.78468333333333
A77974A0C041CDA2,member,6.236516666666666
BFCACB9BA73711BF,member,96.56535
D7D85227947AFAE2,member,30.82258333333333
D000A696722A29EF,casual,17.498683333333336
505B0FF5B469D779,casual,19.8587
0BD944E2B61FFC7F,member,13.41375
1564FD8A9435F3C3,member,3.756583333333333
BC54C10ACA2A44A3,casual,21.55385
E09F1E108858EF0D,casual,5.992
8BC7FA6F338F687B,member,8.144666666666668
13AEC42ACEF141A0,member,8.1562
9B7819C6947B3D70,casual,5.311083333333333
22CA18ABC0302BE8,member,10.540583333333332
CEB61F876020C625,member,7.163749999999999
DE3F692E4785A618,member,40.12585
935251F8370A3963,member,6.133533333333333
9CB91E048DF8D810,member,7.020966666666666
0357650ADA2323CA,member,14.720866666666666
DFE99FD448F0154B,casual,13.3177
53570BC5DDEA18F4,member,5.376916666666667
0F802BDC110A2799,member,3.0601833333333333
E7DDA741FB603DEF,member,24.704283333333333
864CB59B28FB383D,member,14.246333333333332
4C2535FF9D2A6985,member,21.82855
3B030FECA0177D94,member,12.7453
9E3EC3821025B1C2,member,7.081833333333334
BA6BB84E3CE71403,member,12.652
D7B13D9E7A00215E,casual,30.86235
D3DC29D916B02EF8,casual,4.224366666666667
D5EA46B576B38F2C,casual,13.0295
CFD6EE65CF87037E,member,18.350483333333333
24A7DE6A5BED921D,member,24.79765
6B00CA23226D5447,member,7.213266666666667
F127001240B2949A,member,24.148466666666664
5F4C7DE692E9DB7D,member,4.506483333333334
55FFE7B83F124117,member,11.801566666666668
8C92E10024D952E6,member,6.7397
881EF2BF9C10CCD2,member,5.1853
C82FB1C68570AFF0,member,4.8204666666666665
2809175C52CB0595,member,25.5058
96755370CE37E541,member,31.113083333333336
73E5DAF71145AEB9,member,13.458183333333332
BB522C82E6F8A407,member,24.89241666666667
66DE4C670AFA77B1,member,7.979916666666667
08435491E1A7D2EA,member,16.594316666666668
3424508FFC5F6330,member,15.1492
86EDA12467C37E2A,member,14.29575
7BC59CB90B678C39,member,29.178366666666665
2EAE25937B4D9DCA,member,13.846766666666667
7A9E949BCB5299CF,member,4.041416666666667
F478AABAAB5EC58D,member,9.07105
0648804C96A20AB0,member,11.177183333333334
4B6DDEFDAB2E4135,member,10.41565
4BAED0CF39BC2ACC,member,6.7579666666666665
6CFE2D3F1C39DF1D,casual,22.157633333333333
F496DB78DFC88F6F,casual,14.330316666666668
AB73506E4E823012,member,5.5796833333333336
ACB80CC628870EF7,member,15.274066666666666
0FAD6882C9513334,member,4.1950666666666665
86946A6F1E02DF78,member,21.788433333333334
BD5479BBB42542B6,member,5.678066666666667
B67A7DBDF3F265CF,casual,9.122666666666667
09D39348B1A78B97,member,6.849516666666667
1FB72A583797ABD0,member,7.736016666666667
A5AFB6380F5CAF19,member,7.475233333333334
7E9D6360D8539896,casual,6.213916666666666
13188A6A306E23CE,member,1.8046
31528E49A60D1D8D,member,7.64835
69072E3CA4CDCEEC,member,31.108866666666664
5073E303EA3C90E6,member,18.267366666666664
7DA32B3E9DADC1D0,casual,16.721600000000002
5B2B0501A9B5BEB7,member,27.4521
9F58452D8DB4AB21,casual,39.162016666666666
9D1EB7D958018BA9,member,13.562933333333332
0DCA0FFA51FC0035,casual,112.952
82ACAACDE97BF368,member,3.266233333333333
7F59F9C38B1F599E,member,7.88305
43E6D125CE92D665,member,13.22235
4CDA83C90E83A6D0,casual,4.0700666666666665
16FB163F99BF4FD2,member,15.96895
D57648F6AE32FEC2,member,11.369066666666669
6E0668298E87E610,casual,8.143849999999999
74BF015586CB3040,member,5.230433333333334
7C83F35DE7339848,casual,26.865483333333334
2C0D09A68A8FAE37,casual,16.301
DCBE27C54FDD8FB0,member,1.9984833333333332
6A75ABFFC7A58FAA,member,29.206666666666667
FBF7A1F3D92E62EE,member,7.6216
7C3F0337EE64F11F,casual,13.0477
E3A3742AAD560927,member,4.766966666666666
B68721FE25C9325D,casual,13.888233333333334
7182DBA7660F04B3,member,8.122383333333334
305CB2D6F856E189,member,10.60545
0C7B5EB8BAD6165F,member,5.228483333333333
19FE50DD1EFD1888,member,41.42438333333334
9771299395510E3F,member,32.16748333333333
7F94F485CAFBDFC3,member,3.4182
61489535B88DC652,member,3.78825
B39E9D57849FCE1E,member,6.401333333333333
6787B4019E9D0CAB,member,25.1083
33759F9C9961D45C,member,13.033033333333332
B64339EA236D41BA,member,5.173066666666667
22CE79A7E062BD66,member,11.404183333333332
9B45584678657167,member,15.128466666666666
F16F694D305D8ED1,member,1.8201833333333333
C4A30F239340B518,member,10.02215
69FD2D7E7F236D7D,member,15.502466666666669
35A1B5937AB0A215,member,5.234683333333334
2B3DA82261CFAD0E,casual,8.633566666666667
56AC9FE5AE3D0BB2,casual,12.76065
BF4C17C66264875C,member,4.58635
D79B3818A0B12664,member,7.389533333333333
55DA20A7D175ED52,member,4.759083333333334
442F02533E3CCD86,casual,7.80475
AED134ADEF08B6D3,member,28.3781
C74E426121A60D74,member,13.10265
905E1FB0EC3D11F6,casual,6.106066666666666
DCC317A20136C43E,member,11.32305
C9289029BC38396A,casual,27.85438333333333
BD5B6DF1CF25DCB0,member,8.317183333333334
7CB2D10123E5681A,member,17.848366666666667
585BAA132B38CE09,member,13.0202
893270513C452E2C,casual,1.61025
7FFA49CF5B935974,member,13.927
E0AC53D42622D301,casual,5.0093
D4C5DAB0105305A2,member,5.07275
23C29CB8843B0B23,member,10.02845
362FE505E079808F,member,3.9663666666666666
118EE3E0AD0F8F1F,member,1.5452
F445775420A66927,member,6.430416666666667
3793515C27721AC1,member,5.398433333333333
D06B2D2186429E85,member,9.76685
D8EF5352D06AA831,member,25.540166666666668
B5CA15D86A08656B,member,29.47645
962FD8FEDB45B07F,member,2.33685
03FCB35FDDA93B43,member,2.576983333333333
23B2823F2328B6D4,casual,15.119966666666668
44396B801E0886D6,member,14.951633333333332
732B88F991A3036D,member,11.408516666666666
2B62658C3FD4B7DD,member,9.688516666666668
ACA7D2C97E73FBD3,member,5.669983333333334
8B572946097AA081,member,1.8664166666666664
757C83BAC796BA78,casual,6.9483500000000005
57CE3FE943020F92,member,14.184266666666668
C1C7775B081B89B7,member,12.756083333333333
3ED9CC8A5F287242,member,19.88905
1E8832B4E15139AF,casual,31.0489
9CD9F9EE65E5018A,casual,16.797
B00422670B6E4F85,casual,21.498366666666666
6E6580AA96D82329,member,7.164683333333333
23827F315D2C42BB,member,14.51815
F86501A69D77816C,casual,7.0925
0837EFF5F28A3D6E,casual,4.890566666666667
0A93FB4D9E0C89CA,casual,20.53803333333333
F5493C894286CB0C,member,3.1205166666666666
2C38E491B5D4CFDD,member,2.144033333333333
A3F7AF661D63DF37,member,10.79345
FB5D482F0E1F7D84,casual,12.497016666666669
958931A99E01B411,casual,25.329716666666663
60D2E6F5186D9A74,member,39.06193333333333
7F6F0FA532663E9B,casual,56.39416666666667
D97A79D01DE2B6C5,member,10.9391
656BC95A4A9C4BE4,casual,25.607666666666667
6BCA733914939285,member,10.773666666666664
95C5DE0D6DBDA4ED,member,16.589733333333335
2E32B2CEE257E249,member,33.85315
05D7EFC664F1AAEA,member,15.729566666666669
37407CD9C54D9BE5,member,9.297566666666668
91D70275B290494A,member,2.93095
493AC2F09ED02327,member,2.8675
30CFA1FFA70A5F2A,member,25.050383333333333
A3FC912595C4FBF7,member,4.52295
E05BD8EAC4CEC044,member,2.1902166666666667
F239FF49D5972B60,casual,6.3663
CE0EC3AC2C5BD804,casual,20.79485
F83E4C0BF9E9ED9F,member,3.494333333333333
AE548D14039DFFC8,member,8.920216666666667
09C96B2A480E2421,casual,9.48655
E528746B4E678382,casual,10.739966666666668
F2F208A0BF427678,member,16.456666666666667
88207186208472DE,casual,2.8424166666666664
B15D26107B394B79,casual,10.803966666666668
B384F57B69E9BC6A,casual,7.97455
08E30B1C2F9FB99C,casual,38.8444
F962F75A518F93A0,member,30.945766666666668
0E31A94838BE9752,member,11.919433333333334
02C34793E664FE27,member,32.812333333333335
7B7BD97BA2B6B956,member,3.441133333333333
9820F4FE17FFEBF4,member,4.604033333333334
7BC6B26D7A89232A,casual,29.595133333333333
D9BED6716C2D2A98,member,10.988533333333333
E610A16D786BC774,member,3.6169
0E55FB5CD56898BD,member,4.303166666666667
A802DF0B59356A39,member,38.057
497F9E228A9A2B50,casual,19.173266666666667
6F62EEF3955AF64F,member,9.45085
4BD16FF85B98C195,casual,6.2059
B6BDFE2FB37CED15,member,8.420883333333332
1E4B367B92173F41,member,15.333583333333332
616BA0C8FF49589B,casual,55.04691666666667
3A5A6802282E4DA7,casual,17.447283333333335
721E009972391B71,member,16.948766666666668
FBCC16F79E6A248D,member,2.60145
B6368E17140A830B,member,7.782216666666667
B0F5DB649C1FC765,member,2.108116666666666
DE0A540201FAF591,member,17.320216666666667
AD7A4506777A8CA2,member,48.058083333333336
2FDAC5BACBD51429,member,3.2008333333333336
9CD67A4953F24F29,member,9.2169
0F70706DA1728EF1,member,4.937
1830B09973D23E65,casual,5.105316666666667
65F1DE1223E3F5E8,casual,13.126233333333332
19A92B7EEB02AC53,member,11.2948
5609E98C4929F739,member,10.452383333333334
46A5966DDD12B371,member,2.70555
AED73BF1F624F273,member,10.77365
FF811CC5E2AD934E,member,5.931716666666667
C375258687F8B151,member,3.0459666666666667
5B7BF616A3409817,member,5.312583333333333
D420B003E885BB16,member,21.339533333333332
5F08084D07ED4105,member,4.217483333333333
6FD1FE5EFB668BE5,member,2.0834166666666665
0C4547FC14B924C0,member,3.1382166666666667
39C04EE28C4BE32A,member,4.446566666666667
52A62BFFA8E8A765,member,83.45106666666668
A8EEEF4775A9A8C4,member,20.176233333333336
A7EDABF0BB54B0EC,member,7.217583333333334
479EE873B5FB5C3C,member,12.320966666666669
D8F7678E448E19E4,member,4.675683333333334
AC3BE1BC70A25D1C,member,18.68808333333333
6B97FBFA253C2E69,member,32.14026666666667
CF393687B897EB59,member,11.569016666666666
246B4882E0F6AE73,member,13.535716666666668
D6C2C91128A6D359,member,44.62398333333333
D21709D7A37036F9,casual,5.946266666666667
1DAA2801CDA86DD4,member,11.48915
66D14857B984339A,member,8.172416666666667
08F4F2F4772D8C4D,casual,25.78105
7075B382EBF0E777,casual,2.473516666666667
ECD0581D506085CC,casual,25.0324
75D0F3418CA65A99,member,30.261666666666667
A3B5B659596E53BF,member,5.9839
E047F099BE18D952,member,4.542
3833FF0A8712A497,casual,11.301833333333333
5AD2F48935CF0F1B,member,17.294466666666665
0872E0E47A2D63DC,member,12.427266666666666
3D5BA09E4EEE7A85,member,12.2648
6FC575C99E21CFFC,member,38.11145
76E6E21487B87038,casual,14.310433333333332
78335ADC28B6B64E,casual,20.57218333333333
38F6E8710187F735,member,13.663066666666667
DC426002E4439EB1,casual,73.44411666666666
84727A0AA3D98C72,casual,32.2166
CA9D822D1D5EACF9,member,20.776516666666662
C6639CA2ED4DEB0B,casual,72.55808333333333
9DDE0E47A22B3643,member,9.588666666666668
46BE6F9F9DBB7E79,member,36.82856666666667
013377DF3FCC4219,casual,10.479966666666666
CDAD5E53DF28B53E,member,5.514483333333334
5DC5770C7CC327ED,member,32.146966666666664
BCE12B29580126E2,member,13.2239
15F70D1F3B9A4717,casual,17.553133333333335
97410BD4E96F79AC,member,5.7778
1E8666FF68B8DA62,member,9.952183333333332
92DE2CEE2B771402,member,13.032283333333334
896B4BDF2E96FC20,member,14.972433333333331
8EF6FD4D1556A4CD,member,9.914
79782490303BFEA7,member,8.828650000000001
64FD7A7FD4889AB1,casual,72.48693333333334
04329A693B141AAC,member,5.749516666666667
0616A5DBF426232A,member,10.147366666666668
06E275F8E2AFE91E,member,22.7229
78E319AA3A3AA459,casual,23.940066666666667
1B81EC46C07DCEF0,member,16.633216666666666
A1480DCEC52CD26C,member,27.17035
04A2241BCBB2E9DB,member,9.408683333333332
744D9AC1CCB7699D,casual,36.329566666666665
D498145404243447,member,7.220766666666666
66CC83927DA13418,member,11.5773
60F0F95E68AAE99B,member,5.818666666666667
CCDEBB135411F9CD,member,4.437466666666666
1D3A7DDDD6E71521,member,10.3063
482F801B09E62BCA,member,3.80655
FC1AA59F3BAADA4D,member,42.6677
D4EFC13A75F741C6,member,9.479733333333334
40D9B2957CD55702,member,11.029033333333333
3CECEB999D24A83E,member,7.9548
5BA34BD9B1AE91BC,casual,12.1592
80E0B86B47A27236,member,46.96691666666666
2CC920A0BD8F9410,casual,25.37385
BC731B43DFE97D83,member,37.51365
3813FE061470D5D1,casual,46.55318333333333
BECCCCEDBF1CD1D2,member,14.641966666666669
82BB1CAC8D7D6958,casual,8.596483333333333
46D0E3440DD5BCEB,member,11.237466666666668
1DB174FE2FEBE0B7,member,14.625416666666666
647DDB000AB8F565,member,9.48015
6780CFE60B56AC89,member,9.599383333333332
B2A83E79E1F3E8DB,member,11.493366666666669
884B35EAFCD72267,casual,10.094866666666666
061A8CB15E3C773A,member,3.36675
C8943E62AE43453B,member,5.497133333333333
E83449139EA16DAA,member,4.5353666666666665
A2871A09F5391776,member,8.209116666666667
FF5F737543649718,member,5.63425
91B476AE88696CFE,member,11.163533333333334
5AFBAB4C69439903,casual,18.180416666666662
41978C495FD6902C,member,53.85851666666667
22C90A8F7A64901F,member,10.3718
B342C8E01651C4C2,casual,131.71826666666666
63C216957BDE290B,member,27.45115
7E12DFEAA7075A7B,member,7.78845
1CCA991D007E39F2,casual,4.262283333333333
900BF93FF370554F,member,8.799100000000001
BFE6810CE0E3B6BF,casual,9.0774
5700D4A30FDB21D5,member,13.576183333333336
0F1441D374144F93,member,31.67853333333333
8EB964C1C1324FF5,member,11.4677
4015FD655387756D,casual,4.1411
51EFBCC9957F7FAE,member,28.41245
6754A07C669F3298,member,3.065783333333333
4C6187C147CB5039,member,2.5612666666666666
EDD89F116C4203E5,member,16.790566666666667
405B5A0018E7A835,casual,6.4585
5128E49F75F00BE0,casual,14.330833333333334
9C924B0D1F80ACDD,member,5.434983333333333
09479E403EEE84A8,member,10.049033333333334
D2078D4889C8E1B6,member,13.02085
4076A8E888DC5AF4,member,10.315983333333332
619A67D9F0EFEF7D,member,3.77415
246BDD80635EA95A,member,16.085816666666666
9D6383F28608152C,member,19.9202
720F558075EDC79D,casual,7.0494
EEC9A2E11C89045A,casual,12.724383333333332
117DE558EE2072CE,member,3.03155
86274BBBC598EB75,casual,4.89125
D494209010A1FDB1,member,50.55303333333333
0FF972ADB415E8DF,member,9.56215
C5287256C4A17C8F,member,15.459366666666666
A3D956A3DC3F0A54,casual,21.31353333333333
0A6CBBCC5DC70EF7,member,24.269816666666667
A6748E05F93F4732,member,2.3954
74C3FD6FE8B41AC2,member,4.915083333333333
1E168FBDA3EFFBB0,member,4.181299999999999
CDBB10752BB1EA5F,casual,25.2675
2BC0B910C03DA381,member,24.00636666666667
FAC14E1B82491ED6,casual,28.838766666666668
9E49E8F951449B18,member,8.325483333333333
58A0BE347348E415,member,7.654683333333334
619ED202E08C6368,member,3.326783333333333
A704FB5BA80262DC,member,4.1665
8A37084BA69905E5,member,3.218166666666667
4338EE6FD86D3616,member,5.7115833333333335
AE8D644CD03FAECA,casual,6.472766666666667
4CFBEADC4757F30B,member,32.86731666666667
CD0B0A05BFE57105,member,14.827116666666663
F5B912C7200132EA,member,21.577683333333333
1631B309787B3AB5,casual,7.24715
32349C96C6ADE2F3,member,23.90583333333333
120052221AE32702,member,14.867616666666668
D32BBA659A0B1693,casual,17.2962
E36EE7AEB3FFF036,casual,6.046583333333333
4025C1E88D308037,member,8.550616666666667
1344B23F356D6078,member,6.675183333333334
F3BFD65E3C4714FC,casual,10.982683333333334
A789D728BCDE5225,member,11.544633333333334
D9E94D237B30813E,member,11.159616666666668
B217108EC4879930,member,10.4249
159B995035AC9A0E,member,8.346233333333334
F2C42B2651EEF3EA,member,24.201816666666662
D86C3537612BBD55,member,12.16005
5C208C3F3111407A,casual,15.02115
3E447AD4AC96A2C3,member,21.8305
F513F3EC2A6B3EFB,casual,25.712866666666667
ED84AC2CB82D15E8,member,15.444383333333333
40476CDC2964070A,member,5.0818666666666665
6B6B65888775A3A7,member,6.78065
D21D28BBBCFFD033,member,9.972016666666669
59C298E43BB8BA3B,casual,10.209766666666669
25FA87FD1227C3EE,member,16.6244
FC9C35DF4EBA34F6,casual,13.851816666666668
A09321B1F41993D4,member,7.219983333333333
D5B95CBD13C5F475,member,10.41715
1EB9D7F7B0857799,member,9.11575
77EF487CEA7BCE78,member,8.536816666666665
D4EDAB90DC0E2745,casual,2.3376666666666663
A56A583BE67C6F4A,member,20.388966666666665
51A6B4AC0D731C5C,casual,30.161516666666667
1891AC58C24C05C5,member,5.716933333333333
F9C9E42398209A2B,casual,64.4179
A47971D3B14E5EED,member,2.67735
788B2A3AA3679A79,casual,6.909916666666667
E12EAD1ACC975F75,member,39.7575
0FC6E6B1439B87A0,member,4.039883333333333
377DC166140AF4DD,casual,5.505416666666666
361038EC8A468972,member,2.3769666666666667
00644A7E30CD205C,member,14.0424
D1F9A128A710CCD7,member,6.168616666666667
92C3FA45741C3607,casual,10.826366666666669
1D125BAAFF176A29,member,11.087133333333332
4551EBFEB5AA8BD7,member,3.77765
4815CEF736740B50,member,4.775333333333333
D123DB9A8A805898,member,34.04841666666667
252FBA44E7329F84,casual,1.7129833333333333
BFBA20CA46CE40BF,casual,11.450966666666666
B7870429558A6EBD,member,10.28315
3801074388B1478B,member,18.12963333333333
87A49FA6463B2CB6,member,5.035666666666667
1526222FECC7FB6D,member,15.561466666666666
AD3C8B7FB1A936F8,casual,42.57958333333333
92105695B290538A,member,8.145116666666667
294CE12C61A1857D,member,7.058533333333333
6067D586DC77E1BE,member,7.7675
5DAF6E140EA9A962,casual,4.616183333333334
1DF0A49A7DF59346,casual,1.6005166666666668
03C1B071006035B4,member,9.430183333333334
93759439A84CC02F,casual,7.8782
D0E6E807522A9C92,member,35.21126666666667
829116B87571416C,member,30.4893
FF39CF02C7A76341,member,12.945066666666666
AAAF08FCD71BBCF4,casual,27.78043333333333
DDEBFA0C061BF2DE,member,6.287083333333333
75876906514B47B6,member,6.283883333333334
A85FF241F16B9C36,member,14.474966666666669
49581EBA0F8CD54D,member,8.08055
0005CD48BC2F21CB,member,35.003
4226E2D15EBADDD6,member,7.440283333333332
DE183CA4F51BB7D5,member,8.5229
608900A5163CC299,member,12.71485
84474BBF50591B4B,member,18.8309
71F064DA1633F235,member,18.155666666666665
5FB742DBEF5A684B,member,4.75045
AEFF96031827DBEF,member,6.101783333333334
B65A76008BF991EC,member,12.8166
F41B89B49291D04A,member,3.13205
6329E1B5B443B127,member,8.860733333333334
1E7C901091A0BBFB,member,12.3492
49CBABFE7CE231CE,member,45.80963333333333
3A54880EC84392AE,member,1.4061
6B0EDC37AB1801B4,member,3.4827
C357B9E56AD93080,member,2.42075
7AC7991F76B934B3,member,12.186833333333334
5F61D8EB3EAFE33F,member,11.737333333333334
BD52175273F196EB,member,5.972533333333333
CDBF971E99EA8719,casual,33.70411666666667
9F8428251A6DD61D,member,17.801766666666666
EB876AAE189CEF99,member,2.05735
06A211FF6D344F67,member,14.031233333333336
420270182216C81B,member,14.444816666666666
CE44A6352336A65D,member,6.317183333333333
C583637C27FE4C16,member,17.047800000000002
E9916A849ADAD419,member,8.835383333333334
C624F587B155E0D1,member,14.69715
4FB16F2A7550DC40,casual,50.97586666666667
4BCB68FCFA953419,member,1.9722166666666667
DC4CD21325C8258A,member,8.070866666666667
4D59C5E2BA0AECD3,member,5.628916666666667
AF7E03B6CD69F734,member,7.343833333333333
F83DD9469C8021A7,casual,9.165883333333332
09927916F3CAC8C5,casual,34.555283333333335
7C162D05B04C2FD1,member,4.703383333333333
35A1810BD3890A10,member,6.4874833333333335
4A7795F5762BE059,member,4.5766333333333336
4AC2B76EF0595E40,member,4.81355
63F84772BBE41230,member,9.89455
8E5BB3C4E061A0D5,member,7.21005
47AD5693991B2809,casual,33.9159
554360F22917CC0E,member,5.910416666666666
3A3CDF762E1910A8,member,8.476483333333332
FE05CBD65BC579DF,member,13.29845
A4B60026D5631A20,casual,34.00711666666667
A85CA908EB1E4D18,casual,6.750083333333333
8B0D29BFC3410136,casual,16.367783333333332
681A03F5D718FDE1,member,17.755966666666666
5A6B7FC7C58CBAAF,member,11.787116666666666
26C0A58263C68BB5,member,24.2051
5C003C2E55604B4B,member,4.6511
753A43C657D48FFF,member,18.3004
0FAFAB4286352E88,member,13.756866666666667
CB28979A06C95F9A,member,5.55475
8B7CADC60D7985F4,member,7.198366666666667
6A0CF5A9F5135F31,member,24.653916666666664
411C08DE8D048727,member,9.66195
B08150DF0DF9AC55,member,4.0871
3621B8CF7FC408D3,casual,28.38963333333333
69377B8164C5A772,casual,5.835916666666666
8E575B82E86DDB05,member,9.225816666666669
F8089848B56EC8FD,member,9.856883333333334
E376840D2860F8A4,member,16.1478
41782DFA77FCBFDF,member,4.753583333333333
7D86B156077DFB41,member,19.23365
DCA472BFF903C446,casual,12.802366666666668
E8ADE3941466DD63,casual,25.860966666666663
F741AAB9BC854C08,member,6.224033333333334
ADEE6FBE892AFCA2,member,2.31015
66FBC588772BD5C2,member,6.050299999999999
3C062938974A3798,member,10.260316666666666
F3F128D779912097,member,4.950550000000001
34C2744FE59719DD,member,5.035916666666666
150551DB453B1726,member,10.156183333333331
D3721A478D02983F,casual,3.75065
905D7EF76F67A138,member,5.351583333333334
AF21E36E58DEB4FC,member,2.87645
480C61D6C0AD6213,member,9.506916666666664
25F033CE913313EE,member,11.35775
F786FE0849738D1E,member,22.313883333333333
75CEE03489829663,member,3.683833333333333
8217A4A78BE6993D,member,5.272816666666667
7CD05D9AA41D813B,casual,48.48066666666667
F1D0BCFA009DD884,member,1.9848666666666663
BC35D671A37F8D1C,member,8.839983333333333
77BE18625141BBD7,member,39.50565
B44AF1785EA2E493,member,10.2303
9BD298B1FEDAF7E1,member,8.376516666666667
A3566EE8A04A741F,member,3.6625333333333336
5121B2BEA484E6D5,casual,12.701633333333332
E7FF72AA32F708F9,member,14.70935
04A0015F2C6C4A9B,member,20.7408
A39EE2FDC766D4B9,member,25.328983333333333
1623D634D1C04AB6,casual,6.349133333333333
388BCE8FCD2E6336,member,13.509533333333334
055B29D1335CD5F5,casual,13.56155
C82DEFDB00A537B8,casual,5.694583333333333
2D5A46CF3569761D,member,10.734716666666666
78F823744C98AEC9,member,18.017100000000003
9F7EE37E5394A221,member,4.368250000000001
03ABDABC5360E047,member,18.0157
7897BB2C3C5F423F,member,3.6988
9D72D6C3D21DC393,member,1.7176
DCC53D4594186988,member,6.215783333333333
1AA69EC2E181644D,member,8.11745
F43E7EF33A2D8038,member,3.22455
DC5A41366DAF6691,casual,19.283183333333334
CBC271D29B17B05C,member,7.89995
13FEFCE6129634F7,member,4.2488
FA311F5A6BD13344,member,5.320449999999999
D3CF865E8DF757E5,casual,4.326716666666667
97A15CE0A9157B38,member,13.857183333333332
DD4E9A3B973FFC9D,member,4.5776
D8083B222BA5B426,member,20.691750000000003
3C294684C65FB4A2,member,6.68015
87379A55A8D69E2F,casual,6.989283333333334
9023EE9CABFC3E38,member,10.122116666666669
F29F21591E482B7F,member,6.379183333333333
10A593AE7E18D75A,member,1.3363333333333334
EA063A1E94A9EF67,member,7.056583333333333
61BF376AFF1A4BA4,member,15.186333333333332
2B3D77A6EE63A369,member,6.354666666666666
8D50B1E1C5C503FE,member,6.9874
313B755497187937,member,61.08358333333333
C1A67CE0E094568E,casual,14.752
F438FDBC1C88313F,member,30.015216666666667
6D771CF89D9F2BE3,member,4.97395
F3BE3A3A9D783097,member,8.927366666666668
81DD123FCCA56EBD,member,5.05465
76C966BC8B302A99,casual,38.35665
6D23492C428738E8,member,38.4043
02286DC4CADBA3D7,member,5.695983333333333
1BF828C55F71C71D,member,17.213
A782D16E282CF939,member,9.477566666666666
8BEBF35359DFC37C,casual,22.9801
9ADF792A549BFFFB,member,10.0472
5BA5825113A6DFFD,casual,67.64235000000001
6EE3B72E479B9576,member,1.9764
DA8A0730EF03F72C,casual,23.1566
4F977370422C3CC7,member,5.862383333333333
16D685674D36556B,member,28.1234
09AB36781C65A5AA,member,24.738116666666667
A210F7DD49D1B77F,casual,4.04475
BAF5B989CC9D86CE,member,2.36685
77CAC97D7E800585,member,15.02795
BEFB09978CB41874,member,3.239833333333333
E24A8FABF26A117C,member,8.1139
FD62DE30867B585E,member,7.373833333333334
B75FABA788889E6B,member,7.73185
199DCEBE61C867F8,member,7.30385
E91E1B0D03DA10CF,member,25.827783333333333
D30C3B9377EA6358,casual,11.331316666666668
BFFA01C96FD9DDAA,casual,18.03388333333333
F795BC5F53DA761C,member,4.153116666666667
6688C9474E7C35EC,member,9.634133333333333
565E1632E0F77F7E,member,5.4896666666666665
88C6D162CB82E4D9,member,4.446483333333333
BE740A59444C9049,casual,7.0488
F6CD7980EEE11B15,member,29.910083333333333
A9AAC19CB6032D88,member,25.88968333333333
2BC0737F052E9A45,casual,53.48316666666666
EE5450932524ABBA,member,9.578566666666667
4380D017871CA65D,casual,20.446900000000003
7210DC1B8684AC4E,member,17.681383333333333
F0ACE471E1F8B365,member,7.788833333333333
D448FDB4BCE9B0DD,casual,34.94798333333333
DD8FF64D44B09B7F,casual,21.16305
1B893647D84CA6C2,member,27.38083333333333
E3FFBCF804EE0000,member,8.531749999999999
30AF61454DEAF723,member,13.817333333333332
1E0445D9CEA2930C,member,3.636383333333333
81EB5B7E5CDD9254,member,17.373066666666666
AE78E1D4B5451AEF,casual,144.67468333333332
274E795BE9838300,member,3.066533333333333
B536F06A175BA18D,member,57.31851666666667
5D053E337DB1342E,member,2.3248
502C61B94E6668B9,member,35.13558333333334
A135C5947FF89E6D,member,5.979666666666666
13720897AC1442EA,member,8.199183333333334
EE75B9416453544A,casual,14.355016666666668
F5FA074D8A44F81F,member,5.151083333333333
920E82AD8CEB162C,casual,30.00115
B1AE118F73088FB0,member,3.661983333333333
DA288EE132BF65C1,member,4.622483333333333
D28378FA01905F9C,member,10.0806
976318A5697F968E,member,3.482666666666667
66E7C7529E07F208,casual,8.305583333333333
30E8F1F102B5ABEA,member,4.075233333333333
8188193ED95FBE98,member,9.3695
C4386671D62CF32E,casual,2.1197833333333334
BB57F20657A1B293,member,5.61515
479C185F7A9E2E75,casual,6.241333333333333
4332F86DC9B0BAB6,member,8.803533333333332
F3432370D6B01103,casual,5.311416666666667
02DC7B55D3508DAA,casual,13.156583333333334
D95CD17EBF867A50,member,7.655983333333333
B2EF74A432E4A083,member,5.087966666666667
9B6680924D8F16DA,member,8.085133333333333
A9A978306E9E0B4E,member,15.823266666666663
2C6789C8A65939C0,member,14.299066666666668
2E561ABEF3BECB3D,member,33.441383333333334
A13C3B661BBA21B2,casual,11.532333333333334
2EA20F8348D30A9E,member,35.480716666666666
03848BB54E64418A,member,10.93175
B6269445F6088933,member,10.476266666666668
3E15A5A416E628C7,member,17.036366666666666
AFE900B0CD55C8D3,member,15.105066666666666
8CCDD80C1F0D325E,member,10.244083333333332
BA1BCD38AC053A6B,member,2.58665
CEECBF5F19F73F5A,member,54.501783333333336
6BAEEB9DDF34454D,member,2.6138166666666667
A6CF4EFF8694D1FB,member,2.28215
84B971602C7359D5,member,7.32925
F661786D371FA956,casual,8.3544
38E6D6855DA1550C,member,12.001916666666666
55FF8A52501651EC,member,17.884733333333333
39553F4A65E4F60D,member,6.652066666666667
B5C1CEE5821D33FC,member,5.020583333333334
CABE1E56F58CBEAC,member,5.940366666666667
FC365D21C91FD5D1,member,3.7214666666666663
428EAE5A75BC6588,casual,6.8544
CD25B58A79BD034D,member,30.8631
DCA1D74D4E62E544,casual,48.35156666666667
C7CAF984CDF108C8,member,10.2743
6B15F9568F1E4C5E,casual,43.98878333333334
7298D6A74D620910,casual,33.76826666666667
33BCB5049BDBAD5B,casual,12.134366666666669
D2A22A880ADDABA4,member,10.900266666666663
06B4AB7069EAE5D9,member,8.487466666666666
DEDF53BD68983E8D,casual,19.343766666666667
E468B60A61E6453B,member,3.5937166666666664
C776961FAC36F8DD,member,3.6179666666666663
A1D01F41A7CA9795,member,9.643133333333331
34836943B375E430,member,22.039066666666667
B33C3DB7B786E10D,member,23.88185
DCC4A918AA90E598,member,29.25585
C3759BEB9757C887,casual,4.714066666666667
9675028591298137,member,11.37265
C66BA19F353E4030,casual,13.9945
4F03B16BE1163AAC,member,8.462733333333334
D69AA041633A5062,member,27.3782
708B83685D808C0B,casual,78.29181666666666
26B62CBCE17543BC,member,7.914816666666667
33151681B03EF314,casual,25.99373333333333
1EBC94ACB7B1EBEE,member,6.362799999999999
017BE225381DA645,member,10.9002
F4D36D6241304247,member,12.908666666666669
D9A7868331F073CD,casual,9.850133333333334
A502A1AA14881AC9,member,8.3131
F41EA5A115CCE882,casual,31.15918333333333
FC558A7D4744E12C,member,2.8250666666666664
D17205DFBB45E8F9,member,9.581916666666666
C65454B22BE33FFF,member,81.32918333333333
DEF904CB5C383D08,member,16.751583333333333
417F174A28C8943E,member,15.591516666666667
3EFC9F9EDF4ED291,member,1.4006
530ABBAF7842DA91,member,3.309966666666667
C298A9F8D55C0F8C,casual,18.05883333333333
06B59E96BFB21028,member,7.600183333333334
5336C4B0BC24EA3A,casual,24.13406666666667
222AC11997AB2028,member,6.41875
AD9EE38D74DA43A0,member,4.464133333333334
1B6879018181228D,member,19.3932
57F54D39F2DA456A,casual,69.75708333333334
4312007A616616C7,member,1.8467333333333331
6F6D76F5C6FEE564,member,19.8894
B79303092AB3DAA5,member,3.6425833333333335
20104A5C5EFD3427,member,5.527683333333333
CE21F197E97C3600,member,4.63235
4E2ED662158C85A3,member,12.212466666666668
B93ADB7C4BBA36E9,casual,42.0217
B5FE5B823E02B356,member,5.376916666666667
441986EBD32D50A1,member,18.885683333333336
198B4A34C1481D71,member,19.00156666666667
5FA47F52FF70447A,member,5.907216666666667
D968931770589701,casual,5.532033333333334
12C138F373C20353,member,7.586316666666666
F64C6FA3C41C0324,casual,9.48325
83477135982AB530,member,9.241583333333333
43F1EAE0E6E569C5,casual,29.578233333333333
0E14600EF2311FF1,member,2.999016666666667
2FD0914DFA6F16DC,member,14.147316666666669
9541B17678A32AE1,casual,3.918233333333333
81B5A0EFE96A8552,member,1.7159666666666666
033F19BB463D615A,member,6.31355
E8F03755949A4E7B,member,11.452666666666666
F317CCF14CB19A48,member,8.670766666666667
111C73090EAB67A0,casual,5.99075
890FBFFD7954AD4C,member,24.21523333333333
1497CD171C6B7E15,member,7.411633333333333
42D4B413E5FABC46,member,4.943566666666666
919FA0BF9FCF3932,member,3.439483333333333
1CBA32F8E77125B2,member,36.4779
6F045D778E835215,casual,27.392100000000003
A9B8B76A2FF9816A,member,5.3908
1704401E586A3DA0,member,23.44763333333333
4C697B788C45D808,member,8.017416666666668
DAB7E59C26A7144C,casual,18.446066666666663
633344C439DE86D0,member,1.716883333333333
8DE79E470A035D10,member,7.094116666666666
F20E047A050A1A1B,member,7.216466666666666
B0C07FF780FAE316,member,7.503683333333333
C08553773A140E17,member,10.282316666666668
DD10A87379A454E6,member,30.58053333333333
3A9AD5356ED45E36,casual,15.2901
CB1E7229992893AB,member,9.92245
369B1BF64E4A8E15,member,6.643133333333334
9AB28035F717F00B,member,3.627583333333333
BE588D2808EE2F64,member,5.156883333333334
71752BF7B847624E,member,18.004450000000002
21312D97696AF284,casual,26.1242
EFCB80079C5FC65B,member,1.6002333333333332
A24C210BE0A8D152,casual,8.989816666666666
42070F2EA8C78535,casual,63.97988333333333
CE3CAB8FB087F86F,member,3.94245
B9B52BDDD7B0CFD8,member,7.012983333333334
59D53AD568941CFC,member,19.62135
253B14AF232726A0,casual,4.700233333333333
E2555F31D1D58B68,member,6.443466666666667
D7BCF2D6342D5737,member,7.204400000000001
186D5E0B73DCFE90,member,2.902066666666667
75B9F8471B8128A5,member,9.549816666666668
459DAD35843EE4D5,member,24.696583333333333
B39DA3F1C403F161,member,11.81355
CA3FF1694899047C,member,6.3117833333333335
7487B508028AB91F,casual,11.1805
1E7C30FB42373448,casual,25.004466666666666
EF6CE6615D7F6056,member,4.475
6C701FB194F44B15,casual,27.026216666666667
69083308669852E0,member,19.37815
B645CFE7EFA918D3,casual,13.976
4391BD86CE2484DA,member,14.7417
E76D2CB896A03135,member,5.877533333333333
71F9D879B66F2D9E,member,14.646066666666666
DB8B3FBE476639E2,member,5.191783333333333
71B5B52129188F7D,member,3.63005
7FFFBA182B82CF59,casual,36.91798333333334
3007A34143D6EE2A,casual,8.338916666666666
E17AF26B9E01A553,casual,8.202166666666667
D39E033D7875456C,casual,32.73186666666667
B141D542AE9A6832,member,7.762316666666666
6B0046CCE17B366F,member,5.628933333333333
5C33D5F1CA40F86A,member,3.2251666666666665
5B47C8C04AB66992,member,9.765833333333337
CEE5E11BC1FDDBAA,member,5.542016666666667
5C7964309B2936D0,member,2.760183333333333
03A5ECB65774992B,member,7.1398166666666665
18E33EF3AA0406B6,member,18.877916666666668
70CCC01995D75030,casual,31.907466666666668
215F889F8D33B05D,member,5.873266666666667
66FFC16A9DC57796,member,2.8984333333333336
51335A2F400EAF7C,member,13.95095
90BDE9C9349600E1,casual,17.11253333333333
4B7FC9E1B1B15431,member,10.86755
47FF433989DA5272,member,3.3608
FF8931D5043E914B,member,19.346633333333333
CF23866A92F44C7F,member,8.05055
74399BE53FF30DCA,member,21.739166666666662
0BAEEF94B450B5EA,member,15.836966666666664
A6AC79DCB6F7CCF1,member,17.915000000000003
E6131B62102B58B0,casual,27.27155
FE799C4B3F581695,member,3.4532833333333333
08DD580CD92D3A6E,member,36.2519
F8616307052AC87B,casual,6.666666666666667
E662E852B4E76BF8,member,16.988183333333335
723CBDCC844A1B60,casual,1.8246166666666668
7C8A6F777C982201,member,42.58206666666667
1766BF102D316928,member,10.800016666666666
7D187E35717BBD43,casual,20.305733333333333
877A5A18363636C7,casual,25.7136
263B0638C4136DEA,member,14.750116666666663
0E54E254222D2655,member,12.453066666666668
426A5CAF22BA2026,member,11.087516666666666
73EE2AEDA215B5AD,member,26.709983333333334
5DFF8A8D976EFEB9,member,22.83663333333333
DBB2DD561F34516B,member,2.621783333333333
36D631A3E2387C13,member,5.257883333333334
2A5FCC3060489579,member,8.61255
1D6DAC0A90BFE985,member,14.32905
BC1280DCC1F729AB,member,9.863866666666668
4C3BE0DD04BD47D6,member,6.537516666666666
200FDB97B55838ED,member,3.3026833333333334
D7AF4604C85015FE,member,7.0782
AA2066C1DBDB2D64,casual,35.24115
D258ED15B1A52FAB,member,4.974316666666667
89D4ACA11FC8C700,member,16.78615
61BF7E56874BF757,member,4.579183333333333
45E064A2B135C1BC,member,20.789816666666663
0DD018D690C99698,member,9.764216666666666
4B919E1034A762C5,member,3.64165
4AA3C31171C81ACA,member,1.651333333333333
97B64927F1613AF5,member,30.322966666666662
E6FCF5ABAAAE74C5,member,39.988150000000005
2C4688A388A48786,member,18.103266666666663
FFECA35268927F32,casual,3.7887666666666666
38ED852B5DC9BBD9,member,7.574483333333333
1EE3BCFE04C44A16,member,4.977483333333334
59C89F4BA1584815,member,14.6557
13ACCD1E771CB79B,member,14.435066666666668
921DC68151FC0A3E,member,11.568083333333334
EB879B3E5B6FD8B3,member,1.2765166666666663
94E9AFDB8CC6E213,member,34.6661
0CBA794B188ECE93,member,16.385383333333333
4D4442A861A527D7,casual,1.089
54D015253359A479,member,8.561
12FDD153AA70A88A,member,3.4258666666666664
A3DC594A91B528AC,member,14.182416666666668
6957978473CB6359,member,3.0709166666666667
8D58DCBEF5BAFD7F,member,15.913083333333333
F7C89431304116DD,member,3.742733333333333
1A88F60785F3DB7A,casual,4.96815
433E520546D52BAA,casual,60.69886666666666
E24830D2BF6A33D1,member,6.322683333333333
D0D027BD7D091C27,member,22.9534
4837B2D260041013,member,10.712316666666668
5708D0A3B7C330E3,member,7.397516666666666
B09564CF14135E55,member,16.286266666666666
77D30E02E6563FC4,member,13.356416666666666
3D176A15DA0957B8,member,3.111733333333333
CA0250CED7DBEC62,member,7.558716666666667
3AB5CFC69B7095E2,member,16.85285
3D6098CE8D8D120B,member,5.759200000000001
6398B32ACAA7D392,member,9.652
EF54094737097E72,member,11.64585
775AD6064A4018CB,casual,7.00515
1AC4846D3A592737,member,2.49215
817D6E9025C714E0,member,30.72338333333333
AD6A91518FD95E43,member,27.335733333333334
043B7253924D0BC0,casual,29.91865
EE9100A6BB372DC6,member,9.867416666666664
3D7787D990D7065C,member,10.5114
BA9FF112B3FAB542,member,10.556133333333332
A72E8A8B6B25C968,member,5.063383333333333
C1CFA19A3D9E8AFF,member,16.364916666666666
4B23231979F9A1F6,member,29.280050000000003
283476D8AC5007D5,member,3.766733333333333
6795044649AA96B3,casual,32.8411
BDF376057B7688E5,casual,80.32498333333334
30509CC38DF87213,casual,2.920533333333333
A6A7EC85F13AFAFB,member,11.506616666666668
4FF60FFCC023212B,member,12.105183333333336
C0A21F5F0D8D4007,member,10.3545
2790AA27A479A1BB,member,5.005083333333333
39E7DC029AC19163,member,10.3647
05A7EBF4109215A1,member,10.252716666666666
E4D4A83EC8E3CF1D,member,16.05431666666667
032257B0D590D6FE,member,1.0718500000000002
3306AF2974FFB5CF,member,15.319533333333334
E12854C2670DDDD5,casual,15.18875
FE197F0184519C53,casual,14.0368
F821106FF9769653,member,5.920916666666667
A70008F321C895F0,member,4.550733333333333
5F5D3079DF913163,member,16.631783333333335
7C34109935785D03,member,4.326616666666666
D60ABD57E3484167,member,6.53295
A0E7B83781AD47A9,casual,19.118666666666662
BFB4249424AFE3D5,member,5.344016666666667
24F0C9714B0659D2,member,9.383966666666668
EF656041C82AEFEE,casual,76.49140000000001
9693D780EAD3175F,member,24.0391
F7CC2AB74D2B3CB9,member,6.3258
6BCB916DB07AE346,member,10.268766666666666
3E95B11C9E35A4E9,casual,15.1993
4A3AD668F22E4F87,member,12.843366666666666
7B5E57757F5BB028,member,2.102016666666666
D2FE3438D66F45FB,member,11.33635
C847EC53A2CB2C83,casual,14.83885
512461344C60FA54,casual,33.44018333333334
517EF2632EDBC38F,member,16.328016666666667
C08B59DCDC8F2A6E,member,24.26595
9B7345C7EFB4E813,casual,34.225500000000004
6BDE23E8986464DF,casual,40.89353333333334
C2540CC8214E4E3A,casual,6.28995
C12D0A759AD15B68,member,24.79321666666667
6C696452F166F647,casual,31.729266666666668
EA8511F0988E1734,member,2.563083333333333
2BEE3F28ED12F249,member,18.003766666666667
A50C6CBFD3837A7C,member,6.690333333333333
3B1B3146317EEF7D,member,8.033933333333334
CF0187070B325D27,casual,45.30278333333333
EDAAC873F26E8EC3,member,5.049766666666667
675ABC9C0C1533E4,member,5.555616666666666
2C7B1D1E0D7606FC,member,3.0105500000000003
9596419F77B36A9F,member,2.7600166666666666
5D41DF05A16D87A7,member,18.65425
F63E14AF470636E8,member,10.466033333333334
7D3EB7F40D138C8F,member,30.61645
142E96BC2703BFCF,member,10.038283333333334
0B6317F2C01CFD09,casual,4.527666666666667
5A1912D78D285786,member,5.295366666666666
40BFDB19AAD97F1B,member,4.6296333333333335
957A7E86C8A2547A,member,13.827183333333332
E25DAEBF0629C652,casual,29.5402
C36F38D598B878B0,member,8.115450000000001
F9C56B8AE94B718C,member,5.4637166666666666
17A32ED030D2E205,member,10.6095
0075236BEA55AFBF,member,3.6364666666666654
C34E565CA25B4C97,member,4.2039333333333335
C3011392F291E41D,member,16.971133333333334
2B80A9B0D2DF9EAA,casual,7.511716666666667
40DE1FC4D04A9975,member,6.409949999999999
FCADD5902DECC3A7,member,3.2131333333333334
664658C6793601F3,member,18.38468333333333
201BFC948E3189A5,casual,8.7601
D7E34F13D5822134,member,9.352566666666666
1451F62D3DE427C6,member,2.7843500000000003
B9219721456FA261,member,4.565133333333334
FC3096C70AA7C705,casual,56.139716666666665
FBC8B2D7ACAAEDBB,member,7.844399999999999
E1504D8450C8A87D,member,8.191983333333333
9821D1E4DB28F579,member,11.6656
9E7CAAD5FFB171B8,member,8.331883333333334
BA939C58919FF9B3,member,4.27335
5FB0CA210C2B60E6,member,2.509883333333333
FCDB1514697DD023,member,2.871083333333333
F50EF31459A85C2F,member,4.71095
1E798071C496A60A,casual,30.901166666666665
98F4EC8E7E8C2358,member,3.887183333333333
545CC827E06958CB,member,10.095966666666667
258041A7BF26545E,member,7.770283333333333
7A4D1A84307C2992,casual,18.292716666666667
AC8A9EDDC997D49E,member,7.4347
65082CE1EBEEC7DD,member,15.924866666666668
1E4E1C94E321E6DE,member,20.027066666666663
3F74B433F0EFFC52,casual,13.288966666666663
DA3A60B5C4F19C5D,member,4.161116666666667
08F6881D6A8CB29C,member,14.762016666666666
D24F076A964BA049,member,10.531766666666666
701DFDA25A7777BE,member,8.529833333333334
98C16305E3AAFDC8,member,34.000166666666665
1260A8A3E8FBE835,member,22.33975
92271708139C9DE7,member,23.444883333333333
EF2BEF0E2D5B5116,member,4.715233333333333
C22194DE4BD25C66,member,11.328
32D2D7501A8DE20E,member,5.481533333333333
D85F9A374AEEB414,member,2.4623500000000003
0EF175C7F937955D,casual,4.4417333333333335
0501DED54117CA19,casual,8.639766666666667
A94D0541198F4B46,member,8.591516666666667
EC659D6AC459AE64,casual,14.43685
1B1E79679D49275E,member,12.222683333333332
292BD06D95249143,member,4.3318
CF034A341A201E27,member,3.11855
EC3B1C8EF62839D3,casual,12.733483333333334
BB2EE6C358C00AE4,casual,11.675066666666668
70C6CF5F4ECE0033,member,4.01305
906297090293C040,casual,36.31445
0469B07ACDCBD27F,member,18.023616666666666
C440A8F85BFC221B,member,8.5815
57FD633F82BA8F26,member,13.961733333333331
713A86CA25EDA9B5,member,14.328266666666668
16D6A46F1CB39523,member,11.836433333333334
7D2171BF1D31F7B4,member,18.705883333333336
7C106DF59BE12024,casual,2.44255
17FBCB886C01B79B,member,3.7905666666666655
B62F84B8D2A7E10F,member,3.19365
DDE9676BFA6B384F,member,8.7699
9EA22EA065F3BBEC,member,4.962933333333334
988DA198CFB2F2CA,casual,43.443533333333335
16D98C38D145B9B9,member,19.51588333333333
1FDA9E9980CBD8B4,casual,16.498866666666668
BEB124BF17BBBDD8,member,4.943333333333333
28AAD0793BF91BFD,member,6.205550000000001
9562ACEA8A3437DB,member,42.3083
5CDBA602E38EE9F2,member,21.461133333333333
6E7F01C8931492D0,member,22.844716666666667
1CFC97CA7C1C0C9B,member,12.210333333333333
6BDBD3D6CF1B292D,member,26.654433333333333
DBB771329B73FEF0,member,5.541250000000001
A04D1C1F34F3891D,member,23.950233333333333
215C2D2649DB733E,casual,8.201316666666667
BC748C345817A1C5,member,1.8112
058EFD25E4E3E615,casual,1.7827333333333333
AE7BB6A705C42C92,casual,11.661216666666666
69BCAA5B8900BD5C,member,2.405183333333333
2229B95F63A3D4B1,member,34.7555
6C91C7D36476A6CB,member,5.759833333333333
14DC174385C6EDB3,casual,29.218733333333333
47D750D25C579683,member,4.7202
FE8FCC3BF5790A55,member,6.414616666666666
8F3D8B800969C4E9,member,3.1479
D5D850EF82BACB7E,member,5.583116666666667
4F29E678D2983499,member,8.098633333333334
A283CE6DD616F656,member,80.578
EC7DE48483AE5F59,member,20.270016666666667
E4715E1158C57783,member,18.51268333333333
E127E551FFF95FE7,member,10.807
4EE4F45A95E664FB,member,1.9532833333333333
9C3E6BE05E56D6E8,casual,28.56545
913B009CEA5DCBEB,member,11.394583333333332
DB0519960EF5ACE8,member,7.350750000000001
66EB6034F7C52B8E,member,4.606
3D23157AE0CD47E9,member,3.4328
8C0520E67E78DADE,member,24.187133333333332
BA1B04F7DB4E2FC8,member,24.42103333333333
4E8ABAFBE9E94339,member,12.093933333333332
521B173B045B57D2,casual,6.723333333333333
8A03B6AB93AE2C4B,member,18.59765
B2FEE01BC1C717B7,member,6.60315
8993902A18EBF5C2,casual,5.899733333333333
5BBD3A345ED0C475,member,9.0266
AA63F9CF6CED5776,member,1.8799666666666668
31DA3F3FE6615E78,casual,34.09073333333333
4D845FDA6F828D5C,member,11.508783333333334
0B8DD6EEB8EFB1B2,member,5.054833333333334
DDB810F61EABEF3B,member,11.449066666666663
C62380A1DF7D3ED2,casual,8.809766666666667
B8FC91AF6744A02B,member,2.0446833333333334
A95704DC5B7E92F7,member,20.00978333333333
32A9C20B06C2DE90,member,24.6245
541CA4B4FA4FB520,member,4.3914
EB544F1732BF8C55,member,7.80785
FB2486D535ECC9B4,member,5.568
0C2CFEC6FA7F2F82,member,11.228783333333332
2710DF4D2C750474,member,7.209033333333333
6AE5FC3749C36F90,member,10.250916666666663
5DDC25FA11EFE24A,member,1.587516666666667
4647796124D955DE,member,4.702783333333333
3C425499AE2929E7,member,13.632883333333332
D5D133154E1E983A,member,3.778733333333333
87AA0AA4E6A334C2,member,15.721233333333334
D6363F3DD3750670,member,1.6176166666666667
961761D501303402,member,7.070233333333333
8707358446CF99EC,member,8.987033333333333
223D439E7C675AC8,casual,28.11368333333333
ACA20D49B58A949E,member,23.1489
741A9D0BCC60786D,member,5.87295
1E7F756906278990,member,38.75521666666667
3371EE7E1ACD8A7F,member,11.455216666666669
AED3257BCBD5251C,member,10.45105
424CAD26DD00A1F0,member,22.49885
F846DC2FC01B4781,member,6.804266666666666
D37BE9F703842CAF,member,9.5151
D5DE40A44760CD27,casual,14.077066666666669
3CE32737DD60901C,member,5.725416666666666
E6EDBB1903540ED4,member,4.763116666666666
410DEF8474FF6E07,member,20.4001
3E91BC6BDFC9069C,member,15.9856
810BE3805DE25A67,member,13.649833333333332
1E0925CADCF2C241,member,2.4410833333333333
CB35ED1BEEA042F5,member,6.497533333333333
CEC81ECAF9338880,member,6.4953
E6342ED669E9512B,casual,6.486833333333333
449E9EC7591B1F64,member,46.444833333333335
9590DB8A1B316ABB,member,8.612683333333333
59374E2EA20A7088,casual,40.06675
8CB9E2623F6FCDFE,member,5.13675
62C68F07E421B749,member,5.555016666666666
FA97AA428B67443B,member,5.9785
D49512B34A92C0A1,member,12.4108
8683F50B3985A79B,casual,18.89098333333333
C164C4232402B5DA,member,19.33665
0573A4E9F810D110,member,26.700750000000003
5D51537D2033890F,member,7.720583333333334
801FF1651407D824,member,9.033449999999998
775BA54811361F85,member,23.93253333333333
81D2D26EBF6009A2,member,5.34075
608F2D3D15D6E0BB,member,10.4349
B0AB9F9329DD8EA7,member,7.963566666666667
5E0C94BF0BBAB6CE,member,6.5314000000000005
8C3899492CE1977A,member,9.907283333333334
80D466A75DB5AC86,member,4.575716666666667
B959F7A7EB7F9136,member,9.77975
F06F7DE13028B529,casual,5.669466666666667
D60EB1DB1142CA7F,member,10.712216666666666
DF89ED4E0059C656,member,42.9556
D5476A285DBA5985,member,3.8680666666666665
747F4C554B2A62F2,member,25.847583333333333
00536DD017366C27,member,6.214799999999999
09C418E007C3EBEA,member,8.895666666666667
DF7C93CA034FA677,member,7.528633333333333
4B12D944F8369828,member,11.7826
A1E5640BA0819B1D,member,9.32745
8A7D7797B1D20100,member,3.9366
75F197314B909677,member,3.7928
A8C4178ABA9D4D03,member,9.326633333333332
124A2BCBF24BC0FF,member,20.72896666666667
C4A78F7A7EBDA092,member,2.33725
7A6DE99E47F94CC9,casual,2.771666666666667
2E3AB2FAE6927DFF,member,3.3187333333333333
0488C7D3CC52E40F,casual,28.876216666666668
B94E88372782B589,member,4.557966666666667
1FED514B2B9E91E2,member,10.856283333333332
4007458704F93177,member,16.452183333333334
9297E0A241AAF805,member,9.157116666666669
E7ACD888ED868E51,member,10.198183333333333
4D6CE1F6FF1D77A6,member,37.776
9D4F3861F4E5893B,member,25.39081666666667
C3E773D3C829E563,member,3.9302833333333336
3802DB617D025015,casual,28.227116666666667
0F0F91DC311C8185,member,13.286966666666666
0E30F641E9839785,casual,15.801683333333331
8128E7DD6DC493CD,member,24.31733333333333
D5CB4E108643F9A6,casual,17.2543
8A3596103AC2A6D2,casual,16.893933333333333
E41A81037AC0C072,member,27.39995
5936B0944EE38C88,casual,4.025383333333333
7C89514D1B9B2193,member,11.759683333333331
8AAFB0E0141841BF,member,19.130983333333333
BA7265F35C52518B,member,3.771433333333333
5EE851EA79E38880,casual,10.5231
DB67007D0E719E58,member,8.316283333333333
8F8D2DEA6765CE23,casual,5.263166666666667
422CBC7EE8FFFE99,casual,20.94255
FCE918CE3F82655E,member,11.9611
0A1CAD0CC054A6AE,member,1.04445
5B7073E37D85EC48,member,19.150816666666667
6955732B43696B5C,casual,11.96935
2DDDBDC8D19AD865,member,2.7982333333333336
071FCAD428178381,member,10.626566666666667
27E46F8C1D36BCE3,member,26.699683333333333
EF74263D69CEB566,member,14.6857
1A75A8D75F83B54D,member,7.517583333333333
ECC57B31E74569DF,member,9.607566666666663
D35E2B03101C1417,casual,1.6072833333333334
D14AB466F7308069,member,12.876616666666669
6F1BCC1B7E2F81EA,casual,18.235916666666665
14ACFB0A48D4120E,member,14.2462
9A1D9ED45CD4E8C5,member,6.1470666666666665
9D301EB92E0E705A,member,5.320633333333333
436777249C1693AC,casual,16.775316666666665
8157ED4BD2A99E60,member,2.36215
D1A860A4B54CA7D7,member,15.445933333333333
57650D47B4AC66D9,casual,11.850566666666667
4CF1B903C853973F,casual,12.79175
FC60692C658CA734,member,17.64173333333333
9BA9D84A63D05E20,member,4.614183333333333
3D4E3E3432BFA382,casual,5.308966666666667
62EA049A4ED6DC9E,casual,37.97606666666666
63098EAF9219B223,member,5.8845
D66A290DA648E0B7,member,5.906733333333333
67BD58A2D4A3E51B,member,6.298683333333333
696B353298CD26D8,member,22.62748333333333
1057B7991A323890,member,3.719833333333333
108D0AB742572F6E,member,29.68613333333333
A3DAA9240FD49DC9,member,7.101683333333333
ABD9939B8B825229,member,15.087516666666666
213E6B99559A5103,member,22.24505
FE663D16CF1E5C6C,member,3.9013333333333335
CDA7EF6ADC6264E4,member,30.44291666666667
A7C2570A6327A85C,member,8.31345
7741AA5A5C24CD9A,member,15.4036
EBC88B7A2DDA341B,member,1.7626333333333333
8F9F29BE512E298D,member,6.0220666666666665
EBB50A39117922FC,member,9.489866666666668
B900773A8B467C8D,casual,16.100366666666666
7C2D2F594CB8A8BE,casual,59.15638333333333
E44912EE149D0B81,member,17.394883333333333
18CF85A8257E96A7,member,18.58405
8E590984D0B06754,member,22.02905
41EC4F75750A83ED,member,6.740483333333333
AF889A32A6860A0F,member,7.238616666666667
13ABC220B422B2FF,member,18.33485
DF96941EEAF1A894,member,5.285200000000001
DA725634A3FAE24E,member,8.43855
9D9679396D88C8C0,member,18.92396666666667
477AB55BE50F8E86,member,19.12855
96EAF3ACD63095FF,member,12.788583333333332
D90159E69C8FF991,member,5.334816666666667
ED029BE57FE4FB1B,member,4.04205
2F62DD9003C0A60F,member,33.301050000000004
F500A3B4FEB92E78,member,24.17095
8D8AE42E80658749,member,36.46711666666667
5AB9F9EB372E097B,member,23.53073333333333
3D8974A57681D83C,member,7.985816666666667
F6E35CC9FEF4E132,member,10.414466666666668
7BD3417E6EB47C40,member,14.19035
9E475EF8B65FD89A,member,1.54735
4199050BEFEE4AD7,member,5.2081
753CD2EDB2A7AAB8,casual,26.263033333333333
84EDA04008035149,member,36.15493333333333
2973221C82CC7D79,member,6.579383333333333
547E9C457165C2C0,casual,9.1886
AF88C4926788F8A0,casual,35.78456666666667
6860BEBBC45C0158,member,25.59283333333333
443B9D27A3B0D8D0,member,8.392583333333333
D1BDD843C5916A2C,member,13.418016666666666
A7B1300FF4B1A1ED,casual,11.246783333333331
F608182AB1B15C40,member,5.1761333333333335
B66CFDFA2EB727B8,member,9.999816666666668
550746E3E4939AB1,member,6.047466666666667
8C9D0222D442B338,member,21.96825
588DCA797C170ED5,member,4.70045
AE3AEA2535F45CB5,member,3.0133333333333336
B5E8844F3D46431D,casual,10.4878
42364737B207F083,member,26.46495
2724332D2B378FC5,member,2.5875833333333333
C318368F865A983C,member,22.5924
1D95A80E0EDB54BD,casual,47.22068333333333
FEC44350ED3DA506,member,43.76508333333334
C7D016014AE25647,member,7.1125
A342B28B80802BC3,member,13.538766666666668
83898A1556387605,casual,9.8962
0C081994353C2CB1,member,3.176683333333333
A755DCCC8CEEA6C4,member,2.4099166666666667
CA80DED8FFBC10A0,member,47.3007
EEE5B0867ED3E4BD,member,3.363516666666667
3300C9B999D79B99,casual,20.51168333333333
C30B52B2A8CD677D,member,6.506483333333334
6767E113ED65D70F,member,11.3575
EBE2B86623B5785F,member,9.10795
8B79C7013213FB2D,member,16.60825
E909BBD64304B0C8,member,9.33405
AA76E5FC42180DFC,member,27.41166666666667
E38226EC1B0A7976,member,1.5634
09A778834BB4986B,member,3.3383
C42EC1A024779E64,casual,18.65408333333333
A5232933E36C7F9F,member,6.756666666666666
B5E71E5C4EA29295,member,3.0348166666666665
6EAA4B5A76DBE0A6,member,13.36155
85A48C655F02EB18,member,21.80175
08F90B28B4BC84BB,member,7.979416666666666
2AAA38C6FB320648,member,12.038716666666666
21E75A48C15CEF0B,casual,35.11725
C951A355F8A0EF09,member,1.7709333333333332
9112C256CC8BDC67,casual,3.765
D61AA224E5A0A79D,member,10.524966666666668
036373E56DEA7CDC,member,27.5449
93E877736B748541,casual,28.479750000000003
8E29619D7879EA37,member,10.663
A491DE1C1AF96CC4,member,8.690266666666668
F29C6F2C7291CFEF,member,8.134033333333333
095177844FA6B6B9,member,8.133083333333333
0A9D28902774974F,member,1.7915
11DA121D9FBF8382,member,1.5044166666666667
340573C7B8C27BA7,member,31.4196
91694931B6EA28CD,member,19.13583333333333
55D3786D26E23880,member,17.1097
2930D6A3A1174E84,member,8.925783333333333
540708D8A77AD428,member,17.9072
FFE84674E1D869F3,member,13.43935
D20852CA8D53584E,member,8.469083333333334
9CE05BE969947596,member,24.383316666666666
FFEB48E3A28DB65C,member,2.02105
CBFE7B970AEB78F9,member,7.519249999999999
51D30B0D0ED192DE,member,10.474183333333334
9D0BCD03DAC18E8E,member,13.008933333333331
501E5235DD061587,member,12.313116666666668
86866222DA0039B0,member,10.6791
0A5EF7360C9B6561,member,4.091083333333334
D7ED0DB71ABB4002,casual,12.32685
292F5DF1255EF1D0,casual,7.7237
722E119263BE090C,member,2.5372
B6759A48E35DD055,casual,20.35465
259336E859801887,casual,6.446183333333334
4C8FE44B8FB95E12,member,1.6485
9F0F953167F9D433,casual,13.484433333333332
F60D6ACDB82145F9,member,17.815299999999997
753AC4E1E9A11685,member,19.634400000000003
EDBCAD8431A66DAE,member,28.3978
90A8C8A2073391CD,member,5.910200000000001
B56ED7FACD026D03,member,11.822366666666666
86E13B0F7334C682,member,26.533066666666667
5B1DECBF1B89840E,casual,7.12455
036A86083584DF99,member,3.0439166666666666
F1E37AE74362B8A5,member,12.4709
67F139A6A8411C6E,member,20.402083333333334
803D8237D9908A4D,member,7.790816666666667
58819C60BA7F94F3,casual,2.361483333333333
1566AD27D8E0EA5B,member,10.96915
846B4D11C5C6329E,member,8.615983333333332
26B1ABE2592A1901,member,12.301433333333334
CF575214F7C7E718,member,3.6313166666666654
E11D7C224E028D41,member,16.751683333333332
D26A5DCA4FC1BAD9,member,6.8966666666666665
23374C3F39FBBF8B,member,10.126266666666668
05DC4E77C2415724,member,19.599466666666668
B1BC79D6CD262357,member,3.74495
1519CE9789399EF8,member,3.642866666666667
2711D17E4BAA9226,member,5.1501166666666665
D36EA271A6380D74,member,9.456733333333334
CC9DD800ED1E0F33,member,11.14835
F6831678423D719A,member,27.271733333333334
99AC493F84E324D0,member,5.4192833333333335
8665729E2D4076FB,casual,8.551566666666668
1E21F6DE26C60577,casual,6.934033333333333
6E6F3B91D93A7561,member,9.606816666666669
FECE96C76CD47505,member,10.570066666666666
807C4B1F34636790,member,2.7350166666666667
61222AA026A558F0,casual,11.44995
09B455B7E373C76E,casual,27.14075
3D682E51E74BB91C,member,13.424583333333334
E0C40ED5B59654B3,member,21.080166666666667
CEF4BA1E8574934B,member,26.759733333333333
A5A1563A5AC1290B,member,8.546416666666666
F77905C1B397379D,member,4.7447
9BFDBA897A00A5AF,casual,10.377266666666666
8CCB66B8D39614EE,member,5.834016666666667
769241F34FD2A5CD,member,1.7901
2340CCDA85D2B969,member,10.173883333333333
01F38787BFE1B49A,member,10.15625
728751BCA1B6F6E3,member,4.992633333333333
F8CC28F116AB1A6E,member,5.620166666666666
F3093BE52F57F585,member,13.26385
30FFDDB7C4EA44F4,member,6.056666666666667
606A7EBCB5E1D2C6,casual,29.9448
CFC5DB3922A259DA,member,4.937433333333333
667EA83A9AE50E1B,member,4.84725
366DDBC4E00A59A8,casual,15.20835
62B3CD548A691655,member,28.172716666666663
4084CD2AF7E83D7F,member,35.830749999999995
A72C890994A8BF75,casual,94.24206666666667
3805A2BDA325E611,member,5.2437000000000005
110214620425210D,casual,28.361733333333333
C17047D71F088674,member,13.29285
B36B498F90123CD9,member,11.613483333333331
EDDB5C4C741B340D,member,4.938133333333334
7E0B53EE3673909E,member,13.466266666666666
1D815B1A0B503BAE,member,10.721183333333332
69F46D3C4BAC502C,member,4.9298166666666665
916FC35C720E6D8E,member,22.69215
E685FF0E4E438214,member,7.566283333333333
16C2E130B01523E1,member,11.733133333333337
DA16F6DC20495449,member,24.578983333333333
77DECC20B01D30D2,casual,17.91645
8598BC9AFCB2CF34,member,2.7111666666666663
BB60B036B6CFC392,member,9.307683333333332
85034647BEB7CFA7,member,4.474466666666667
9ABBA430633C7D8E,member,11.6337
6CDF6203C7CF93DB,member,9.6602
A832BC994D5EE6EF,member,19.8694
A8D5DDBFF38A84FB,member,6.62055
BD52B82C982E4E93,member,14.65675
5C818F350BE23524,member,34.38748333333333
3F745C23E31F2EB5,member,3.3987333333333334
48291224B8525D58,member,4.292466666666667
281D0B1A962D8826,member,3.9076666666666666
7769D62CF41DAD59,casual,10.73255
4F8F24606CF61567,casual,7.517349999999999
C9E0EDFB6E9C03A0,member,6.59435
DFE17AA3505A88D2,member,10.169366666666669
6B5584C3E0767423,member,1.2266666666666666
42F4E5DFB138A09B,casual,63.89108333333333
BF35DF8609E7F832,casual,13.11715
B868150D3133281D,member,33.808566666666664
91B20702408BF014,member,69.81028333333333
5A9D25DCB918FC84,member,2.4249333333333336
D674D5BF022D0DA4,member,7.28985
AC51DC9D6BE9D4DC,member,6.142250000000001
71E19E175D0586D2,casual,35.17985
B3A0597418A909EC,member,8.042533333333333
7D69BE657129ABD8,member,4.7883
AD58FAA8E66EDAA1,member,13.417916666666668
F3AC4E491A220A4E,casual,24.685366666666667
EBC6DE4D6E86B46D,member,13.677466666666668
DE02C1DAFDB77381,member,3.541933333333333
2FEFFB45FB4441C0,member,7.9863
582DE52F506BF41F,member,17.120166666666666
30DC1EFA169C2903,member,4.901666666666667
0A63A0B25CCDD459,member,5.132633333333334
948C770CE7BE78EE,member,3.930583333333333
1386E3939C1188D0,member,2.0215
BBF3C4ECAB8ECA81,casual,28.784333333333333
09F84ADE722871B3,member,21.55715
760668551CBBCB86,member,14.03615
CEB5AD1C2F45B89B,member,3.024466666666666
CDF6451466EB98F0,member,5.78735
84A7E65A855EE66F,casual,7.66825
910F54445296A9FA,casual,11.5156
B9732E6A04C4FDCB,casual,27.797316666666667
2066CFFBEA29F929,casual,43.06845
2F3A3ACC096BCFF5,member,11.697416666666667
868E1C4028AD02DF,member,7.793716666666667
28FA572582AB8F24,member,1.14845
AC1C441C5E1EE09F,member,5.030083333333334
4F9504035AE09B58,member,10.28635
C2CD055DE4B5DC45,member,6.466233333333333
01293BFEDA164024,member,4.3624833333333335
D1610D2CC3F31E9A,casual,9.529483333333332
EBD021D092DE7DC0,member,21.799883333333334
6BE47F937DCFDAD3,member,5.779133333333333
BBFFE917F2ED3021,member,35.76135
76D8EB904A49C2C4,member,18.66615
A20DF0B7825307FF,member,31.10663333333333
21208C429A60DA2D,casual,10.711466666666666
B19378060D49EFAE,member,21.084633333333333
5AC7D7C4CB05BD71,member,2.413283333333333
DFC465713A0BEF2B,casual,41.4238
B3930A6E2FE8EAC6,member,8.028066666666668
D222C0B9F5D8716C,member,16.59156666666667
4D3347F7BBE92652,casual,8.541533333333332
562AB930CD4EEB9D,member,1.382
55D611D744D4C57E,member,7.949816666666666
1EA5DC20C737787B,member,9.006533333333334
F83687F4D4580F0E,member,39.40865
4AAC17A30D124CD1,casual,10.561433333333332
0A724BA81C792407,casual,14.945733333333331
1F87C18B35342300,member,6.9481
5600D2130E9BEDFA,member,7.153316666666667
22E71A326C6C9EA6,member,19.07615
B6E295947194648F,member,6.5437
E139F345B8857669,member,4.11235
D1E6DFD1B257EED0,member,6.212683333333334
A08F48596D6E1A52,member,16.213483333333333
1F113FBD7AAD586D,member,19.15468333333333
129367D9D5A7A850,member,5.299366666666667
EA3AB10FE8282F6D,casual,7.871883333333333
ACB31F9DD1AACFB1,casual,15.794933333333336
BD08DD4524E59BB8,member,141.75151666666667
C38AD1038679F188,member,9.6874
C13ED3B201EF7490,casual,24.841933333333333
3C1392EB411D68D1,casual,10.040683333333334
F6C5C1E147006F80,member,16.970466666666667
A01B25FE6ED48BE7,member,2.81485
F4F209C2A7BDBF66,casual,8.792516666666668
2D76A0759056E9E0,member,3.404416666666666
8635369243792620,casual,19.6323
AB7919EAB5608722,member,10.162533333333332
9A7377F99D80D85E,member,11.057183333333334
11A438676E3151C9,member,19.28833333333333
4D8FBC34B4637D39,casual,14.248966666666666
CA37822CAE80E932,casual,109.0534
F235A636D912D353,member,27.628316666666667
41D960CD4599E91A,member,23.41793333333333
7CCE7399F6F50666,member,12.50375
EF52B7F818AE0461,member,12.22665
8A537D65FAD08919,casual,39.808933333333336
58B20CB850C8F840,casual,12.61555
4E785DAE5332C1CB,member,7.461983333333333
B5163F402BA8CDD0,member,13.825016666666668
5BFB52A63C2C9FF2,member,9.850483333333331
3C3AD5ADB780F43E,casual,33.11718333333333
DB0D401384DDC7AD,casual,4.307783333333333
F62ED5C9A73BF186,casual,29.02938333333333
9EF737AEBE108686,member,12.297183333333331
8C35E06E845B3563,member,6.092783333333333
88BE6250A4290096,member,23.378066666666665
24F3038C6F617C86,casual,21.67178333333333
2E2204AFD926491C,member,1.6684333333333332
D1386A7D16A9FC31,member,14.077283333333332
35408ACECAFC7B8C,member,13.32835
69FA9AF13AA00923,member,8.391966666666667
0B17D132E39A7F18,member,7.803666666666667
79E862FA5B9DCA6A,member,26.43933333333333
1EE9544319F922F4,member,5.896199999999999
4DE4E23C1A296E2C,member,9.623283333333337
DCE9587F27E61CFC,member,15.115416666666668
E1FEE2B959144182,member,10.044883333333331
9D3CB7218FE31F05,member,5.21535
3E8EEA2F2DBD4DAA,member,15.577
11D79DF41D0CBC39,member,1.8654666666666664
0B2BE3598232781F,member,5.779383333333333
F2CD0BA2B043D190,casual,25.609583333333333
F643132C49722C03,casual,18.71538333333333
7A23A672F1C99508,member,13.2695
982B20E4DC8F8FD3,member,8.9473
71C6C0616AE8DFC3,member,6.208066666666666
43DD3BF47D154D7F,member,14.63525
B1F85B89D9E911FD,casual,21.54553333333333
EB8F9B8483947D42,member,10.647466666666666
3FEA9B16B7858A47,member,2.2884333333333333
12715769DE5485EC,member,4.249266666666666
B45E09C42A67370A,casual,5.412816666666667
DAD2277CC4836522,casual,7.843016666666667
1D1EDB54C3D94D66,casual,15.848083333333332
35C35DE7F5AE443D,member,28.76696666666667
048DEDA205E256E6,member,7.86
291FCDEBD3D8A838,member,37.18153333333333
A7AADC276B21DDD5,member,4.400716666666667
46D9DD22E19143C6,member,26.7632
D6A8DED2F8433BA9,casual,12.122633333333331
8880B6DBBC53F9A3,member,15.321316666666666
2E1F0FD23CE1E15E,member,14.117033333333334
F48C7AD74B4D0538,member,3.2953166666666664
325ECD68D85020D4,member,12.323816666666666
11BC0BB0F9333503,member,10.448116666666666
596C8A19A18B28CE,casual,23.97963333333333
87AEA397064EE7D2,member,6.959666666666666
3780900A062D24D8,member,3.87445
2FAAAEC3F594172D,member,4.770666666666667
EE21F7263389CBB6,member,9.78165
78A207A3129998EE,member,5.572566666666666
47B01001EFCC09A1,casual,7.94395
287D2542D837595E,member,35.86381666666667
C5A119AFA9C56B71,member,17.07865
8D465AB43155458E,member,17.411533333333335
5D39E651605713A3,casual,7.285483333333333
8100B6B749687E0A,member,9.222483333333336
6B5872A87AB7DFA4,member,26.6228
521DF8FF2B7B4167,casual,5.495333333333334
F9B0D8048C79CEA1,member,13.83725
0F111AD3791E4577,member,12.387983333333333
412F3C598485047B,casual,5.782516666666667
04C10E93315F356B,member,11.823033333333331
474948890DF37EB5,member,4.8045333333333335
A4402D794A3AAA43,member,3.2759
8A3FCD0B194C555D,member,5.902383333333333
FDC369496DD0EE26,casual,9.756983333333332
A0B311D3F169527F,member,3.888383333333333
3EF3F7AC80DD496C,member,49.938633333333335
F97470730A2EC8AB,member,4.163466666666666
5993A85411EDEE37,member,4.013516666666667
7459EEEE018AF465,member,8.546933333333333
C370DD8429B8CB28,member,9.577216666666668
A183C222C4C0AEFC,casual,15.422666666666666
31CB4417BFE7B06A,member,13.946133333333334
5C2F69F3A983DBD7,member,1.3579
E4042C22AC129897,member,12.538983333333334
411D10B4EBA3EBA1,member,2.416433333333333
0D53DE491793B03B,member,15.358233333333336
A0623D8FCB7581AB,casual,22.5485
B1BBE29856E962CA,member,21.8042
3B93DF7281371629,member,12.485366666666666
9D76C34898711A28,casual,31.9635
B8314ADC614028E9,member,10.325766666666668
DFDA2424D08B3B29,member,12.00815
2DD1EF9C28487E5B,member,10.409283333333333
3B20D6FF4ADE6602,casual,13.112466666666668
9D2A92463F6A95CD,member,7.448083333333333
1062051C9C730007,member,19.677533333333333
D269279E0004735B,member,8.236383333333333
17A8C187348C923A,member,15.834666666666667
C9A8155F6B6C025D,member,4.51125
6CA1CA22A7EDB184,member,5.296866666666667
821F42C1116536F1,member,5.5106
AA593FF3F1E02F48,member,2.5742666666666665
295813186FFBB14C,casual,10.9401
8D115ABFF45D5C15,member,108.11345
E5080C89C6161FB5,member,7.98165
40C60B92BC40DFB9,casual,57.9423
5F0641171DA82DAC,member,2.9853333333333336
8A7A8BFAC25D846E,member,10.329866666666668
40FF640FBDB437D9,member,2.629766666666667
DC066C1A17B138F0,member,21.214816666666664
9CC4DE69EB8F9036,member,7.614183333333333
68A905184D8AF129,casual,15.829683333333332
5F13E47D68D357F2,member,24.913633333333333
0106546A936958D1,member,12.420466666666666
6D2D7EE8CCBF7D18,member,11.284249999999998
15FE7DA38F92E447,member,8.965783333333333
EEED9E9FC14A6BA1,casual,30.35891666666667
D1A4EFD6BED8F0A7,member,11.496416666666669
C3600BD7D7967E91,member,20.426583333333333
747FD003F4FFDF9C,member,8.586533333333334
B7C7EB34A7CB182F,casual,17.313816666666664
053144B32328A466,member,9.025633333333332
2318C9FF90BF36EC,member,21.748083333333334
6F4BD63733A953D8,casual,16.23
1D0CA45F180DEA36,member,21.767216666666663
D10242AD88022278,member,21.181116666666664
F2693787EC9A2A04,member,33.23381666666667
1ABB169821096AA7,casual,14.050383333333334
06642FF8B5D47822,member,5.41815
F8199ABD2DE52F94,member,26.68968333333333
3DC76F2466492C17,member,5.020133333333334
624CABD5377E8287,member,6.930533333333333
DD4DE72072738F02,member,3.3824
A7432CC95068E602,member,16.638283333333334
33BC4135214E8579,member,6.106416666666666
9963C88F849E905B,member,1.3187833333333332
1705EF57C2F419C5,member,15.727583333333332
404AEE107B70B533,member,6.595383333333333
2695BD0DB587697E,member,28.28955
0705063EAB9F7F25,casual,52.536883333333336
0C6B97A76426751F,casual,6.566633333333333
F3FC1CB78B981857,casual,11.3536
FC209BF27337CB58,member,17.9143
55EBCF3C38B2C463,member,2.50495
794BC35E65ED7B46,casual,24.63998333333333
31716616467C9A32,casual,30.295466666666663
D6EF090101A0C8EC,member,10.8073
1687FAC45DBAD7B7,member,8.99105
449FE388394B0F6F,member,10.216066666666668
33B1F4AB4D539E62,casual,16.393433333333334
0F5FC859263FC70A,member,14.358333333333333
0C005130D2D00A7E,member,15.139733333333334
15B147D865C01775,member,3.588833333333333
35A4B03B3654AAEF,casual,82.47423333333333
F3CBB5AD9F4DAC12,member,3.8882666666666665
932420EFC68741EC,member,17.616433333333337
BC28AA8AEAD433C8,member,3.0031000000000003
29CE0E09C814C46F,member,1.3792166666666668
A24396D042F79745,member,12.24965
6BDD453E09AFDDEF,member,5.777916666666667
D5CEC90D5DF7DBDA,casual,6.2469833333333336
577D0936093CBE1E,member,11.864183333333331
5E890885CBAB6F26,member,8.564283333333332
796339120A662BC5,member,5.188833333333333
1BB34DB9ABEB06F8,member,8.455
62CF8FCD12CB947A,member,9.4024
300697588F15992C,member,6.149033333333334
EEE35741CC170062,member,16.893716666666666
9992A5FBC2D0AFAF,member,11.99995
BB2B1ACC3D1D603B,member,2.387983333333333
64D8864C80AE04D8,member,1.3305
D385B3255CF1C158,casual,10.928883333333332
D44D27D9FE0A4E63,casual,18.935966666666666
AD0EF0DDA8D32CD1,member,54.14908333333334
588D26A225753AE2,member,7.854816666666666
3553A8CA72F56352,member,13.712516666666666
6E0F4DC8F77B418F,member,3.547233333333333
7F99196C7CCFC93D,casual,23.399166666666662
5FB30755DBF9C9E2,member,9.852466666666666
0B151390E8113621,casual,23.453633333333336
BD01AD1A805D29C9,member,14.746183333333333
80EAB44BA39B076E,member,23.76688333333333
04BA614B6F9C35BE,member,33.20668333333334
6DEE6A3F4045F7FC,member,5.6135166666666665
41C63DF420408389,member,37.92398333333333
894142C46B10072B,member,5.298783333333334
288A6CEF2E07C7F9,member,9.6487
09407A0E54F3C5A5,member,12.662333333333333
A52E9882BEF9B6C7,member,9.589266666666669
2ED30C9B9656E100,casual,12.472533333333333
78DB8BE4227BFC95,member,4.632733333333333
39AF2C5F37EE8F13,casual,25.12155
7F08BE6102C21CB2,member,24.9452
047A5B55B1703564,member,8.030966666666666
A1E5EA87DC6D0D09,casual,75.87243333333332
703DDA3AE5A757F7,member,5.148066666666667
A9E3F871AFCF3C52,member,13.0389
AFADCDF90E8C0333,casual,15.31075
1189ACAEB1C18814,member,1.4561666666666668
2BF35058D3C45A9C,member,5.8865
72F8779672F81DA9,member,13.361083333333331
7A035E0917E2200D,member,7.1315
32A4BE876C985827,member,2.291733333333333
285A37CBC2FC2416,member,5.948083333333333
A6EF8FD6455B38A2,casual,14.949216666666668
36C2B6EFE3F21985,member,7.58855
64FD24EC4D221C6E,member,11.748166666666666
8B45EFC906540F72,member,7.473516666666667
E8FE667DC1A70BC6,member,18.541666666666668
3F9EA2B861758FCF,member,3.82965
88455E3E35A0637A,member,10.449033333333334
3E08CF3EE46A0B53,member,3.170033333333333
3B0C431F8AC45F0B,casual,9.248016666666668
C4EA5B1C23006B55,casual,11.837583333333331
3C2A53BAF7CE2109,member,8.05195
D4876A7910FBB07D,member,13.232533333333333
9F41451FE6CC135A,member,9.647
D63202C593248CAC,member,14.436783333333333
8FE63E68682931B9,casual,17.091533333333334
1506C092DE1C3FB1,casual,7.208083333333334
8B525221AA535E56,member,5.306349999999999
FBB9D911161498AB,member,32.20891666666667
AC30750CAEECAE07,member,28.24341666666667
E82C177085E27315,member,7.294683333333333
889F55B18685EE20,casual,13.828216666666666
F52D0563A42B338A,member,15.800999999999998
32C4904A084A43FB,member,9.314583333333331
80FB3CFE246DACA7,member,37.19883333333333
E4FE57C179BB9187,member,13.67065
304168623A5089E3,member,15.041766666666666
EC2AA400AC64B32B,member,17.503416666666666
5836C6615F0804A6,member,6.74855
A785236E74FB2140,member,6.874016666666666
1220728736D62963,casual,13.722666666666669
AD69ECA618A955D7,casual,4.208516666666666
9DE2337D97BB30C6,member,2.3868
8C3ADF2485891440,member,8.22365
06E85D14EDABA544,member,14.87155
BB633096313A37B8,member,5.26335
AD65DEDB185AC69B,member,2.5402666666666667
6B917AEB2F630F77,member,2.656566666666667
7872D61320698E72,member,5.574816666666666
9A162D1709EBF83B,member,8.3422
F4EE5BD498611DD9,member,6.76205
9690E4A7790F2F8E,member,5.68465
163E9FC52D1B5B21,casual,13.908566666666667
171756E23CB61CF7,member,3.0114
C0A07D7AA4FE3C8D,member,20.30088333333333
17F3C3BDA77AD452,member,2.656433333333333
1F54B538AA83D7EC,member,39.46955
3E438A351735F44B,member,12.089383333333334
5C7D149660BBB553,casual,22.1992
69DDBD7EC3CD6C6B,member,12.685833333333331
B8B997448A254F20,casual,6.15705
DD6FEEA39C1F1D55,member,3.46185
C3845DB91ADD05E6,member,10.591516666666667
3594BAD8B7D8B6B5,member,33.5142
3FAD100574ADDBDF,casual,24.40961666666667
28E8701DF947FF06,member,11.017683333333334
B27AB6599EF6FCA7,member,11.81665
A5CB847D21657C1A,member,7.582366666666667
AD2BC9538DA54A22,member,3.919883333333333
2F15BDA170CE5F22,member,20.471416666666663
5F6766948CFE3AAA,member,9.34835
F5F9FCF7100898CB,member,15.960933333333331
EB2CFCDA4D419EEB,casual,6.638866666666667
FB5C828B3D262DA3,member,9.264483333333336
10036A662B4A51E0,member,6.4710833333333335
F742A75AEF2615E6,member,17.747333333333334
0ED8ED7CEF3780C5,member,12.007133333333334
6051A1763391AC19,member,10.06675
4A712F2667F55C24,member,2.5843166666666666
3E91103820CCA808,member,16.275916666666667
50173F9573805DFD,member,4.306233333333334
76C3468A27297716,casual,3.919766666666667
83B927AD2A64985D,member,11.653133333333331
DF6A9EE29E78B9C1,member,10.6105
41EF37FDC95CF86D,member,6.66575
337266BAE395C14B,member,7.684533333333333
A8DFAFD937122EA7,casual,1.6740833333333331
C5A8FCDCA81EEDD3,member,5.91435
0F6687AE96769320,member,2.8644833333333333
90D29E22FE26E680,casual,9.699433333333332
67CFDEB39D29DA5F,member,6.762416666666667
04223CDFA719CEC8,member,4.672183333333334
D1613905E308564C,member,11.031616666666668
E9B39EC543394B2D,member,14.639933333333332
6944D10B914D4A7B,casual,7.2937
79EF110921EA45CE,member,1.13505
9D85884FE1090610,member,25.6307
0CE515A3B83F98BD,casual,26.95905
304A52FE13308C04,member,3.0632333333333337
609A5D2712346363,member,28.857416666666666
4657B39D0981AA89,member,11.937183333333332
8837B16EAA8F2862,member,20.43123333333333
8F7A051F67899F19,member,5.58695
2CA7668CB50A5D9D,member,10.664733333333334
25C95E97984BF9F5,casual,20.46388333333333
64650BE0F80A0218,member,6.829466666666666
125612E6A6C70B26,member,14.518716666666668
A2000A20FF3F0DF3,member,12.811183333333334
1B8755B0D5E4B8C1,member,19.68308333333333
0735678BEBC15272,member,8.17905
A883D6A814C68826,casual,43.715900000000005
C0FB1E44A56B5A9F,member,21.09978333333333
3FFDEE12F1D40667,member,2.4956666666666667
1868C1EDEBCBBB07,member,5.319233333333333
7470A49408BD0BFF,member,9.820166666666667
7F3DE142FE2579EB,member,14.794216666666667
9BDD93419222333C,member,6.263850000000001
F2DBF3C101E313AC,member,12.527016666666666
731BB9D5C95736C2,member,9.9465
BAD2D3400761398E,member,5.543433333333334
F7C37C613CD7B8C3,member,3.799283333333333
D98169DF89267311,member,2.2924833333333337
CEEAFA219C3AE757,member,1.6418666666666666
8D17A9375792CF11,member,11.971966666666669
ABB4DE21C021C936,member,16.17965
DBDA053481FABDCA,member,10.554966666666669
7CC3B7B74E7BD43D,member,3.7020666666666666
35459413913DED5B,member,4.902150000000001
335B2A6F766D3E90,member,27.14671666666667
4146836467E1D9DF,member,6.6852833333333335
5DCF2F5326B940DD,member,4.0981
94D01F57B0CA3EFC,member,14.611283333333336
90E0FEA38F57F8EA,member,7.573166666666666
38751A04C2C4305C,member,14.887266666666669
62BAF3195C246D3E,casual,4.962933333333334
5A393A9353D9457F,casual,1.3525
88FB8AA5AED21EFC,member,2.256933333333333
E3B2576EFE402213,member,7.556416666666666
77F3FB265FA2FCAA,casual,29.387600000000003
A8E5989FF8A8FACF,member,31.073966666666667
BCED1EEFCEDB2E4A,member,15.143266666666667
F0B43D15558766DC,casual,22.73165
8D356A11EBE0754F,member,5.679666666666666
4138D78BA5D4804B,member,15.5561
3A63F8665E2AFB82,member,19.86968333333333
47CB5F578F1AEB1E,casual,15.6214
1951BB2E8ECFD717,member,3.6885666666666665
D48B83718D591018,casual,13.023266666666666
C0819A26C8834EA2,member,2.759066666666667
C533BF906622EDB2,member,12.558866666666669
A21A8AB6669E21A6,casual,18.928116666666664
33708805874073BE,member,66.22073333333334
A9FC1CCC1CD986AF,member,3.634683333333333
1BBCE8E91211F699,member,6.124866666666667
070AF7E42F334A38,member,5.508316666666667
1C89CA5586A3A0CD,member,21.248616666666667
3728DC618020C01C,member,13.388183333333334
0BE38A8863609186,member,3.674416666666666
C1743645A9E8F0F0,member,9.152316666666668
2349D77597A21C96,casual,18.15028333333333
72E08589DE37D819,casual,27.734316666666665
6C703E91C00A9DD3,member,7.873
8CD4598E12753A7D,member,6.378383333333333
6DC606E195FDE03B,casual,6.821183333333334
78788E2571A4E594,member,10.352216666666669
3F91C71F3E4BDB23,member,4.86085
6683B4CD9A1132DA,casual,52.30361666666667
FA46EAE5AC966D45,member,8.564133333333332
F4972382453F2EE8,member,1.15905
4B7B3FB7BF783DF0,member,2.18825
BB20AE391F0CD93F,casual,107.58351666666668
2F3DA3453D098438,casual,10.210783333333334
E5BF96D4ABD62E3D,member,24.06853333333333
6B03E8A5229722A2,member,23.44218333333333
D11E6092AA23E34A,member,7.804333333333333
6BC5F4E8ACE73675,member,15.3075
30F3CCF2A1A597AE,member,33.27895
67E34614668AEE75,member,3.0123166666666665
6E51B26EF06B00C0,casual,33.47173333333333
8988B519024B374F,member,16.83015
FDC16356DC9BD4A3,member,2.26665
2A33A2DCC8B49D35,member,9.37855
1E8BF1FF387D98E0,member,2.967883333333333
F3E838DA500BA1EA,casual,22.5337
354BC3D95E1BB4A9,member,5.6968
C68924AF4BE535EF,member,4.173666666666667
88F385036EE73024,casual,9.296533333333334
30F4E6524E8E7FE5,member,4.2851
71922F7AD1A5A577,member,5.040033333333333
8713CD600A91A604,casual,21.412516666666665
DF84E22405997AE8,member,7.232733333333333
190CF62BF718D89C,member,37.46743333333333
E41D55632CF37984,member,7.556
F38BED5937682A19,member,10.142533333333336
70C8FB6BCD16B92B,member,13.87955
499E818B675B3FEC,casual,11.6242
559077E06D9F7A51,member,5.508266666666667
07AE74E13E1710A4,member,13.823633333333332
63A9C82359676240,member,41.44495
939B714C7B95D142,member,7.380033333333333
5E936B8ACF06A907,casual,10.191833333333332
FCBD5B49AE144C92,member,29.5609
258583B945F48D75,member,8.488633333333333
B8CB4C612AD58CE9,member,12.965266666666668
680C997107D84F0A,member,3.0185000000000004
918DC72AE7645AF5,member,21.462766666666667
278695DBD09D87C5,member,19.74866666666667
2F68E219B9917EDF,member,5.568383333333333
6A765B832FAB05B6,member,7.931033333333334
26C0F5B0CBAD6353,member,2.1825166666666664
DB68B4D05B82C274,member,14.93245
B21B8EE7B0469E29,member,69.46143333333333
D50B5D5B3172C93F,casual,6.2688
D4986CF9DE124D86,member,7.338316666666667
0019372EB94F8A7A,member,1.7955666666666663
652DF43BD845D978,casual,76.83686666666668
E7AAD73E06653259,member,9.151266666666666
3C5CC7DF78F3DD19,member,14.976483333333334
C941DBEE2538C55E,member,12.3534
DBAE4BCD40E77B14,member,5.7481
0B64B232A3830B06,member,2.8981833333333333
A5979F077A84042C,casual,10.400066666666667
07E788091022E7AF,casual,9.5372
B61D9A64424171CB,member,2.3324166666666666
A4DAC76A31F5D2AB,member,6.0985000000000005
E0A88D4F9E97F3BA,member,4.188416666666667
F6BE30CC877596AC,casual,27.5881
0A901ACFBA21AA11,casual,18.7432
33A1E06A8BB851B8,member,35.617916666666666
5EA44C4779E4BE30,casual,8.874816666666668
EEF7802167CCB695,member,4.514216666666667
1EC0E1228BDA4549,member,11.023616666666667
6A4BB97A62B3B0C0,member,10.671383333333331
5E3AF7B9CDFBD547,member,23.203016666666667
9BA0BFC7355CBFC9,member,10.9468
066782085FADD213,member,5.943183333333334
224B55658EAA292F,member,16.446099999999998
A7099589EA785D5E,member,7.333716666666667
537B8EC8FFB82362,member,4.005566666666667
3EFDAAF321339A63,member,12.219066666666668
20172AB2EEA3D355,member,28.208716666666664
E15C5EF085764835,member,21.96966666666667
58BE4E48705415E0,casual,10.8569
1EEC88B8CD4D504B,member,5.691083333333333
80F2874FEA2618EF,member,8.181816666666666
5A4DDCD41AF96992,casual,17.525966666666665
B87C6C4A5F13DEC7,casual,13.40915
B9318207153D655E,member,1.8490166666666668
B5FAD8DAEEECBCA7,casual,9.41495
3020E48BDD08EE70,member,24.086666666666662
B2D45B509AD50395,member,3.6857666666666655
383A9C63BD8A1DB8,casual,4.487416666666666
766B5465296CDB52,member,6.621966666666666
6A56B265BB9FB28C,member,52.68285
A18F4E6DE991E9C3,member,23.30315
8DB9FA4722DCBF4B,casual,18.689916666666665
62445D68C99CF344,member,8.273633333333333
DA2FC5E7F419D740,member,26.719316666666668
9FD03B85A008DADD,casual,4.624783333333334
3608D168CA852E88,member,27.02688333333333
238964DD7AA333B4,member,6.8028
8ED7AE1432CDDE12,casual,9.169566666666666
5550119F00BCF463,member,19.262633333333333
77BD7480EDE09D20,member,5.872983333333334
E1E104007A4FADCE,casual,36.94818333333333
CE27C0F90A44E511,member,7.556816666666666
1B47CDB965582735,member,11.073683333333332
6A918CE9C78F190D,casual,2.96955
D0003873BDCDC716,member,47.67883333333334
C9F8E0221AB05D40,member,5.1475
BB9F7BF40643755F,casual,19.8039
0FEE181E90344ABD,member,3.049716666666667
BF31507C17540326,member,10.620616666666669
B3EA599EE38C8374,member,9.334016666666669
03CB442E6FDA1911,member,3.2140833333333334
2F084DDF1B0246C0,member,26.76195
2723C1991EE8E086,member,8.556316666666667
6D269729362683A1,member,48.31856666666667
F27AB12947CA926B,member,5.729133333333333
9BE73DE925C4954E,member,21.22963333333333
147522D9F72CC7BF,member,3.9033
76224555502EFADC,member,19.24181666666667
EF52CDEDF5DD13A8,member,1.0684
1587FD521D61308D,casual,25.662066666666664
DDAFC8567C6C0B12,member,7.109066666666666
80FCE2E1A13EEA81,casual,20.231983333333336
8F0B82D6AD094B10,casual,9.98115
BAE142F905D4872F,member,19.08563333333333
C2D359DDAA5E48C7,member,26.96905
FA2BD968D365BEF2,member,7.332033333333333
C8B99CF62B0E6100,member,51.95055
D86A33EA0320991A,casual,26.27585
82B8199DA862CE64,member,16.0707
32A422FA31DD7CC8,member,23.2841
978FA196496C1BD3,casual,9.287
86D3D2399EE94375,member,17.9344
1271D2E7881A7521,member,25.745083333333334
2A812A77290619D8,member,12.14135
7A2F5C937CE858D4,casual,39.72376666666666
43B87ACC95F78210,casual,6.21185
2BD4C28476F19E8E,casual,11.105866666666666
B93DC61CA9ED351F,member,16.090716666666665
64727CD6BAA6808F,member,5.245166666666666
C8414B784FDC97D2,member,13.391883333333334
F8E61290ED5379D7,member,7.610183333333333
51C1C6B1E09F4B5B,member,8.764516666666667
BF11ECC039A4C052,member,46.01716666666667
66898478A0431154,member,5.277583333333333
6347B9B55DFA808A,casual,12.911333333333332
616F46C2E5FE9E96,member,2.321166666666667
85D2FAF758D2B97B,member,10.194
6969BD0082CD5EB9,member,41.17573333333333
D068FDB77353944E,member,10.001766666666668
6FD1B5C1CC5C7E55,member,19.222583333333333
6D07ED04FBBA03D8,casual,9.736933333333331
A8C782048366E57C,casual,5.29845
9094A2F53BCD85AF,member,4.98025
6B9BCF3D37A9111E,member,7.090516666666667
D95D65596DF4492C,casual,5.73735
75D47401AC85EBAC,member,2.7040833333333336
AB18020D1B790953,member,2.8269333333333337
05882A6825211038,member,4.821116666666667
1658D216D2BAB490,casual,9.25215
452032425A32500D,member,28.231116666666665
A3181B4B837B178F,member,26.51543333333333
50899F656B55A524,casual,48.78706666666667
D7E15C988A7B8D7B,casual,23.775166666666667
8B823FF7AE424322,member,15.62285
E7C53E5BD99BDC43,member,43.25385000000001
093ECA51DB52A60C,member,2.668833333333333
941B523E286F1BF9,member,7.774533333333333
6EAFC008C618451F,casual,41.26205
8AC487979AB4EE98,member,7.961366666666667
8BD09C653BF0FC6A,member,2.5693
C62FAC0A15B12621,member,16.143366666666665
76DF9401F98AC7A0,member,33.22453333333333
92CD93106092DD67,member,10.47805
6E1CDB279E5B0A21,member,9.293
55211B86CB88718D,casual,7.634366666666667
F07E05F9252AB3B9,member,8.190783333333334
EACB805F328C9EEA,casual,17.510583333333333
9BD244EA7FCC697E,member,14.115233333333332
5FC0806E92A44BA6,member,11.168766666666668
CA7D78C3C1835BA4,member,4.890783333333333
F41D0692C29A567F,member,6.242816666666667
D9A9D986C55F096F,member,2.2665333333333333
BEB1908E774A0151,member,13.813883333333331
B5C22165D4EF6E4A,member,4.787883333333334
757750F1BEF71D08,member,3.35715
E660C07CF6B9A4B0,member,9.340933333333334
2B785BECB2C3A4C1,member,17.003533333333333
A269D9E611428854,member,7.186933333333333
1EDCB9A703576C60,member,23.44615
A79612085A91A8D6,member,10.507233333333334
4683D4E74D33835F,member,21.3622
B1839E4FFF94FB89,member,27.0283
16B616A71190D643,member,8.987116666666667
F454E59A8D5525F7,member,11.886566666666663
F64FE2880BA08C96,member,6.788733333333334
7786BA12C42975F9,casual,14.127533333333334
618828E75B8F7669,casual,3.16095
BE8C4FC8F6BA04E8,member,21.2057
0404A79666F4C3D1,member,5.769983333333333
98AAC605ED2C5030,member,25.583816666666667
1F48C63B42AF06D2,member,2.3111166666666665
F5DB9524DBA47447,member,2.742933333333333
01FC9756706F8C17,casual,5.477216666666666
A52560A2237CCA98,member,4.332316666666667
DDD03D95EBC5A778,member,25.25845
5A6B714A687E39AA,member,16.07453333333333
B5401E1D9EBA4C96,member,5.447766666666666
D408C4C7B264C0FC,casual,43.00928333333333
32280F16657A9460,member,26.155866666666668
283837C48C4F176E,casual,20.397883333333333
5D17EF309F7B410D,member,3.757183333333333
89BD4A1C6C6083F9,member,8.091466666666667
0955C29DF519EB06,member,15.7039
8ACFF10FBD92D865,member,7.200916666666667
B326D10D954E3061,casual,6.173016666666666
96B9DC9BF1C0CF4A,member,9.699233333333332
9EEF5305DA0EF14A,member,3.3245
39E4A0B3F4853513,member,7.952033333333333
47E923E4E01FA968,member,8.345683333333334
CCB8A2FFD4347EF3,member,38.836733333333335
5BF2F55A905D48F3,member,11.8173
B739762AC50EAEB2,member,3.47005
B60EEDC1C786E2DC,member,23.90298333333333
C7D2BC8CBCC4A6CE,casual,11.0842
3017FC3E352A9AFC,member,5.15365
2868E3674F68132A,member,15.505216666666666
DAE3860DDED0C6CE,member,6.676
35CA2FCA647E761B,member,6.15325
87402DF1A52DBCD0,casual,12.08555
1C9CFB149FD67000,casual,14.68255
287606FFF0025B8E,member,1.8826
A14A6F708910ACA1,member,2.11415
DDA7F8DE83868C85,member,11.069516666666669
3C2F0801ED4511D0,member,7.9837
E4D51B3B7CC8D19E,casual,14.781266666666664
63EBC427DE39E272,member,22.19615
E58EA3A303DE4FF7,member,6.2193000000000005
9AD68B008114E409,casual,25.2114
989D6E46E547C40E,casual,27.3545
0F933546E1D3B6E6,member,18.41293333333333
F6C02EB9F3207399,member,29.6572
58FA2391AAA447BB,member,12.704066666666668
CE4E3CA50B6C907C,casual,5.388516666666666
1F8C768A8A511E0E,member,6.1898333333333335
173FD5966510AC8A,casual,14.764533333333333
01D32DB510183EAA,member,17.891633333333335
3129D0202C313986,member,8.496666666666666
AFB67564B28E54EA,member,15.587883333333334
F349EA8547141434,casual,9.33175
95464918C4DCCB7E,member,13.09215
9364975DEC6F3207,casual,16.96173333333333
22F7DD81BC07185D,member,21.45805
0419D959C4EADCA6,member,4.2389833333333335
57FCD3C8BBEF785B,member,5.8556333333333335
B37C72D40B7B1F6E,member,14.428866666666666
3790FF9FE88C2F3C,casual,17.85075
3010A7BBAD9543B5,member,25.839983333333333
3966A20BF2B69A11,member,22.325766666666667
EF2E50316C108578,member,9.860366666666666
CB902A6678FDA05D,member,8.57415
8BC775C74ED4EEDF,member,18.90941666666667
3EFC3C6610AEC178,member,4.675466666666667
9DBBADA3B9D1A3DC,member,3.9183
2F8085A81999E9E2,member,16.5198
E2B01567D2F2C391,member,5.74155
055B61D39942CAB4,member,9.545216666666668
7D528E484152AF18,casual,10.966733333333334
55303A9021318BCC,member,27.458266666666667
233399C343169828,casual,12.917716666666667
6F756A7C33C7C298,member,7.647566666666666
E221AC06E793EE45,casual,9.9398
9E78013AC2E3B290,member,2.654533333333333
E75F8EA2B780852C,member,25.126266666666663
F3E7870930A2DC5A,casual,68.13215
C24DDFE036BD75C5,member,2.260333333333333
65E07203C55E2BA8,casual,6.602166666666666
8C14AD6CF7196C48,member,10.218533333333331
3A74E666A8C7F748,casual,35.019666666666666
69B74E02E3E18AE5,member,20.040916666666664
4C8369A78D732CC3,casual,8.2063
DC02E9DA37A56F0B,member,2.4785666666666666
80DFD5D28E79CDCE,member,4.541933333333334
25387522EF30A507,member,8.189483333333333
0B94A588BA19EEAA,member,3.0446166666666667
3A77838BF68C7AD4,member,4.03985
B90B470EDA3D9B02,casual,28.78646666666667
056BF5ACC42992C7,member,36.20451666666667
C3E69B857E7D1BE0,member,21.271933333333333
4C4D34255FC12BE6,member,13.932066666666666
E16CD3FF2214F9F6,casual,25.694333333333336
B27459FAD8816184,member,4.83195
B9754A0C00C46196,member,1.935
1519E32E05D36D4C,member,10.6358
09765A211BBB5190,member,21.912416666666665
72B50F19EF10E943,member,35.75101666666667
C0475F171C7098D4,member,27.22615
9F7EC4AB28A1AA74,member,31.97938333333333
3021B280D5BAE791,casual,4.443683333333333
055E96FD8D55C2E5,member,1.6231166666666668
B0D7D7EE15E0C743,member,2.7352333333333334
B5E40F6CCDFB2234,member,5.07495
CFB26B8CA371E935,member,6.2279333333333335
A9B70DF8EBA56E45,member,12.363516666666667
0361C5D5EF63BEB4,member,7.3234
3CC95A93F6D2DD8B,member,36.45505
54CAA6936CAE4000,member,7.264316666666667
35BCCBCA30F3F4F9,member,20.946883333333336
E5E2D3F6689E3075,member,8.993933333333333
0EC189EA1C7D94BA,member,7.416333333333333
5518AFEFCE1194CA,member,4.474433333333334
60DAF45293232E19,member,1.5077833333333333
5D9C88E37E36E771,member,20.60888333333333
730DCC232CFCB208,member,6.78805
648829B6A5AF8799,casual,13.753233333333332
51220B68A0C53E43,member,8.13695
1C84FC5C7FD0FCD9,casual,22.623216666666668
129B80E04B68FAAC,casual,12.354216666666668
4BCA364822688015,casual,4.723
3D8B6E35F3752365,member,32.72245
EBE9B20395C8ABB4,member,16.0688
9178C091A7796488,member,2.965216666666667
0D11DD3317C92831,member,11.58805
31759A12C0EAA5C8,member,8.449966666666667
52D29EC12EA7ABFF,member,2.2295000000000003
E0CA4BAC302D9EDA,casual,6.240716666666667
BF4B50740ECCDAA6,casual,28.494716666666665
99953DE3ACA80389,member,3.2555666666666667
86B6C4D844B8B0E6,member,4.18755
4B57E3D59D45DD12,member,4.946316666666666
C0B3C868661DBECE,casual,13.474633333333331
049D1D09E3BA2001,member,41.061816666666665
10B23A078292A91B,member,15.489333333333333
EC2FCBBC2310E70B,member,24.02235
E70A44BCBED21B9A,member,12.16785
5E4CF26A60950773,member,14.291283333333332
3C14C5DD5A72F165,member,26.312816666666667
BAF71FC53746A18F,member,8.493083333333333
65C4FFFF9021D3D3,member,2.9009333333333336
21F921DE7CA852C3,member,6.096166666666666
758D5991EDB2188E,member,20.5341
0F143F90469D5685,member,14.17565
4BEE044BB77D910D,member,2.717833333333333
98C2EEB4C1F2B84D,member,2.93435
0E1D9842963124E0,member,5.463883333333333
0B3CCB1E087971B0,member,3.550316666666667
3AB9CE145C08E08C,casual,7.433966666666667
FC07F07676E12EBA,casual,44.11366666666667
048F732BB1885CF4,member,26.564566666666668
D673ADE6EF318BAB,casual,11.852633333333332
EFA35F0E83811861,member,1.6649666666666667
0AB6906935F34461,casual,7.1742333333333335
BABE14C025CA7B07,member,4.418016666666667
EBD04E9FE52DCFE0,member,19.112033333333333
12997392D6345A80,member,7.1296
314A29446F903B36,casual,7.614199999999999
41AA101FA54A0F5C,member,3.076916666666667
2100BCF20002BB35,member,4.4664166666666665
A8EC6124356408E9,member,15.2202
D446C811FAE2B6BE,member,31.274833333333333
4A19F168F0FB6A27,member,12.267816666666668
68C24D711DFBC234,member,12.225833333333332
DB24D99102B09C97,member,3.44115
A35BF64B14984BD4,member,2.32975
12003E88CA54A143,member,7.205166666666667
497F4F556B462550,member,20.45105
8BE1DDA7489912D8,casual,22.6212
B0467D3CFC7A360E,member,9.286083333333332
195627BF30E990C7,member,6.403066666666667
7312B104CF285321,casual,8.5066
24112CE1325C6DE1,member,5.846
C7C5548B340503BF,casual,20.160866666666667
4EAD8FE9B4CCCE64,member,17.729966666666666
E4850AC4302FD4AB,member,29.41305
3A5CB1D3CC3C2686,member,13.4874
E97BB6AA6DB7DBC0,member,3.5212833333333333
E986D123404DD37D,member,1.2200166666666663
49423CC808ABAE08,member,8.411616666666667
9A7BAB6EAB38E1D7,casual,9.101
90AE2A9D9FC96C52,member,11.41835
382523E6249F1986,member,7.853733333333333
E06E4E3D49594621,member,4.397566666666666
E5E27EE630900BD3,member,23.317533333333333
E0D97CE304BC3535,casual,19.2896
9ABD89C238259822,member,4.361566666666667
651CC5E18F58289B,member,6.59905
8309174B61BEE86B,casual,15.5919
C15518DC762F74C9,member,7.0035
3BDA7F25BFF800CA,member,4.929483333333334
461D1C6D729C13A9,casual,9.379983333333334
2D87BB1D50C70A3D,member,6.510716666666666
6E796304536D47AF,member,21.83863333333333
203DBF4F665C8C29,casual,17.077416666666668
0491ED53196F2D9D,member,3.5405333333333333
D859D6775CA21D1B,casual,34.055883333333334
99670778E97CE62B,casual,21.47686666666667
4B9375A4126B7FE7,member,20.09733333333333
1C07C1DAA6AA2E7F,member,12.2027
4DAD784FF224A1D6,member,12.003433333333334
A40756701D5452D8,member,9.393783333333332
3490D5F9802BCBB2,member,16.16838333333333
40CDA79DE57579CD,casual,5.355383333333333
C4D59646A2D302CA,member,8.500416666666666
E018F245F83464FA,member,13.03155
B420B04D9F1D83A0,casual,77.27890000000001
70245BDF10F447B6,member,36.79091666666667
6CD06720CB3ADEC0,member,24.50156666666667
44F4D5FE8E21123E,member,6.904516666666667
307A22BF6558653F,member,5.235883333333334
9CECCD36DD7AF0C7,member,14.915616666666669
8ED219EFBA90EB7A,casual,10.26985
7DFDAA4708F17DEF,member,2.9489666666666663
E34D69437C5F1603,casual,12.5667
F6CF4C981AECBF13,member,45.68268333333333
62FD594FC64122F1,member,7.953833333333334
03D3E00CADA56D9A,member,4.2608500000000005
221A05C8913E354A,member,8.954183333333333
208F3A235D74EF4E,member,12.111933333333331
19F9CCB90448F0F4,casual,13.226866666666666
E0590A4CEDD5E5B7,member,3.2728333333333333
91EF89C02EB4C70E,member,14.307083333333331
5104B256AFDAB1B1,casual,20.21295
1449A99A74427EB5,casual,22.01353333333333
98B28909BEEC931E,member,14.246433333333332
FD75EDE1726E774F,member,3.6293
ABF8AD2750299816,member,2.208266666666667
07496B097350099B,member,19.94225
69CAED57F9BFC1E7,member,2.7216333333333336
76BF1920425EF28D,member,3.797283333333333
247F065FDF2538F9,member,9.770283333333332
A0BCD4C7E65D2D06,member,21.35223333333333
F7D6F08240636BFB,casual,9.279033333333333
CD9C3AE4185C7FCD,member,8.921366666666668
A851E1EA1CC1D8C2,member,8.524633333333334
BA13BDE4863A0AD3,casual,6.87115
9CBB77E7A1B9A23F,casual,84.88455
83048BFE77A8EC44,member,18.559616666666667
7E6772E87AC8F90E,casual,39.467216666666666
BD0F5264D67B6914,member,5.4703333333333335
20C6C4ABDFAD68F4,member,1.3672833333333334
8E1F1B4A242D3BB9,casual,3.6681666666666666
153240F0CDBB6F93,member,44.3681
F3C85A20B3600D86,casual,64.78736666666667
9CDAD0B2134654D3,member,25.3821
C78134E02766488C,member,18.83708333333333
2F7904A0126AEE38,member,37.11728333333333
2F96B77A23EF7E27,member,36.78673333333334
31D37C7AF8C1EA40,member,8.0344
F5689FEB7F8C3784,member,8.152816666666666
CA2F73280C78E0AB,casual,8.399133333333333
2B077F43F16BA023,member,14.478766666666669
58F655A5F75B3D16,member,4.2736
4DD54BEB0EE08032,member,5.317883333333333
B12BBC2C41585D94,casual,29.699133333333336
2F8533CF1CA678DB,member,19.2332
B093C7BBB20F451B,member,2.309166666666667
5C42F003184B747F,member,19.06508333333333
0F8A281C67B4207B,member,4.83685
39FCE694EEDDA710,member,6.430633333333334
A0425EAA10D253FE,member,9.9005
5D69FFB0E75AB461,casual,8.599783333333333
91C25746F60706D9,member,2.7760666666666665
F34344672B1053A7,member,5.369883333333333
329273D609269635,member,7.495183333333333
B1CEA15A08F38783,member,17.634349999999998
1813CF49C5136039,member,23.927983333333334
B0DEAD1247A2D906,member,3.7557166666666655
A44D28728F6F6D0E,casual,13.50605
FEB0AC6BFF1FE016,member,68.5023
5F3B4285C1001CC4,member,3.3986500000000004
0E9F1F6791C19589,member,6.131349999999999
6BDAFF762E7EFABA,member,10.024316666666666
59768CF8E2BA276D,member,17.04745
9B2D9097DCFC7497,member,4.4766
1E40E5648382903C,casual,8.937466666666667
0D395DD6333E2D7F,member,11.401466666666666
614B986C580EA420,member,11.99545
48295C2FDC103A78,casual,10.058816666666669
AC2509A7255F9228,member,1.99235
81487C787135C455,casual,143.49901666666668
76829FD27E979C4E,member,5.79655
9A7407D643A83657,member,3.1947166666666664
6939ED7E6A12F557,member,17.479816666666668
56BE78A12810D6C9,member,3.6255666666666655
7803ABB1A2104BDB,member,11.652933333333332
0D34FC5DC5B2F8CF,member,14.038466666666666
62C4E9E743A87CDC,member,11.723833333333332
DFD13BB87249537D,casual,9.483666666666666
37853CB832995675,member,9.7044
5DFF60A6E9BB6926,member,6.85355
3E02962B0AAE61D6,member,5.1058
A03BB946D664459A,member,13.436733333333333
1F33D34E5A0BB673,member,24.432683333333333
7CA33E5E376F487B,member,5.234166666666667
2F90418CA7E746D1,member,6.510083333333333
F32732D413254A81,member,12.334383333333331
B6905F04AA782B6D,member,4.796933333333333
C6788FB9F4975366,member,19.613666666666667
34005FD4B64DBA78,member,1.1665666666666668
1652C3C913D91AC0,member,12.102816666666666
D492DA93D1417023,member,6.916716666666667
7A55197F2721FB25,member,11.060583333333334
F71A129D411A0825,member,23.95061666666667
E3D4BE20B3C5448D,casual,8.097033333333334
36CB43057791E5AC,member,12.2185
CEACAC0CEB8AAE0E,member,35.719
5D00C695103EE606,member,5.188433333333333
1D3EFD7BD65D5596,member,35.522933333333334
0F4AF32DDC374BBF,member,18.741300000000003
1C305B36B86E4FFF,member,5.265383333333333
CF03FAF493832A43,member,25.484916666666667
877BA29FDFFA31BE,member,4.7596333333333325
0953248AEFB6CAD8,member,5.316216666666667
3EEFEA6C5CA2416F,member,8.606016666666667
7825C1FA14B2A701,casual,17.979716666666665
BCEF20C28FC0C355,member,6.6223
9D7FC34C3B6C0AE2,member,31.3444
DFD03B392EFDD36E,member,3.17765
37FA0799A9A90BB0,member,27.317433333333334
F88901AE76811860,member,17.65488333333333
B0B86B1F7B9966C2,member,11.84695
3842E0F784DAA17C,member,2.7819
E0DA39D87C6DCF9F,member,17.57435
41FEAD4A79846F93,member,3.922333333333333
78C0F77250BC7C0E,member,1.25075
3419109EE04DE100,member,8.765633333333334
C4741606D21DA2B6,casual,17.678066666666666
4176AC404BF539AA,casual,25.5115
12B32387E084CDA4,member,3.66815
509A482853A837CA,casual,12.475783333333334
202176FA7E9B124D,member,20.1484
7624C964CA33542A,member,4.7586
CF81B5C0F1AEBC61,member,11.426166666666669
BEF69F105A60E2D3,casual,29.52958333333333
9950D92EE4190F87,member,27.39335
8237B411C2DF1C2D,casual,16.204633333333334
18360AE776E9D8F0,member,2.7959
F1A1FF6844E55D54,member,2.3695833333333334
7DB8238760DC716E,member,32.350833333333334
D336ECB01B4B4A81,member,8.521183333333333
B213E7D970D9ED7C,member,17.23998333333333
0E9212474A995B25,member,14.498783333333334
F9C8289CE5EB2C76,member,11.006033333333331
C0A4144DD71D75CB,member,17.229300000000002
C095F2C54FF666DE,member,2.4079166666666665
0C6E7312280AC2C5,casual,3.91905
3686FE714300B45F,member,3.270233333333333
606FAEC691D09FB7,member,2.0621
EEED8CC508B28F3F,member,11.620366666666666
B76299B45EFE22AC,casual,14.01015
74E8C1CA754BE77E,member,4.6086833333333335
FF6EF63B31572B42,member,29.450516666666665
D8741D26EED3C773,member,4.911783333333333
594BE488F78DD1CB,member,10.205366666666666
E22E713C9521FBC8,member,19.374566666666663
81838C19A6BF1D36,member,10.011666666666668
01E2F99F62C347DF,member,41.91473333333333
8CAFEEE91EAEA7A4,casual,3.41005
11729F7303470AD4,member,16.721700000000002
E97F220641880B5B,member,4.9635
73F7DA29F223C610,member,4.084783333333333
808561DE75C838A9,member,24.98153333333333
823CEE9E27FEB4C8,casual,11.52975
F65155F98F6CD191,member,7.3553
05D397BC8636BDBE,member,5.771283333333333
0790E9DF197E5D7D,member,6.89535
2E9096F78A55FB2C,member,8.492633333333334
DC5AE7639BE20740,member,3.575333333333333
383946EA1DE5838C,member,34.40018333333333
260B8C6A0DFA7535,casual,12.38385
4BDDF5BD1DA80B23,member,9.56855
16D985D37E4E5697,member,18.829516666666667
77C34924A178E277,member,17.74705
7F98DEE086EEBA2C,member,1.23925
3296FC0B7002CCEC,member,13.852516666666666
328118DEA2974BC2,member,1.6158
E350D32DB8F80B30,member,4.052116666666667
F18C3C6D5F0AA490,member,3.3385
6091E1DF0B81FD31,member,8.89415
484D2B0B34F70F43,member,12.5851
26BA13D24FA4930C,member,3.124083333333333
BD6426191F3FBBD4,casual,2.2052166666666664
FC31F50A66B11A2C,member,19.360966666666663
60E8E8155D90A649,member,24.5926
502D03406C874250,member,17.597316666666664
FA8D1D3BF322C58E,member,3.8119333333333336
F2D77EEAB4751882,member,5.549966666666666
499DFC28188514F4,member,10.1039
9256BFC57224A633,member,6.88685
AEF63FBAA187F320,member,1.2148166666666669
C4F3DC44197360EB,member,9.707883333333331
E78B290CADCE70BD,member,19.186766666666664
3B566731E22D90B6,casual,50.70053333333333
578D74A967AB774B,casual,54.089933333333335
7ABDC20D9F760579,member,19.5919
5CB8F0C92CE37817,member,11.16415
CE2106CE2D3706A8,member,15.1894
1FB9C2AE9F66FBB7,member,10.394516666666668
D628C148FCCE254B,member,18.0955
D0158B5F18D1D023,member,13.896966666666666
F99F50E7C96832BF,member,23.4582
E84855CD9E6FDF03,member,8.703333333333335
5E5C963AC12CFF4F,member,11.421283333333331
E0D96531C6BC55F6,member,2.9055166666666663
B98354A239914262,member,1.3672666666666666
7A324DFF930DFFD2,member,5.281066666666666
894251535D40ABA6,casual,7.11295
64994B8A53A6BFC7,member,9.119466666666666
5E3F5853B10893FF,member,10.312466666666667
9EF37EB2DA2DA4B9,member,8.167766666666667
618EDD9AEBC71CBA,casual,13.671933333333332
DEC9B2EE33712FC5,member,4.5466
D88A5A8B0214EEA4,member,13.974533333333332
F19172051AA1DA1E,member,12.384283333333334
A33C36E00309C5AE,member,10.164083333333334
0983A1F043C63793,member,9.042533333333331
47F99672CC77BFE7,member,7.25905
4153950E7E4954A2,member,8.48165
3FBE9D7BF0006E08,casual,45.1446
66FB4D5B209207D9,member,5.223466666666667
ABCA03FFBF0413CE,member,4.516383333333334
D668E1B83DDF88FA,member,13.1122
C59C2D2218759068,member,15.612816666666667
2E9B207768D22601,member,8.265716666666666
7842C1A64812E25B,member,8.1926
02A1341F955AD264,member,9.509233333333333
E145ACB2E085DC78,casual,43.87618333333333
59E62ED5833E957D,member,14.223283333333336
71E029B9AF9A5DE6,casual,19.649383333333333
D5F084758249FF36,member,46.51286666666667
0F744E76A72A4493,member,3.126516666666667
4C65E1D16A7824BB,member,8.550183333333333
44433FF4040958AB,member,7.53545
9D9E806594063B5D,member,5.61725
572292A983AC47DB,member,10.2725
7E492335CC23A9A0,member,9.680650000000002
426D96B8318B492B,casual,10.8634
8382E2AC21DBCA07,casual,25.56798333333333
F44C67BBE319BDAC,member,11.194483333333332
3E011C22FDE6B991,member,14.801966666666669
0C09A5C49A2ADCB0,member,1.49965
FF1A73C1AA04CAAC,member,1.08265
A2BF6ACB51EEFBAE,casual,12.458633333333331
708A11B4003F3A7D,casual,24.893466666666665
0126B69792ECAF2F,member,3.996566666666667
1273E3687554357E,member,18.910216666666667
15F6C4E4717610CA,member,14.296516666666667
4214750EEF1F7E07,member,4.6105
8ACDFBEF98B10172,member,5.935149999999999
D644509BBAF534AC,member,1.1378333333333333
BEA717E8C6ADA0EC,member,26.67123333333333
5ADF678CC7F579A6,casual,31.04755
9115D62EAAE29711,member,2.3575666666666666
87F11BCEAFE561D4,member,6.047066666666667
4A9BAFA00320E1D3,member,1.5892166666666665
B0CB62EACE9991A0,member,12.742833333333332
E99C4EBA28CC1616,member,22.83898333333333
2EB671BC6D8394AD,member,5.191233333333333
FC64593561B2E7A1,member,33.886266666666664
A00D4876483D469A,member,4.19115
35ECBDD3D05B77C3,member,14.140233333333333
AB1A037A6C368E0E,member,1.6353
1A1D5CB3B043DE18,member,25.909266666666667
AFF7E8BE82080D22,member,7.939816666666667
C90CCCF26009816E,member,4.5362
42B86FAA1314BA14,member,15.036016666666663
4F159A1BD76E10D4,member,2.552416666666667
1A47B23DD998183D,member,15.764716666666668
F11DBBBC497DB831,member,10.6921
84D09F6E1FB75032,member,14.788566666666666
3F99332F8DC6A095,member,18.183433333333333
ED4B1F5C27FDED2F,member,20.97755
FCC7E7677858D3F5,member,19.29795
F355926AC86E3C51,member,23.98573333333333
6765ED3CC77CBA15,member,3.8901666666666666
A298E4175CFEDB9A,member,36.60703333333333
067A99BBD527A895,member,23.439766666666667
6BEEE6E9F6B68A8A,member,20.85076666666667
985E91EFA00182CD,member,8.719133333333334
B5702614F7066A33,casual,11.698333333333332
EB51C2149340AFE7,member,3.5563
E48CB396A92172BE,member,16.101816666666668
C096DE838304FB7E,casual,9.96285
A91E13FDAF7F9F3A,member,2.4738666666666664
163632F06EE37412,member,22.146083333333333
8A4498594A1123BC,member,6.75135
9AD7EABE2DA47650,member,8.50675
A2EBE0991442906D,member,9.056633333333334
4CE6B65BCC49482B,member,11.384116666666667
9C6A1EA5F01049B3,casual,20.66485
C4515651263B6A3B,member,1.12475
FF478AF6CEF597E6,member,3.0502166666666666
4D3323B7E3A0E5F7,member,1.2196166666666668
5CFD4ADF41472664,casual,21.159966666666666
3F407795DA0012D7,casual,8.622516666666666
D3EDA5BB38CA8807,member,2.6748
62F8EDE001E2C5FC,member,13.432833333333331
F8E84B2EF0357F85,casual,11.5564
0D4367516B013F35,member,10.921033333333332
4691F9CBD98698BE,member,5.18195
540C6D955D68EB58,casual,21.69298333333333
E93BED761743D232,casual,15.775766666666668
C6A45382221804F5,member,6.059433333333333
7FD939EA5259DF71,member,4.038616666666667
1C15E7427918B696,member,7.41555
98770E79311D9E66,casual,5.1058
8FD604537B20DC72,member,32.669149999999995
F8A95DFA2514B521,casual,14.80845
91BC64FC127EEBB5,casual,8.242083333333333
59C46597B691F72C,casual,27.56205
40E19CD4F24A97BC,casual,10.766
430622844CA2787E,member,18.651633333333333
2B0EAA80FB370AB4,casual,8.539299999999999
1000BB6217828273,member,9.52485
16A678528F0A96B7,member,10.464916666666666
E6B8F3EE6538E573,member,22.347583333333333
16AE7F0AA06FFBCA,member,18.93698333333333
71015A663CD0EDAB,member,9.0285
9BFEB2BB3152290A,member,15.691133333333331
266555E96E2D3AEA,member,7.751383333333334
42BB43EF4B1ECC4D,member,5.4268
AC4450AD967D3E67,casual,2.6508666666666665
F76594CC16B1047D,casual,9.393883333333331
AE5CE282B2CD0F9C,member,31.78205
711CB2195AEFD1E3,member,2.841216666666667
12EE2E201681440A,member,8.606283333333332
E78BEC0CCA5014EF,member,10.137483333333334
7112525B92C7EA48,member,11.181333333333331
B7A354AEE0938623,member,7.523
F6E960A71797479C,member,5.273133333333333
054E40727574E4B8,member,13.49625
82746F3F1A7EDA73,casual,14.55385
C2566A02A5D7D547,casual,27.4052
B2DDF18B5309B0DC,member,4.1551833333333335
7C8E31B3EA07CCEA,member,6.608766666666667
8503621119065A35,member,5.317233333333333
1B0490AAA89E83DC,member,2.8015833333333333
BB2C2F2B17454E16,member,32.18535
8F8C417EEF329618,member,30.057483333333334
47776434D9756C47,casual,11.513183333333334
F74D00324202E6F1,member,7.93895
454CED91235D4B16,member,8.529783333333333
5BDB3360CE064B65,member,9.78325
4DCA039A36E76DA3,member,5.703066666666667
6EC5D11C23832C80,member,5.537516666666666
3BDD9015F8B9A1D1,member,12.617166666666666
DEDC80CD2F5EADFF,member,25.03785
D45AB54C62250B56,casual,2.29595
76B465E55B04F41B,member,12.2296
0798CC2EFA779F06,member,13.7296
5B1442286914861E,member,6.697566666666666
BE75567D0F066806,member,5.979016666666666
12021A10E227F01E,member,6.414833333333333
E523FED854085FB5,casual,3.7427
FAAF0B001C4D51E3,member,15.5185
F12918AB1E6F6C28,member,27.187483333333333
30EDAA44DFFC106C,member,2.5285
C0DAFAAE6DBE1E16,casual,8.61025
F0D41376E7B2A139,member,24.7481
FB448A124A38112D,member,8.971483333333333
EC2B5ADD95724945,member,4.42605
CA41F8E9E3877CEF,member,11.52475
BAB3FF40F17D4F44,member,14.699083333333334
87D30471B8C11ABB,casual,11.541666666666666
84C1853CE633745A,member,41.92025
8D102A813651B5A2,member,5.164916666666667
E64933A3564F4CE2,casual,15.905166666666666
0083A123420D945C,casual,8.413066666666667
93BF80D005FB62FC,member,11.80295
6FEB17AB9623A11C,member,13.708683333333331
322A8E1CFAF8C518,member,19.032633333333333
3FB8CCAE67395174,member,12.782883333333332
A46F9D0FE89CA02F,member,18.40305
60BC2C9E15C2CF72,member,15.961133333333333
7F33374F1F1AA5CC,member,14.918466666666664
2084DBD1FE6B635F,member,21.96466666666667
1E02150FFEDB50D5,member,5.227283333333333
CD914F35FF86723E,member,9.12375
95B88A1689657BB1,member,32.488933333333335
1C8A4EB48C224FE1,casual,3.5378
722324588DF39BB0,member,5.140566666666667
F6D610E8060DB0E1,member,8.991333333333333
B16F9A8B4BC8E591,member,11.37685
5456419DA2155373,member,18.534783333333333
079F8E4DF0059BF4,member,6.8837
BB569D9700E4E257,member,2.3074166666666667
60D84FAD85CD985C,member,4.27305
4D859D0DCA6E9B63,member,11.471749999999998
8E1CBC56D8E611E8,member,8.486716666666666
1B122C44C08A887B,casual,22.73486666666667
8102E31C8BC15151,member,6.266083333333333
7CE9F71030207C14,member,13.244333333333334
9028E3FB9B832145,member,7.833066666666666
B45AC907B345A02B,casual,6.448416666666666
10540C8BE9A9A301,casual,9.715616666666667
831C73C4786237FC,member,11.51515
021486D5FAEE65B7,member,3.331566666666667
6F8BA4A353494626,member,42.37203333333333
F56CFE10A5A69201,member,12.367516666666669
D74DFBEFE3F991BE,member,23.19128333333333
82502E35DB486E21,member,10.786233333333334
00D6EDBD50E217A9,member,22.023233333333334
FCCCE818573FEDB4,member,6.1659
29EF4D5125DCFC1F,member,5.9386833333333335
DA4BE53F99333CE4,member,1.4879833333333332
ACB655D0B2F57749,member,10.476766666666666
79A9EC0B1E2FCA03,member,1.9559166666666667
E3991534C43AF3B5,member,6.97
63C49D70081999A4,member,10.2167
CDC8570A64685205,member,31.67275
5020333124D13380,member,5.5654
5AC0D2E67BCEDA02,casual,8.966166666666668
A2D49BCA82CE8876,member,16.703016666666667
CF7F2A572C822EAC,casual,31.101783333333334
7C28E29938E290D5,casual,14.255016666666668
D702AA4C05A28C6D,member,3.5501
78F37F3F1376B8C3,member,11.735016666666668
50888030C90ED543,member,6.306733333333333
10074737A5B1ADD4,member,3.7486666666666655
EDE501E9C50562D0,member,11.686766666666667
F09806E23CB7C9F2,casual,39.15711666666667
8351862350D7DC48,member,6.863266666666666
D6A96413238A6A1B,member,3.8557833333333336
C0AC06E7B43A9596,member,6.691983333333334
0EDAE3D3F8BC916D,member,2.1961166666666667
C3E9FC5E1B0CD677,member,12.296033333333332
CB1E30E367BC58F7,member,1.636
3D8CA3DACF3882EA,member,22.93153333333333
113227962B67D832,member,19.23173333333333
A35E6590486EDEC2,casual,11.400266666666663
F6D4CAD6623C5191,member,7.46575
84B867C4B14F7761,member,3.6578166666666663
0417AAB8590C5863,member,2.0437833333333333
BB38E9DE9048A36A,casual,20.094383333333333
1FEA6BF636BE274F,member,11.152383333333336
23294BC1A388FE5D,member,4.915233333333333
6DEEBC0363035632,member,1.1880333333333333
6EEC96D982730A4D,member,7.1322833333333335
13219F2ABB2EEBAE,casual,14.007816666666669
DED685CC68B571CC,member,9.7433
25191A667341EC81,member,30.64968333333333
3645624377A0CFA7,member,16.963433333333334
01E29D0F288A131E,casual,3.715
FEBC4C92D6F1BE7B,member,5.594816666666667
141C80D5C94EC2BA,casual,56.01483333333333
C178A1F976C51FDC,casual,19.21668333333333
87F68842CAD9426E,member,2.491083333333333
244E15FC98895D00,casual,39.940783333333336
411A3BC197864658,member,14.722133333333334
A61C05827863221F,member,17.884583333333335
3AE063D29A36A7E6,member,4.706566666666666
8C45C27CF0B99B18,member,18.816966666666666
09BC316E71C4E7DF,casual,21.29813333333333
A03AAA3B49866291,member,2.3050833333333336
A8399B0ED44CF180,member,7.989
1E71654BACBB61B1,casual,20.4638
BE1BA545337FD06F,member,9.136
2390972DFA2518E4,casual,10.898916666666668
E2A36D99F14407D2,member,10.207383333333333
F9B1A9D4B3F02CCA,member,12.760266666666666
36ED972AE4F17E9A,member,5.788833333333333
524C8BDE2B82C2F3,member,3.5318666666666667
D7AEF12C0C4EFD07,member,43.73943333333333
4D7AD4363BE1DD58,member,6.45345
B97F3518F4E6119D,casual,65.72308333333334
B879B54E4A3644A5,casual,5.398216666666666
FE1F050365905B60,member,13.18925
273B447799EF5E6B,member,16.940733333333334
A319BCED74E7DC58,member,5.119683333333333
7AD23668C7A64F5B,casual,7.443033333333333
1942132D834D0A54,casual,13.4331
B2C790E59CE0ED7A,member,10.216616666666663
17D5BC31686E6D8F,member,20.821066666666663
52F87906B9FAFAF1,member,2.7638000000000003
91902D98694AD611,member,10.6005
E56F11A89E7B36DE,member,3.411083333333333
5C37718E8E87D89A,member,21.056266666666662
F11ECDC4677F7D4A,member,1.25275
FA8D067211416C36,member,5.574166666666667
F204E40C39F12FA1,member,1.2117833333333332
DAC69D657CA17DE3,member,6.29305
087CB186C6823885,member,9.9664
DFD1C0CEF2B1AB5F,member,7.538799999999999
BB1F6652CD0DBD5C,member,13.9094
49B7BC4C5DF50CB6,casual,19.386116666666663
76B6F047ED22C46D,member,31.013366666666663
3167BAA5CEBE46FE,member,1.1683333333333332
E648ECF1849B687B,member,47.929116666666665
4EBA8477A9622AA3,member,3.9619333333333335
1E47D2DD8A51F5AD,member,11.575916666666666
86BDE58A4FC7BE25,member,25.9077
B1128251C2E1169D,casual,76.46366666666667
B1E92952E3217508,member,4.894616666666667
244154914C72B11C,casual,6.8683000000000005
EF370C0002113A8E,casual,16.590816666666665
7DA0A1F5B9ADE5E0,member,2.9397
0DA537B27E3B8A0A,member,7.412583333333333
4633B1FAD4DA0918,member,9.2014
45442A5FA6AD19C7,member,22.689833333333336
3619656148CC7EC0,member,28.85193333333333
0193CBA84A739C89,casual,6.727016666666667
3A6756E50F32468D,casual,7.833066666666666
A82377A3C33A7C2E,casual,43.66236666666667
4EA8B128B0D1C0A9,member,12.2622
1F6A55124070EF32,casual,18.07515
0DAE8C5B38C7C22C,member,12.977133333333336
2DB5C9DB98DD1E00,casual,8.698233333333333
9431E3E26018F80C,member,16.2106
FF9A9136BEFB7993,casual,14.422616666666666
99AA6DEDB618C1C0,member,15.417283333333334
1F748598BA35A513,casual,26.64793333333333
8D1F2CEF373065CA,member,8.6078
508EE5B4EB862A89,member,5.935983333333334
25C364A9A861F10F,member,18.863966666666663
7BFF68D21EC032F2,casual,8.079649999999999
1B4EB8DA522E1BDF,member,4.8098833333333335
11DEA1CD340557C3,casual,11.290516666666669
1583A554C5F96F80,member,33.62475
4A8A5556AD47C723,member,9.11175
73059B891CA8641A,member,9.344533333333334
B4966B854F311EED,member,18.079066666666662
7F827716C976C2E8,casual,23.55813333333333
FC287FF82236FC63,member,2.9679
CD550BCBFAAF505C,member,34.040866666666666
F912C460412EDC51,member,9.972016666666669
CF9F6BF7AF71CDE4,member,3.8213
32EA815A0F42392F,member,14.2699
4BD55A55F40D67C2,member,6.761766666666667
FA31C3B6A9625478,member,13.941216666666666
B71663B1970EFC89,member,7.4454166666666675
6802ACC1E3AB1A35,casual,24.4493
B78B5D614FF0AD4B,member,6.3505666666666665
8B9BC0C9398B8CAB,member,9.966133333333334
05306969B73FAA4A,member,42.70875
A247AB340EE3676C,member,57.087833333333336
4A9FCCD8E7BF66CA,member,12.550583333333332
298E1A623F4DF3E6,member,22.787633333333336
386DA962B5093428,casual,12.69995
5CED778FD07C6734,member,6.48205
A418880BE16D2347,casual,13.3908
1D705CE0C9666A67,member,5.031366666666667
E01745D23E10D3E3,member,9.447083333333332
7DAAC370D3D8B072,member,6.104333333333333
7DD10EA66BC6C4B0,member,12.523683333333334
8F8A237E3C8C5F2A,member,23.808333333333334
20D5BCD33529BA4C,member,30.43773333333333
EDFAA504ED08E0CD,member,15.359
35F5D00625B27426,member,5.956083333333334
D1AA0AEEA5AB6797,member,7.411316666666666
EAB3ED2D36BE31D1,casual,32.975366666666666
E42527B82B389E48,member,8.186683333333333
59A8D010FC5826ED,casual,22.17788333333333
95181B8BA53E391F,member,2.233483333333333
72E125001989AF5E,member,2.0377
F857FB978CA7860A,member,5.05765
92915F4E331B7953,member,12.0688
DB6FD39F171EF810,member,8.942983333333332
D25DD648DC2E7E7C,member,2.5862833333333333
BD35694A0A94634B,member,9.568883333333334
9E499F0A00E2206D,casual,11.993483333333334
54AE2CCCDFC34C49,casual,33.36881666666667
FAC48E38FDF69B05,casual,18.703233333333333
8D61E55314D12EBF,member,13.5064
04F0624DB45776E4,casual,19.67941666666667
58A1AD62A53A1EA1,member,10.540683333333334
91DA6DE16E9B9778,member,10.5086
E39E6191A670FA11,member,30.716383333333333
C946ECDE738F421E,member,17.458966666666665
DA7E0ECB640557DD,member,5.57705
44EDE1B64785A16E,member,13.357566666666663
7C5100B4803EA24C,member,9.55525
7FC1CDFF85A4FBA1,casual,104.43386666666667
FF13653FBE84C51B,member,4.281083333333333
A8C0141CC357B888,member,4.673150000000001
0AB447E662130460,member,9.303166666666668
5E64FC5934C4F795,member,9.067816666666666
39419E8A486CB321,member,12.324666666666667
301942190B90990C,member,9.941633333333334
E810849EDB179396,member,3.4122
B0F72F0EACFA6454,casual,5.604033333333334
176F6834E9D4E563,member,19.910216666666667
D380B1848F232E64,member,5.710983333333333
F80811185D877AE3,member,12.8837
79905A669E46F5C1,member,10.749883333333337
C8BFF7DE6820451A,member,24.48413333333333
3F1F16FF6F487C65,member,6.107383333333333
06ADC265E4BD59FE,member,6.066033333333333
91E10A0E2FCA46C9,casual,12.058766666666664
1575AEC1686E06CA,member,6.420233333333333
159C715D54F22B7E,member,9.789583333333333
02488AA8B6EC98F7,casual,19.731
60FD28472919BAF3,member,22.399733333333334
86E2F20B0B118AE8,member,12.963533333333334
6074692E4934EA1F,member,2.5966333333333336
111E4D13964DD3F0,member,12.456266666666666
D75F4BA887C59F45,member,12.432033333333331
BD6BD11F9CF2CBB3,member,2.4692166666666666
937C653B9F1875AF,casual,20.772683333333337
3DEE05E8E715C967,casual,16.457266666666666
15D1D30330730AF6,casual,74.15511666666666
575A80FBF1AE8136,member,4.079766666666667
D3088EAFEF2E970B,casual,19.052766666666667
8B5A41A7535D1526,member,27.352533333333334
6D9EB156383F67E7,casual,7.759333333333333
EFB0209CF0C88CE4,casual,15.787116666666666
9845E732AC51B8E9,member,15.931166666666666
E6491ACE79192C64,member,16.82668333333333
0668FEB9BA1433A6,member,7.922333333333333
969D065794EA35AC,member,85.95855
59C1A800AF8B326B,member,14.9438
591BF682AC6275DB,member,44.52776666666667
00DC75873DDA04AD,member,7.1104666666666665
6F4C3CF65B49D91A,member,13.393400000000002
5CAD8105840F5994,member,139.96376666666666
E7A556B84414250E,member,20.59105
FD33D19C5191ED4A,member,5.7897
B0D476ECF4AC64A7,member,7.627750000000001
44A1C9CED1E20D76,casual,19.62255
C8B2A38C720D8CC5,member,10.194633333333334
4729EA50EF9D2481,member,16.0688
899E734834BC18C5,member,8.122166666666667
F3A1FF7E87639F82,casual,18.22683333333333
FEC5C9F140F1372E,casual,4.477633333333333
61F1F105B52AC16C,member,3.291033333333333
A963493AEA381909,member,37.763783333333336
6C0EA534C6F2C1D5,member,30.007983333333332
B11AE01E423756DD,member,5.18465
F84C4F1A6085509E,member,7.0879
99D7CFAD2F396828,member,18.994333333333334
DFA97177026F2722,member,12.7398
7CCB1153C579434E,member,2.07335
248A331C8BE07876,member,13.556233333333331
3F45DF708B71F8FD,member,23.070716666666662
00FD34915679212D,casual,5.19645
DC204F529F8E5DCF,member,5.643683333333333
E3C3BB9840B9E099,casual,15.907566666666666
2FD49C634013A8A4,member,44.713766666666665
D40446E9F80320ED,member,4.971633333333333
559356312B2CC29A,member,13.9277
A6F32531F9272C6B,member,10.7479
D262395054DA31AB,member,4.785583333333333
F48D38BCEE32AAAC,member,21.268700000000003
56989B344A351A89,member,19.296566666666667
F85CCECDD548A43A,member,23.81918333333333
F46E508CA86F15AA,casual,7.244649999999999
10377D2601942481,member,6.254183333333333
CD20DE20176842A1,member,30.4106
C1C14D4757FEA8D9,member,24.16418333333333
4F9E68E65B3D300F,member,4.294883333333333
CB1F9BC5574946A5,member,14.3827
92F6D9DC92EC70FC,member,8.131566666666666
6AA92E561E2B3386,casual,45.677
76AC3A39370A8DA4,member,4.22915
EF5744E05180B9F3,member,13.1179
02038C7B64C2EA1D,casual,5.456183333333333
02367CD5EEE70E44,member,16.573966666666667
2D41F7BF39B97B2F,member,23.045016666666665
90DCF5B37B870608,member,7.050233333333334
46F92B6BFBC266E6,casual,70.31195
2F4E5802C7ED9C6F,member,12.4686
1A02D9A1C9670A15,member,7.152416666666666
AD5FD27E7BF38852,casual,22.269683333333333
67DB385E601DFDF5,casual,12.275183333333333
2567CCE8712AE40F,casual,7.7481
F2EB58520C6D2686,casual,14.906766666666666
A9422DBC35A2732D,member,29.97835
675A45E8771208AC,casual,11.127166666666666
4F06911BBAD2AC92,member,5.212966666666667
839B329524151BDE,member,6.01175
77B910D0D51F92A3,casual,40.15043333333333
615542530C4688A6,member,19.84671666666667
E2AAB1F9FB553FBD,member,3.95575
83604994DB7AFB56,member,22.077716666666667
CBA78F4E10B39D04,member,3.3486333333333334
251E8D9515F8EB7C,member,9.736216666666667
8078585740A897DD,member,6.023916666666667
A379EB8980B5C8DE,casual,25.3618
26E3C69BBC4FE037,casual,26.20925
1B11AD0AA28D432E,member,11.204
19C2966C6A71C5BA,member,8.7611
3CBCFBF33ACC6E30,member,1.8221833333333333
B9316153D8CF59CD,member,7.039116666666667
DE391AD037FF09D4,casual,47.82096666666666
042E650C99DFFF07,member,12.693266666666666
DD1BFA5FBAAC6155,casual,15.915916666666668
85EB9D92216305A8,member,3.2357500000000003
9DAA631473581C33,member,1.8903333333333332
43458A6BA951C51A,member,7.116116666666667
363A0B64D3CDBAC3,member,12.86115
DB54844DB7B1A607,member,7.144166666666666
0124824E3ABF6B9B,member,17.424566666666667
7CE9F6EF09859B41,member,4.1638166666666665
E85F63567E11582B,member,12.717733333333332
3045BA57D4FB8012,member,10.8282
A95956A3A469FD25,member,16.3595
7AE9EC6796DF29A7,member,9.01435
436DBFB5C54C409C,member,23.9915
A458893B172F1DA5,member,12.012783333333337
F56C1890EACF4A10,member,2.332533333333333
B80EE5B9CD68D91C,member,1.62375
2230DB8CB2238813,member,6.5731
404EF50A622C3B4E,member,8.364166666666668
3D46BB745B1E5417,member,3.577566666666667
98F275978DCAC566,member,33.09345
B28BC7F13717FA22,casual,19.59275
689B9E54C644A9DC,casual,14.669966666666664
1758AD17DBB70299,member,3.996683333333333
1E74395C00CAFE89,member,12.5376
E8DD029DAA04147F,member,12.7404
3D2790D7D2A1DE4C,member,2.3233333333333333
18AB6376AF5CEC6E,member,7.431116666666667
CD9067C221E09AD2,member,2.800733333333333
F5CA2F195BFB0A2D,member,4.6985
E5113B05DE14D61D,member,20.7643
946458B92FDBF3AE,member,3.605633333333333
5D4832692E4BB066,member,2.5921333333333334
B07DC0FAA4CD329E,member,1.92085
D92F605955E3B8CF,member,5.9296
D959B5FDF07FCBD3,casual,22.456533333333333
C4E6E9B4F97D312F,member,18.236666666666668
17D7369B7323A208,member,5.320683333333333
CD08176F4488BD58,member,9.32795
5BF2184DAC448C22,member,6.319583333333333
0B87D3F198224982,member,10.957716666666666
EC6B53FE7D30CFB2,member,12.2145
F7B865B5643AEEB9,casual,13.894083333333333
DA0136DE7AF8AD5D,member,12.828466666666666
656C0F7C18D1400B,member,12.500016666666664
F755E32A921AF538,member,5.0992
43B088FB365FA1FC,member,2.6974666666666667
EEC7C803DDBD1640,member,12.177
3F1523E40353482F,member,10.182716666666666
3B383C23479F1B52,member,2.0416333333333334
CD723089E160578A,member,66.23426666666667
801B114FCE47ECBE,member,15.054333333333334
68E96F6EBFFF2EC4,member,6.359333333333334
4ABF7BB286BD0F8D,member,5.254433333333334
46A5891B6D072BD9,member,19.56495
B9248B1241672BE5,member,9.391916666666669
3160B44DCEC0CF28,member,5.256833333333334
64BE72ECD7A32E22,member,3.172233333333333
501934F5899A0557,member,17.983116666666668
F74F4E8EBFF85805,member,10.320033333333331
6E03C86AFE9B74E5,casual,12.128566666666668
3E16BE67AEB237AD,member,2.8747
91DB3E17FE9A11C7,member,15.858783333333331
3B1CE68A06BADCEA,member,4.999883333333333
F74F85DD69AE90E7,member,12.491833333333334
1FE1CC234C35E69B,member,5.568016666666667
B99A88D5714A688A,member,24.49155
4DD075FAE732E79D,member,35.56946666666667
CABBE13FB109596C,member,1.6286166666666666
A06461234B2ACDC0,member,7.782916666666667
0F5252AB74021627,member,12.038266666666669
AAA6B294D7C74A18,member,15.109683333333331
F5FA6F2DB8DF3520,member,10.92175
EC3EAAB23FDD553B,casual,21.495383333333333
2437EC031C05FD2C,member,37.027433333333335
691EF6001AE23CAA,member,4.927183333333333
A51A21B26DDC7550,member,37.71263333333333
3820C3FAE4BCBA2D,member,6.904933333333333
D12F1154A6BACDF6,casual,20.9044
55FD8FB008FA7B8C,member,57.949216666666665
610757E126719BF5,member,4.916883333333333
20DE1AFF111D5498,member,55.61585
427A89E1E182A510,member,4.424916666666666
30F85BD9558DC661,casual,23.08458333333333
4EDA750278D213D5,member,17.422
2A1153216E3B3304,member,9.3926
FB9A0B108CA0BCA0,member,9.3264
67838B385A12ECF0,casual,37.38421666666667
4E16CA3A998661FE,member,4.53035
31B11FAC40CD5DA3,member,18.267266666666668
3A0D87C99F461D05,member,3.67525
DBA8ED52B0072FB4,member,3.846033333333333
E6D4E3193E217EE9,casual,5.094166666666666
B664A8822CE684E1,member,4.852116666666666
0395D0F61691CCF8,member,7.608283333333333
4075878A6435E55E,member,5.015583333333334
ADED9E2C10FA3963,member,16.252366666666667
CE925D77C0906D13,member,7.1152500000000005
C88074D5DB92A140,casual,10.364783333333332
41847E821AF0E317,member,17.02535
4533BE19B0F0C83A,member,18.347516666666667
D1755F66F02D557F,casual,3.9470666666666663
455449E187C4D15B,member,8.757583333333335
7EB2E0320395BBF1,member,12.649933333333331
C30C6234C4BF7BE7,member,16.0126
FBBB38319D297515,casual,27.69618333333333
8543DF31E8BC2E3A,member,5.7545166666666665
EE105DEAFB56EEB5,member,31.009566666666668
73F0E231C22C970C,casual,8.657100000000002
37F70C0C9965CD14,member,11.2621
598F270C1BDFCAE1,member,6.180083333333333
60A565815CD7D75B,member,4.33885
3AECEC905075701E,member,20.41508333333333
57A3DA86CF218ADD,member,6.692666666666667
90C6FBE6ECBDB67F,member,4.09245
85D1DB3639183EEC,member,27.670216666666665
13DAA3871F72F7C9,member,2.234866666666667
FE64867E1DCC34A5,member,4.2462
B59B4CA3BD80BCD2,casual,4.974483333333334
79596A55124F050A,member,24.110166666666665
336C0C1C1E71991B,member,6.112783333333334
0608C71C82AED3D5,member,8.115566666666668
1354C9908AE9E084,casual,13.40215
C302C66EB69AC9E6,member,4.318016666666667
37F31028241B378B,member,13.4993
B948A3B6FC227CB7,casual,17.5114
103839328A45EF8D,member,29.10065
5E65EDE17F31A7D1,member,15.739083333333332
9322193D931E6382,member,12.9205
8CD953C1279972A7,member,6.186516666666666
B229A9E10D53E779,member,14.26905
70168BD709955CF8,member,26.464616666666664
982774CEF05AE200,member,7.674233333333333
CA034A46D682414E,casual,6.2393
215315E292AD83CC,member,9.371216666666667
1EDFD2CCCBC47B60,member,17.29205
FA625EF60263BC89,casual,5.996366666666666
22E50EE3606566E7,member,7.40035
A0B11A7014997106,member,4.736483333333334
E9BE17D9473BB248,member,16.469683333333332
A5CC9B94013BBC30,member,17.90695
821865F930D078C4,casual,13.236883333333331
023E9FCE84AB6867,casual,20.54703333333333
9243E6823C4AF630,member,6.308833333333333
81C2E6ABCE15E7BD,member,5.939533333333333
BC4693354FE7D992,member,2.8697833333333334
BA29B412554EFD3D,member,11.744733333333333
435976A7B7CAAD05,member,23.60303333333333
492817BACC6F7634,casual,13.94075
E12B8F65699FE775,member,17.870783333333335
C7C8D35BFEBB9654,member,21.183716666666665
A623C5D782E26964,casual,9.40905
A0CAF2B0362E5ADC,member,4.635800000000001
4CFACD35FF82F1A9,member,31.55773333333333
8D6ADC4BE44EDD84,casual,12.490516666666668
F1EE85E6B931FE70,member,5.6857
F274D1FB6AF99769,member,7.497
5C93A7ED684950F1,member,2.51495
7842377A62DD1E6D,member,3.103
7BFBA95F23C1F7A7,casual,4.719866666666666
9AD7542D56F4CF98,member,1.5807
975FC2F0F5F7D77D,member,14.338766666666666
1675808E5289DE5D,member,16.915866666666666
A2223A51EAF722CB,member,8.71875
766BAFB8BD692AE6,casual,15.056316666666667
6E407A973F17AAE9,casual,33.13956666666667
040AAE08288594B5,member,16.78085
367CFF6C286E67FC,member,5.6865
F3DC317BA62E23A8,member,7.7154
F2D22172D2979BC0,member,2.3625833333333333
D1F3C2CFE874D6AB,casual,9.137216666666664
069F681080935FFF,casual,24.526733333333333
ECAD3392AC6D9532,member,10.644533333333332
78D38C24450466E2,member,5.992416666666667
5B23C56D17D9B676,member,5.742566666666666
E6B1AE56047061E8,member,3.3984
429BF85D2B4D0140,member,5.516033333333334
B325D114775AD018,casual,15.792750000000002
0CFFD0D990585B54,casual,14.924083333333334
95165C8BC062F8D3,member,20.91558333333333
EAEB59EC735488D7,member,10.259033333333331
66168E33074D99D0,casual,3.002016666666667
44C345682F671C19,member,11.706166666666666
B738A08A5966CBBD,casual,4.63685
56A6A4EC1E13EE0F,casual,3.0318
71B705FBA370A3F4,member,13.163033333333336
AFE5C90D5782293F,member,8.9637
79637997E2D3ED56,member,2.4227
037F2A6FFDE0377A,member,5.537716666666666
784709F288C3DB3D,member,4.91695
04E5C090A45DAEC3,member,5.320133333333334
86C144D1CC339F5F,member,5.461616666666667
D1FBDA18DE5A20B8,member,8.86205
0D63AE05C38C2FD8,casual,50.49861666666666
FF2E9271800A5F5C,casual,9.123733333333332
745F95569FC2CB6B,member,5.246449999999999
D5ABD8F72C443963,casual,14.643983333333331
9B59E39E4E479A64,member,12.642333333333331
B77C1497E6BA30B1,member,4.919216666666667
399281FBE0C9488A,member,17.938016666666666
44F4EB332381E369,member,9.606883333333334
3C2CAF86F8BC8129,member,22.068466666666662
3C89B7E7443279B7,casual,12.36575
63D501C421378358,member,5.409483333333333
D9B15EB207984598,casual,6.9567
09485E7C635C4314,member,6.572933333333333
F60EBAF07FB5EC37,member,20.99553333333333
238CCBC1D1A0D43D,member,14.606633333333331
37CEF8652267FA1A,casual,4.08955
00113BEDA8741524,member,2.002833333333333
59612D28329863A4,casual,15.695883333333336
41C83BD1B37B5E9B,member,8.481783333333333
54F8283EF3074ACF,member,13.8776
D16CF89C16A5329B,member,15.028533333333334
12A8A19C35FC2FA2,member,10.272516666666666
127D9A8B767DBA12,member,10.3296
18F6A3EEE6541968,casual,10.18815
F4D0583CBE306B7D,member,43.06411666666667
CD2DE980B18CC2FB,member,25.9758
2E8B1C67AEEE7C9F,member,9.817316666666668
D287BE49D21260E1,member,22.32015
60A6AE0ED721520C,casual,9.323666666666666
26D5799D7A5693EC,member,14.163316666666669
3223E7288B2EDB48,member,14.74105
B87769C5E6BF041E,member,14.6089
BA0AB60DE60BB2FD,member,18.60148333333333
37D7073778E3AFBD,member,1.76845
CCBFF40F26D4C8B9,member,15.095483333333334
FA0367DEFCB1F63B,member,10.879683333333332
4FAD150A4ECD7530,member,68.16475
BC109F580674C968,member,2.6134833333333334
BBFF359CADBF0347,member,15.686566666666666
16FAE545D3A83EF9,member,9.711366666666668
9F6053C234FDA1A6,member,8.074816666666667
67B4E529E1B4806A,casual,15.627766666666668
2E1C334E22E2087F,member,18.32793333333333
BB373F5F4475EB28,member,1.2114166666666668
B65CD38D48F970B2,member,14.499816666666668
44768287B95C1323,casual,27.173783333333333
193195D186F92332,member,24.3208
E7C932B0418459D9,member,21.8934
9DCAB9188FCDF167,member,4.721500000000001
0D9A96F273A7BD4B,member,1.8075
BE6579456725C699,member,3.33405
37E623DCBF68BE99,member,14.330333333333334
2F63AC26C3ED90DE,member,19.02691666666667
2EA5C179D634378B,member,13.069033333333334
4CA126935D92C9A4,member,9.012366666666669
1FDBEB9A816893C9,member,11.831583333333333
392A933738BC916C,member,6.9866
8362AC9475BF067F,casual,19.30816666666667
5C7F32FA0D32A278,member,14.444583333333332
C2486CD97D0DE09E,member,8.354933333333333
F03CD95918222C8A,member,19.35203333333333
127F6DC601663290,member,5.4229
0528BCFECB47F9E2,member,4.906733333333333
E54939F37F0F1C77,member,4.127133333333333
74AE2FA986EF65CD,member,21.1853
E309C6558B74684D,member,3.958383333333333
3E3465BE4528FAC6,member,6.178466666666667
2BEA6C309300E3B2,member,35.052816666666665
97E3F99B4E6D1EBB,member,2.707866666666667
EFE7ED14C9424DF3,member,31.79751666666667
C0AC45660EEBB3E1,member,9.131833333333333
E37FAB69697BB6ED,member,19.233283333333336
D6F001F90DE25B9D,member,39.38663333333333
D7F0EC77456A4227,member,11.897316666666669
8CBCD33A5E38A3F1,member,4.136533333333333
2C0A78A28974D3A5,member,11.6206
7CD61CB21C617B73,casual,14.3055
6FA22C4D5D877980,member,22.9767
3B3925AA24CD7976,member,7.3046
E90F254440855A06,casual,80.93776666666666
764BFAADE65FA80D,casual,99.99786666666668
7406558FEC6EAAE6,member,19.96333333333333
0FE6D02ACB32613D,member,12.2884
A3F88FC782FA0A62,member,15.2363
AFE6427DB9303034,member,6.8317
E4E78D4DC81B3D25,member,6.7558
F0F0A098EEA6D63F,member,7.582483333333333
BE86644E3DAB6773,member,12.629966666666666
4ACD41C8C5F5634D,member,6.898716666666667
EB0F4430CC4D55A6,member,16.678033333333335
C5B6710F44B06569,member,26.94685
301C166776E761B0,member,2.8731166666666668
08457FFF66ECFC88,member,19.8107
1E006C67C6825640,member,22.95498333333333
2F06ABF28A021D5B,member,2.5779666666666667
FE5E4095708E7EFD,member,39.93138333333333
9E406FDB801C6B2D,member,31.12373333333333
240223E471C86877,member,2.062583333333333
172F81AE4705BC44,member,4.690566666666667
606D542F7A8FDCFA,casual,4.603583333333333
95C444B41F96B741,member,18.87245
3E1A961536F53AA7,casual,3.4345833333333333
4D3DCBD542872812,member,20.041066666666666
820D2A9BB1CEE711,member,8.536816666666665
4AB827F1BFA9CFFA,member,13.427883333333334
A605823A96A8F84E,member,12.253016666666667
508BC5D355E7CB19,casual,4.499383333333333
E23A83A2716D15D2,casual,7.762733333333333
80FEE00CECCA518E,member,1.2164166666666667
82E7D2DA133EEBAB,member,17.516433333333335
62FA258CA7E30DC7,member,33.5398
DFF2D5377F62B3FD,casual,34.807300000000005
1E9882ACF3ECECA6,casual,10.686183333333334
2EBA523801B530CA,member,22.347316666666664
3850EAE075D1F21F,member,2.99525
39DE228FF48725DC,member,6.034133333333333
FB082159B94C809C,member,20.61523333333333
BAA0981A2A99B546,casual,27.977666666666668
2F452A48F7F39E2A,member,8.360016666666667
1C16DCFE9F3E084D,casual,4.612
DE4078EBD51F7480,member,1.8329666666666664
820F629EC5287726,member,4.0174
D9406970FCFE58AB,member,7.77055
AECBF772E6C87B78,member,6.27535
6F889F6ADFAB0CDE,member,2.3322833333333337
9231DA678F185A03,member,1.1566
7011AFB084FCAD42,member,4.928066666666667
DEB33C2BD750E3FB,member,3.9753
FFE33BC6A179D41A,member,3.7252
99F9CC720A7F4C7A,member,5.9399
070F399D5B0E4A54,member,4.724533333333333
1D7D11817C802B1B,member,19.72395
C70220114F92E8BD,casual,10.755833333333332
BD3B6075D89756EB,member,3.835816666666666
51542B491244E34D,member,32.70258333333333
F90AC2B26A08CF7F,casual,9.403116666666667
91D04744BA17F536,member,4.35305
A3B71466C9BA8810,casual,108.54316666666666
8E0048356937D7D8,member,21.659333333333333
969880F1DD492834,member,5.986166666666667
05B06A5BACBD92C9,member,37.92588333333333
13727634AA3DCBA2,member,19.67855
621B5BBCF57CF2C5,casual,11.575383333333331
52F88001178383A2,member,6.0287
04CDB6078A07240F,member,1.7071833333333333
C2EAFAE8BD96AF01,member,12.099233333333332
3CF08A8D1DE3C707,member,4.100783333333333
3A7ACB9686DC0454,casual,21.09225
D622A94099C75927,member,13.367616666666668
57688102F727ECCC,member,6.935466666666667
CD137D2FD6286BEA,casual,24.36135
3B0D059EF52ABBA8,member,1.970783333333333
4AECB0CBFBE188CB,casual,4.776933333333333
79D9A4D642D8ADEC,member,16.119366666666668
AEA0CBD451A9B894,member,14.4182
DB7AB8060FC8288D,member,6.120266666666667
A8F16117EC7AB0ED,member,4.2123333333333335
432CABFFA45EDC35,member,5.09145
ADA7076E01E414FB,member,8.720783333333333
FC69AF4188C7F66E,member,1.8232166666666667
1A1BDA614652F122,casual,7.478683333333334
60155B03B58A69A2,member,26.94683333333333
981A471407EE222D,member,9.942366666666668
3AF7EF8E3C3C0581,member,1.3828166666666666
E7131A760224DD47,member,47.82878333333333
A83155A9FBB38202,member,6.8781
762AD7E82F041166,casual,13.056183333333331
7D74C6E79AD9899E,casual,7.187200000000001
C21E7CF315DBD629,member,36.41251666666667
6B57B654C326F59E,member,4.052683333333333
47E7FE7A7334F7C2,member,6.081
C5E60626A34CAE96,member,14.937233333333332
E6F6D8D19B0BBECF,member,10.11685
E72F60A4089DD464,member,16.028866666666666
DF80AC39B3BCB9DB,member,5.1566
DD16676B21863871,casual,10.730733333333337
A494F94C4EA3908E,member,9.685
D3EAF85A948CAD29,casual,17.965766666666664
DF5B41441054DB0D,member,22.165233333333333
7C8EE9F559965E91,member,2.2626833333333334
297572D07514D593,member,93.98373333333332
72A14E0214BA930E,member,15.95475
4385CBA9C1046AD9,casual,58.44916666666666
6BD732F06D8BF821,member,7.432883333333334
E39EDE7E68476382,casual,10.726833333333332
43CCE8AF7DB9D9D3,casual,9.38705
192F49D665C56B46,member,3.4008833333333333
41899493A25D9230,casual,44.5931
6E0A849DEA9EE267,member,3.5753166666666667
AC5B3E6E56860056,member,10.883833333333332
1CFC43D3223722C0,member,4.470466666666667
8F5A2365B93343AB,member,11.540833333333332
F354532597B1F0DC,member,18.626883333333332
3C9E88D3EDF622D3,member,2.91715
8F4A685F3D1E6798,casual,24.977566666666668
874F03071B6663BE,member,11.514766666666668
C83E919D87527F8B,member,15.854566666666669
74851C5FF126CED4,member,8.174316666666666
02CA8F72FB8A7FE8,casual,9.1941
F3788AFFE641BD74,casual,24.70325
5D190D8FC637EF4C,member,5.206366666666667
F6CEB202DCC3405D,member,8.406733333333333
6DAD9353783707BE,member,1.9967
37A31762055722E2,member,4.138283333333333
F87BDCEE9FEEEFE2,member,4.803083333333333
3196CAFC31A9CF0D,member,22.400583333333334
8B76DC7F22D93796,member,11.131616666666668
332742016A96CFFA,member,10.504233333333334
A3A439D531CA7929,member,3.416583333333333
BA928284D47CD079,member,8.13185
8BE08C632AFD188C,member,40.641466666666666
6E907DBDE2C57E6D,member,11.324316666666666
ACEBBB84453A2D9B,casual,11.283066666666668
6426B4E1E4CF4A9B,casual,31.281583333333334
BA71095B194207E2,member,11.9206
6C36475FD074C8C6,member,3.3342
A45790BC24F75DDC,member,15.784333333333333
373BE18715346A68,casual,18.430433333333333
50F814E6C868F47F,member,25.422016666666664
7581115C5354F462,member,4.59495
BB04826F7E963FAF,member,22.61328333333333
2664BB298DECD9D6,casual,14.7114
16A1453AE3514053,member,29.98375
19570B7288C1E88E,member,38.01756666666667
880493E08329C476,member,1.2328333333333332
029A7F9827B1F60A,member,28.422283333333333
0304612328AEE710,member,1.4318333333333333
B58D00E879C954B8,member,13.2763
EE82D6DC5FC16D65,member,50.61136666666666
4389557528671A87,casual,9.448916666666666
8157AF447BC2153C,casual,19.31738333333333
963067657F7ED2B7,member,1.33645
8FFFE1F5066242B2,casual,45.2946
568126B2B317E269,member,3.6881166666666663
75FB9A34B09C378D,member,5.0411
9BA129A2EE7A8877,member,9.644766666666667
4CF935778EA9E679,member,5.788516666666666
059B2DCD283FE1F1,member,10.152116666666666
6AFB80B9F372FCA2,member,22.7653
3FBB34B5B75A2007,member,9.464766666666666
10ECB025C36991F9,member,3.1594333333333333
147C3B5440477864,member,13.276383333333332
E7BFB3F3172A4986,member,15.116633333333334
EC7A2FD80153C78D,member,3.7176666666666662
7D7F5EB1B1D6C2AA,casual,7.2341
11135072CB90E3BC,member,5.6400500000000005
CEC63556221BD646,member,31.867216666666664
D57D79DF40DDB920,member,3.290016666666667
68881820BBF23D6A,member,12.4525
3E2DDB36BC492526,member,10.992766666666666
C79E2885257BBDAC,member,6.1434500000000005
2393318FF982D29E,casual,11.132583333333336
8E8D8D76003BBB84,member,7.53925
7118CE35939C1173,casual,16.2334
833C5656AB730B6C,member,22.45518333333333
62056B86236A8E5B,member,48.90113333333333
6A5CD0F30C0A9CF1,member,11.349183333333334
67FEF5C3FA4091F9,member,4.709316666666667
2112ECC58130116E,member,9.586416666666668
FD076E05B4367A93,casual,6.980266666666666
6FA99E4AC5FC33F6,casual,15.15205
3608A0C7B9EA6BF2,member,20.1132
8285C1BCF84709D3,member,17.424133333333334
ECA68000F74AF84A,member,18.948766666666664
77794681B5AF8016,casual,61.02546666666667
8898018883C99EA8,member,13.404916666666669
2966CFE1FE0EEBC1,member,15.739233333333337
737FF1A6900D162D,casual,16.66745
4EF27B7A6F862203,casual,10.6758
C7074FD431902A81,member,8.424966666666666
7ABD4F029EECC892,member,7.817366666666667
913EC8C8E3D6D697,member,11.189716666666667
64864B7E1F5941E7,member,18.886033333333334
6CE21D2FEF6E7202,member,4.835916666666666
5B53B0CC4D25D051,casual,7.021583333333334
9FFA6743FE45ABB0,member,1.36035
EC34B5C86B13C3AE,casual,20.72648333333333
CCD43C9155A8E93D,member,6.070033333333333
B157912917D36ED8,member,16.0043
78B9CBA47F1522AD,member,31.180983333333334
BEE230FFA7E5CE2B,member,39.60865
BB7C044DC73E97D4,casual,8.3641
B23F12E1577E3FFB,member,3.433133333333333
6D9487245F29B9BD,casual,132.6562166666667
16485479CFF4C2B7,casual,7.06665
FDFFF5BB39BC6E7F,member,5.371283333333333
6F58255FC5F0B2C6,casual,30.925066666666662
E23ED3D0517CADE5,casual,22.60705
A3B3EC583CA79B91,member,5.998633333333333
1E3A5847E41B77D9,member,20.84263333333333
CD640C8EC0FA60A4,casual,36.844116666666665
3F5859C104B04353,member,4.806783333333333
3AAC730931FDA7FB,member,5.601249999999999
5C00A5756DC688D9,member,14.117516666666669
DCE6FE28C9C17D1B,member,26.26403333333333
8E5CD3B9D40AB72B,member,9.859766666666667
A851155E7A80E08B,casual,35.5447
FA807490EF97E5AF,casual,48.3382
E9FFAF21E8074202,casual,19.63355
8856B7DFB31C9981,member,2.6613166666666666
EFFE5C9F5D2A0865,member,15.202633333333331
38761A3DC198071B,member,1.7048833333333335
424A41989B4927A9,member,40.96813333333333
4A19B6A72CBE4439,member,2.3731
0C735C7F87E964CB,member,10.956616666666667
85B6EA83BE0E56C6,member,2.8286666666666664
65BFD21D9EB85307,member,17.896966666666668
529C7153BCDD6215,member,2.9708
08FD08146B7BC7F4,member,28.391366666666663
7959940B6F592E94,casual,23.066233333333333
9CD5D3240FD8454E,member,12.836966666666664
7C187C5B609F3CFF,member,12.578716666666669
7B6BF2F915F134C4,member,10.197583333333334
77ED489A05533827,member,36.552083333333336
00333340EA7CA1E9,casual,12.341866666666666
DCF31BAE31A91AAE,member,1.9551333333333332
53153E1FB866CFD6,member,7.242383333333334
917895074222E6FD,member,2.4359333333333333
078C3371ADDD714C,member,4.338383333333334
4D8CB6EF9AA9F9D0,member,11.044066666666668
5E5D03E7721DA9F2,member,15.402583333333332
FB087252C3E143A6,member,6.6464
AB9AA372A4050F26,member,1.0290166666666667
30CE6C2887234FBF,member,3.672083333333333
F9238147D901CB21,member,7.727966666666666
6B8C88A2B10BAAB9,member,7.8665
9EC53BE4DD1D3223,casual,19.174233333333333
C061F80398304459,member,2.348516666666667
4413B13946E9FDFF,member,9.352183333333333
7D2275CA92E46D9F,member,3.48995
3AC8A5EB379DA704,casual,17.318166666666666
3DA7BBBC3EEF00D2,member,5.850666666666667
9A6363DB3C25AB3B,member,20.45491666666667
4A08B9FD921A4D1A,member,6.20455
14920574EDBDE9C5,member,10.711733333333331
52A1C8DB044C0829,member,1.9293333333333331
D0B4249279F23706,member,13.02005
43A9E0A7FB447F76,member,9.392283333333332
EA4B7648B0DB5B20,member,7.631233333333333
E1C80A6F3DBD43A0,member,7.719933333333333
F0B2D251F30CA4C1,member,3.714566666666667
57BD1627627D10AC,member,28.948483333333336
4BFBE5EABC2F78AC,member,34.937083333333334
2714FA0555A9DB56,casual,5.518416666666667
8F138F3CD673D49A,member,12.2126
52145AAF0C93DD14,member,9.029583333333331
E81722B2A9E6F00E,casual,21.80068333333333
E94A866D687A813E,member,16.6574
A352FE19DBCB815C,member,17.71695
DEA957E7282DFD83,member,13.9648
C4006B27437D1F76,member,5.999016666666666
814F85F967B13D02,member,12.578083333333332
374FE52D88C84EE8,member,6.9058
92EBC50E27141474,member,27.36635
DD6AD9915946617A,member,6.837933333333334
B191DF9D86EF0DD5,casual,5.953716666666667
E0126E467AC3B0C1,member,2.95635
437511D95AEDF839,member,5.266566666666667
9B2089D259A01288,casual,25.5369
5FDAFC3048A29D7D,casual,9.282683333333331
575F594A7B043336,casual,38.666050000000006
DB9A3E320D6A3322,member,9.524516666666669
F270DE4F2785FD5F,member,2.7601
97A0FD272FF2A9B2,casual,25.0958
3DD7434A03E2C870,member,5.776916666666667
C8FB865FDA9C7BCA,casual,8.493983333333334
70B2DD43AE5A7E16,member,15.32075
69FB5989895B698D,member,4.923683333333333
4A99FF8E6BF21EB5,casual,29.582016666666668
A9B277BA7EB36B35,member,1.6769500000000002
D49CA42037C4DFF3,casual,4.213316666666667
DB3689E98BF3674F,member,5.56665
A71057E3476C5456,member,6.936133333333333
8BB3B0E285061EB6,member,12.389033333333334
4FE7FBE9754892C3,member,14.9181
C2C65CD6F90B98ED,casual,10.9682
72DFCD2BB5721BAB,member,16.058583333333335
9D516B2BDCD826B2,casual,11.116783333333332
E1D90C6AD375891E,casual,8.772483333333334
288D1C66FB60AE6B,member,4.079533333333333
9DA90BACF611973E,member,8.893933333333333
638CE8009C6C04F7,member,6.9743
D7BAED5F8508E30D,member,10.709
8FB42431235386B6,member,9.848883333333331
2C8305D61FD3321D,member,33.70166666666667
F8B71EC0FBC15CD1,member,6.1042000000000005
7C0E461BDA2E9AAB,member,5.863566666666667
274B5A615EC23A6E,member,14.6266
7C227892791B474E,casual,18.41753333333333
E7E343995BDAAD8D,member,4.634133333333334
1FF1F0588EF28E04,member,5.085183333333333
E6F1C44B9BFE4971,member,12.852683333333331
07407750535124FD,member,2.940583333333333
7AAC5D46920FE56F,member,3.802883333333333
92609DC085DFDF2F,casual,105.94143333333334
7A172750ED5AB5C0,casual,22.44996666666667
D3E44F9212CF6190,member,15.370433333333333
6FAB2377BC6AF521,member,9.264433333333333
D70FEEF0CC3B9967,member,5.4554
BD225CDFD7359801,casual,30.4394
25CF159BAF71AB5C,member,40.2953
27A5F7C8ACC722A5,member,8.38495
8F3C2BBEDD508946,member,29.53598333333333
C3ADE927A98706C6,member,17.984316666666665
32FA82DC2D5F2F06,member,3.079466666666667
7642804BB4D8BC1F,member,6.119933333333334
46B4D17A4A2D3DB0,member,9.354516666666663
B75FB7E6E06B58F4,member,6.8472333333333335
9382AA101384F2F9,casual,3.226033333333333
5098670D8676635E,casual,8.648583333333333
E540CBF820F16CC0,casual,23.478383333333333
5238BBEF8DBDDD12,member,30.697566666666667
F9ED5F628C548C9A,member,8.095283333333333
D6A0449CFD42E9B3,casual,55.605466666666665
EFAF09B0DD1E3EB2,casual,36.68605
D3205BD9E63B1993,casual,20.960283333333333
E2D861FEE61CDFA4,member,12.2903
3A1F49ECDA10CCF3,member,10.439983333333334
BADB119358BC477E,member,14.212833333333332
B0E073035B341C4F,member,1.4431166666666668
BCD0F480E388094D,member,3.972366666666667
0C00C4D0C4004129,casual,11.953033333333334
72D38E5C369829DD,casual,15.46735
8E9C4D2193A9C353,member,32.64625
61BC4F8999FF16B7,member,13.429366666666663
DECFF774B8DCA5BD,member,16.85325
3A21C5BF34F6C800,member,26.58268333333333
A729C675EEE6E504,casual,10.022316666666669
55F95FF446978B89,member,17.53826666666667
5326C951E08F879D,member,24.3107
A7DA4E8BFD63711A,member,34.229733333333336
34493F0BD7F9B84B,member,14.7409
36A8CCE6CB8D7BF8,member,5.149366666666666
4D9B09ADEA3F7A31,casual,9.586416666666668
B8E806BBB9E34CC6,member,3.5499500000000004
CB5839DEBB32300B,casual,12.320666666666666
298E6167D84A5444,member,10.302066666666668
C1270A2C78FE2FA8,casual,6.970983333333334
BAF3022977B99D45,casual,16.6275
78CEA2B86C4AC598,casual,18.793766666666667
E6361B5C611847FB,member,14.502616666666666
4AB4BF89D765EB93,member,2.583666666666667
DF89AFFE92304DA7,member,8.5693
3D7BF823B36C4B7F,member,30.839883333333333
DA75F95392225BE5,casual,38.28586666666667
547BAD283A806A1E,member,10.216316666666668
24D301071A291773,member,3.855233333333333
354C94CB35617531,member,12.152133333333332
C66492ED0682E3BD,member,10.967816666666666
86F601A491DC884A,casual,31.64335
F1619D8FD0244AF7,member,14.384533333333334
DB3D8EF9C119BEEE,casual,9.334366666666666
9ECD9211BA7148B9,member,7.35445
52960B438C0AE0CF,casual,15.5539
71057DE486D64D65,member,5.8819333333333335
7310386FE79F7D79,member,9.7217
68F50DBC0BF77A9A,member,9.42105
A2AC7630E58810DC,member,6.933416666666667
AB50ECF3109005A2,member,4.043783333333334
E29AE309AF770D6D,casual,7.218633333333333
38CBA6B6C9153F70,member,7.31735
0C8C6A4AC2A16C41,member,13.450616666666669
F3F7BA1A24CA64AE,member,6.767399999999999
A3460FB6080763A7,member,8.407066666666667
8EBAA9431DC2DBC0,casual,59.467933333333335
9505EEE6EE19E199,member,7.566666666666666
B61D7541D9C62BE0,casual,11.33625
08667F1238010926,member,5.939466666666666
9A411A11F3C003F7,member,5.590883333333333
28BFDE334EA23C36,member,9.85725
806EC90EEBC44714,casual,26.493583333333333
29A4D5657FE36D17,member,8.676666666666668
A202143116B0EC4C,member,28.4192
420566C865AED21B,casual,5.680166666666667
64A6AEBE1F79056C,member,20.64098333333333
F86E347655450DEE,member,5.0625
E27C4445E36A9C75,member,32.908249999999995
2BFA8F71A82C1BDB,member,8.364933333333333
B87545B8334CBAB9,casual,7.028266666666667
51DC8B01371D51CF,member,39.89608333333333
B4426FBA66193377,casual,8.629199999999999
D69439D3D0975101,member,1.6943333333333332
136918533A8041B9,member,10.996233333333333
F57B90F55444499C,member,7.8061
8C1FA44751227F85,member,7.331933333333334
82BBFF5EA43E2392,member,20.254866666666665
839A3D5364849722,member,10.909983333333336
DBCF83BB32F9C5EE,member,54.95556666666666
C89AB5FA00ACBC62,casual,19.213716666666667
A237C6181DA6B7A2,member,16.001433333333335
A4D9C81FA3CD2E67,member,5.001499999999999
4711ED62AB0CDF37,casual,12.436616666666668
CD9C69E55CFA8FAA,member,4.971316666666667
15C6DA1971136E2E,member,7.252666666666667
A59BFAD91D3E984B,member,2.76715
5BAD0E611F8A2927,member,4.290083333333333
C6EA7C6321C6ED25,casual,10.490233333333332
FE13D0ED9F805028,member,24.033566666666665
DD21496F22A91D1E,member,28.319916666666664
060C17B43E14D8C9,member,8.8125
B862080278309AF5,casual,28.858616666666663
2D8394B308A431F5,member,5.425766666666666
8E5F19FD920AD6E4,member,14.23775
84D80D145EF7CB39,member,2.5239666666666665
9F3BFEAA3FB9A91F,member,4.821366666666666
09432345EA55AA4B,member,6.993650000000001
FA81EE7839C90B1D,member,4.349083333333334
C916FA6E3F81DB93,member,9.412683333333332
422B523AED218DF9,member,11.874133333333331
AD614E8714D1A182,member,5.6767666666666665
52A26F3D08512EA6,member,12.582249999999998
EEEBFD7766B33A91,member,8.362066666666667
C47DC410F8E745F7,member,6.2146
1403DA70C9537D52,member,7.0124
0DE9EF815C2CB188,member,6.00425
FC5B1504C78DEDDD,member,6.035783333333333
3DA446723D3CBB32,member,4.611800000000001
1A93A8A24D35B643,member,2.495033333333333
5DAC88BEBA01CFC0,member,5.626666666666667
C92CFBB6916A5414,member,24.22665
CC1A56A96C66C20E,member,3.1681166666666667
487F57D0552E8E0B,member,7.729516666666667
EFC8820B2AE45000,member,25.85165
8E01C900E85CDF20,member,4.964083333333334
434431DDDB921926,member,13.368266666666669
2F5F975E0A2438DB,member,24.841600000000003
22CA17B1DDB076EC,casual,7.8892
8A9FB394DAD7C2A7,member,5.52995
E04401FD19FC7453,member,6.927483333333333
666514005FE7BBB1,casual,24.85695
A4596962078FA4C8,member,26.312616666666667
F0BDEC6D6994157D,casual,21.182683333333333
CBD216818E6ADD78,casual,6.989816666666667
65586B17539C24B2,member,2.712816666666667
66F9F62799D6021B,casual,31.42095
EBD6AC5B53B8B23D,casual,9.957
DE2DFA296DA4C987,member,4.692233333333333
EBC48CD9BC2CEE35,member,13.150966666666667
D2786A5EAC78E14A,member,34.753550000000004
466E5C47C9341021,casual,39.64318333333333
99D81B09E1A67EF7,member,3.6269333333333336
6F2CC6AE05CF34DF,member,6.999083333333333
3A22537D57FFFE7D,member,8.526866666666667
7CEEA133448C9A01,member,6.0623
C34EF24EC29B3647,member,3.0262
2CFCC7CF4EE92239,member,29.82845
F8ABB649A37C64D3,casual,9.2233
21FDB483FA8465CD,member,5.110916666666666
A6AC722D2D4BF1AC,casual,6.872249999999999
F66A270043BFA473,member,8.327383333333334
49E634CE8F8887FD,member,13.103666666666667
0351CCADD1855F86,member,5.862066666666666
C6FFC6313BF385B0,member,6.764166666666667
83914CDEC6D761DB,member,13.0769
CCEDEB485AB09F1F,member,2.99435
4F0C1DDEA5492B80,member,34.15023333333333
5D3F5AB3326A3332,member,6.96895
EB18F113D419D0CF,casual,3.989733333333333
26A170B858DFC495,member,53.03808333333333
F9EF7D97A6DD6B64,member,4.1248
BE41E936B63798BF,member,1.6976666666666669
195D0A6E28207BB2,member,9.564466666666668
C03D2D0648FAA93A,member,12.853716666666664
924F7C956B8CFEBD,member,3.7528833333333336
7BBF8C18A91B4C20,member,22.876050000000003
BD0171F986DF0C92,member,4.957716666666667
7D695CEDADD95A6E,member,1.6170166666666668
77147F57857DE69C,member,10.538966666666663
C530FC997E7C2CB1,member,5.417016666666667
1FF417C28021465C,casual,10.25245
3BD889760C727265,casual,5.5535
B4311F7CBC6F0E8D,member,6.0372
A49F194B348AEC71,member,5.005166666666667
32FCB0AE5858A629,member,6.781483333333333
F9ABBC90D830A723,member,7.15305
5FA8C919A369F6D5,member,11.881633333333331
B8848908FBE63DF4,member,2.6283666666666665
FA56D45BAE5E8218,casual,12.28975
5B2A98B44C016D4E,member,6.53515
DAA35DAA39BF4D43,member,8.621466666666667
0E406AE8F6D8DAF0,member,4.1693
9F44D89FDF2E3348,member,1.7282499999999998
C48868ED506ECFE4,member,5.497183333333334
CA119C2391D51EB7,member,34.0531
CA01FEBF7F367155,member,14.52195
5CD99D4E8087FCB3,member,1.9578833333333332
BD2D620A31865DC2,member,3.8554166666666654
C90BCB47C268503F,member,24.758066666666664
0EE8C9D89A413544,casual,17.814216666666667
9D769522700D3B44,member,120.60633333333334
75E0E3A276FB4F98,casual,16.498533333333334
9CB1112FD2749D9E,member,1.0860333333333334
42285E8BD31D7D7F,member,7.660466666666666
153F96CB3881CF1A,member,15.062
1CF8050E9A356FC7,casual,5.746566666666666
A0C917FBF8BAB778,member,1.1511
FE17A9E00A122FA1,member,19.461333333333336
4A927C657E015B7E,member,11.562966666666666
8A10F70D5AEDF66F,member,6.013516666666666
1DBC480438F45243,member,18.4745
A8E47D4158B2D453,member,17.7405
AE151F6B102DA4DE,member,12.0751
E033149B655F7C4B,casual,9.1549
76221230FEFA15AC,member,7.516866666666667
83F9245D8DD50A50,member,13.220633333333334
EFC7EE771CD66C18,member,12.939266666666668
615E61EBEE6CE444,casual,10.070166666666667
71C8FFEE3C7BE3F4,member,2.271416666666666
7FEEC4C8F52BEFC5,member,14.0236
10617FCFE54047B6,member,6.3768
44DDE4596A68C6CE,member,8.008333333333333
B78F193E07266C08,member,9.226583333333334
A6B45A314C3A34A4,member,10.47375
F76CEB5BD51D5C21,member,20.43925
9B2D95DE072233B1,casual,25.50038333333333
344053BFB45849E7,member,6.420766666666666
3155020EEC912DDB,member,11.565383333333331
A94787414135AEF8,member,4.465783333333333
2530FA6AB62C695B,casual,10.074466666666666
AF3C8A5908544057,member,8.656766666666666
D909A6409044A85D,member,3.30435
5A53C2130B995BED,member,14.389983333333332
C63BDDC482C34D86,member,24.949216666666665
87F26DDC60AA0CFC,member,25.1391
7749C174A32B1E08,member,10.032666666666668
D5D40B5F29F8C738,member,45.990316666666665
243A8C782E285CBC,casual,111.84371666666668
EA4D556426F0A700,member,49.29346666666667
9BCC02DE4ED2F93A,casual,26.99298333333333
30593DA615B89E49,member,3.9498666666666655
DC8A86A7D414AC02,casual,16.0946
C67318DE8C399502,member,2.9561333333333333
AB559C577C202196,casual,18.97665
C9D31E1E12A6F495,casual,73.35565
A2F68EC4D0DE9953,member,4.490733333333334
91237830AD1E415D,member,13.321966666666668
E6DCDA57E8327D6A,member,6.043
4B452E9A28857722,casual,27.81833333333333
2C0E754F29FAE219,casual,9.48695
20A2FAE3BB771F98,member,8.863533333333333
5988BC276D928D28,casual,5.459216666666666
3C246265A7252464,casual,11.330016666666667
74F23D7CC7054782,member,6.769616666666667
66981FC87FBAFD0C,member,5.258233333333334
CE7A1A8E0EA86ED9,casual,17.837366666666664
DFAEAC28D3C3D2AF,member,7.498983333333333
12B3CBA900126C84,member,2.636483333333333
690E91FBAB03BC22,member,6.027733333333333
4BE3AD6B18385282,casual,29.585683333333336
E4977ED56035D8B2,member,6.058533333333333
B0777E401779A032,member,1.84065
4A044AF1FFA64A7A,member,29.30975
CC3FA91DA21AD684,member,7.29725
E4E1FE7ADE0FAD9F,member,6.741683333333333
BF87132B681FED0D,member,9.635466666666668
93ADD4A6F1C42F15,member,10.3979
39D43BF4CB6D5DBA,member,9.682583333333334
7FA208476E1B258E,member,8.635150000000001
1810483D2DE45228,casual,69.08978333333333
55263D6C40C5C798,member,7.2862
657264FB193AF409,member,5.412866666666667
83FEE5542D4A8847,member,9.698416666666668
DE1DD9F2AEB0A676,member,5.168583333333333
C26893DA4E4E9FDF,member,12.46385
5892065ED294C25E,member,5.9085
30414AA748379E59,member,17.75345
86BDE4C2533A5B83,member,13.945516666666666
4471015D85EA17C1,casual,17.05235
16BF60BE47862BE2,member,18.82198333333333
87E731F71612B54B,casual,28.67103333333333
1AB56B1130EE6F92,member,12.279783333333334
E6EE89BD9FB7080A,member,24.41453333333333
0327B58665110A86,member,9.514516666666667
D9205DC8CCE36830,member,2.427433333333333
446B9CB1EFCF51EF,casual,14.30695
52EDFF3E243B3636,member,4.413333333333333
95FEE20B31C8CEFC,casual,3.6110166666666665
F0C071C0D9775045,member,23.2018
7FBEA51B47AC2B25,member,15.617983333333331
A5FB044BB9DF7D9A,member,26.99843333333333
A52C7D43B39AA8E1,member,11.191583333333334
1F0DDC17F24BAF4C,member,6.510800000000001
2E3B34AB3C323D65,casual,32.44025
7DFA6B008FFDE0C9,member,22.898833333333336
787B0DBA969C3A66,member,1.3177333333333332
E96163CFF0A5E223,member,22.14466666666667
90D8BB540FB94375,member,5.9559
F0099ACC297681FA,member,7.594866666666666
C690BDC98C47095C,member,2.91915
2A4B63A1C6F70954,member,10.005633333333332
97B4E9BDB402BE3B,member,8.658933333333332
C6EE29E54A33C517,member,18.502466666666667
B7543D12FB7677D7,member,8.2332
7D6D8BB28E75072A,member,3.393733333333333
4CD530C7D4FDDCD6,member,9.495083333333334
B690830637032936,casual,6.543450000000001
97AF029229DC3863,member,26.792
3F00150C701D6E6E,member,25.31015
2C7403F0D4505053,member,16.090600000000002
2930216AA0C601A4,member,9.06255
B9BBC9E8DBD1DA0A,casual,58.186283333333336
29D012F39AAD628B,member,2.8573166666666667
D1497C3AB8DF141C,casual,15.878633333333331
27C169D099218B17,member,7.488716666666666
7E4655FCC46E681B,member,10.932283333333334
8FF95B994B5CE8FD,casual,38.78471666666667
1A3F2AC6B548CB1C,member,32.1267
02783C5884A1834A,member,25.821316666666668
135BA204B88C3004,member,2.58705
EE16CB9688F18AAF,member,9.147166666666667
AC877DBC515C10A9,member,12.927616666666667
B558D0FE0835E09E,casual,10.81195
D19054631F9CB25B,casual,9.734100000000002
A1B764D3CC96693F,member,9.574683333333333
0922BD8D7B30280B,member,5.0271333333333335
2A387D69F83EBF85,member,16.520683333333334
35A6406F8CA7F909,member,18.5415
57DA4E31E143D19E,casual,36.67755
4B0003BEE417670B,member,10.172149999999998
B5B9DC2B2AE58387,casual,27.626916666666663
8216A9ADDD0B93BC,member,5.659783333333333
D89FF0C9BFBDF425,casual,13.405566666666664
BAECD6B54238F0FC,member,26.803766666666668
61DCA124E2648AFF,casual,4.190533333333333
BAF0A882EA93836A,member,7.267116666666666
78D39EF8C22FDE1D,member,5.324266666666667
1DB17AEBF844B5A6,member,1.2633333333333332
3F7B4DBB7BF3FAFF,member,42.6672
1FE44366F9527635,member,13.997583333333331
FA348C2288484446,casual,10.558066666666669
C0853D1F879381B8,member,6.448616666666666
AA72781D27DEF939,casual,21.731033333333336
ECFD26C10531A796,casual,11.281466666666669
BC3195AEE6EACD50,member,29.028116666666666
32677816E9DC1EDF,member,19.41335
F6871E39DF8EDCBD,member,8.712266666666666
C67BEF2207FFF642,member,34.35825
FD005CA16689AFEC,member,7.300933333333333
E6871E762B390C42,member,6.7717833333333335
545EDCE856C97064,casual,8.825816666666666
4BD054C2678841C6,member,6.95645
486BFFF31DE952E1,member,2.620483333333333
85ACDBC11FA2153D,member,35.17896666666666
03422F3F86E4D97D,member,8.489933333333333
7CE5CB04C7C8C433,member,5.9104833333333335
8B5AFC783E793D4B,member,3.416316666666667
CA1519787955F1CF,member,2.1870166666666666
21E8C2C09BF82965,member,30.9192
563534A903BF151E,member,11.456283333333332
DACBBEC98DD0AFB8,member,9.196133333333334
09D1259011038570,member,10.0548
F6F66E3DDC20C4D0,casual,6.549433333333334
04211A2AE73AD682,member,11.22685
FE08C2FFAE114769,member,81.70463333333333
7C1BE1DB58EF7EAD,member,9.03535
6E720E5294ACCE28,member,55.48715
3B5B98E8C9E657C3,member,34.85965
738C5ADF2F9AEBAE,member,8.218833333333333
7BC51C7A327B0154,casual,11.94425
0B38D7A0A4A6BB61,member,12.352166666666667
1C6821DB58FD1D15,member,13.102066666666667
BAC1DF8A4F87F930,member,11.687566666666669
F5A680C3AE851664,member,23.04285
FDC6B86831912AAD,casual,6.555833333333334
7EC4997975A5DC71,member,1.4733166666666666
1BF2E5F86F1217B7,member,33.185966666666666
51F9671C2588F803,member,11.0102
7A00B07CA07847CC,member,5.895366666666666
060AEF8248C88D4C,casual,8.438799999999999
7264779B6FE3CF3C,member,10.131883333333333
4BE3A1ABC7E61BA4,casual,124.28491666666667
1188F0D7B8791000,member,12.0717
C6FBEA41EF937D8D,member,21.1488
A01FFCCCC2097A83,member,3.43995
878DCD0029AE23A8,casual,3.2005
D865389B53CD2223,casual,38.42875
7B42AB33DC26FADF,member,9.667233333333334
0419EBC34621E320,casual,32.90228333333333
99EC99615916E965,member,11.383316666666667
14AF1EE278954B8C,casual,78.74736666666666
80BD4E0E019DC701,member,7.126016666666667
002E437804C5AC22,member,13.19075
7EE9524ECE55E341,member,12.74385
0E2D0854BBD2C152,member,39.819316666666666
57D78C4081993B23,member,23.260066666666667
E019F0987281441B,member,8.646983333333333
7CD789FB705838D1,member,45.00711666666667
367A708A22C3D9E7,casual,12.068883333333334
CAE5733F575BAEC8,member,3.2203833333333334
92F344E9CA97DD24,member,8.619266666666666
CDC6DD9D6A4D343F,casual,1.29185
99917852BB7BDA1D,casual,19.58018333333333
404054B675E6B70E,member,33.60305
E1D7B7FC454956D6,member,5.366283333333333
6AE89923ED44B353,member,10.73635
B22FBE69EF9350AB,casual,14.443633333333334
15B815E8744D384D,member,3.660266666666667
9B7B528A97F5163B,casual,34.56471666666666
752B985B46685209,casual,47.4327
1BA6B6F7E2ADBAD0,casual,20.24405
8C277E876C51CC2A,member,16.069216666666666
E718E8DE155D8AAA,casual,11.632933333333334
D2CE8B2AC6009688,member,10.529733333333333
64B0C0EF324E12DF,member,7.236833333333333
4312F52A97D5580C,member,5.214816666666667
491D0307390B9505,member,21.287266666666667
D33ED2497C85C84D,member,12.96075
A41FF6512C8D330E,member,12.428716666666666
1F734BA0D9DC602B,casual,5.400466666666667
17A991FE74DC9DEA,member,11.061466666666666
B7780CB5202E0EC3,member,24.63605
711999CAEE26FB24,member,2.4182833333333336
757E48BB899D7B99,casual,49.075833333333335
004D19F6069C9948,casual,24.55498333333333
B72819A41D7416F1,member,3.4591166666666666
AE647E294A74B4C9,member,7.180816666666667
E06E189993F07903,casual,40.9707
A4D1791EF9614E41,casual,4.74995
5ACC50D4058A8644,casual,3.3812833333333336
FA2100B10891D1BC,casual,47.74955
FBE602E57BE687A8,casual,17.772533333333335
B80721B8DD8B6A1F,casual,18.208483333333334
7B0AFC0914109772,casual,8.113416666666668
308C92482336BE5A,member,8.536750000000001
1C705C0396F2E6F8,member,4.214183333333334
15B0E8DE41DF2BF0,casual,5.3309500000000005
650B79BAF0BC5B30,member,21.123483333333336
83FA4C164AC7AF21,member,2.3886666666666665
FC5F692DE6F49698,member,29.2233
9781D474143046A8,member,16.049316666666666
0568B3BAD2CFCCCA,member,3.019833333333333
6683F766B159722A,member,5.284083333333333
C03C44FB26D26CF7,member,2.80865
D034A5387B080786,member,15.75175
A15BE4920C4DE8E9,member,11.9346
ED10EFE33EAE2D21,member,21.894566666666663
2877828D5F35E3CF,member,14.927733333333332
1D7DC0CB715109FA,member,24.9914
38AC12AF9D3EE988,member,4.826016666666666
47A07B23E1F3F49D,member,9.453316666666666
F4B3F62C6FAC3F90,member,18.14388333333333
081D2947FAAEF405,member,8.896966666666666
25FC4205D52DE8CA,member,3.5314666666666668
0403D1537614069D,member,12.63405
46C135EA769BF1E1,member,5.129333333333333
8A894C2E3F8918FD,member,8.175166666666666
842D52F1DF2D9F2A,member,3.93045
464E599F05FDE2AB,member,27.19225
2B99BE9F7737546E,member,1.3249166666666667
2AA16CB780D20107,casual,24.64805
0838F1F710D688D9,member,23.86255
AEC7568F00400003,casual,10.600133333333334
12253DAAFA109FDB,member,3.3694833333333336
CCA9227FDA6EFDB9,member,8.848616666666667
E8FAFAE853D17627,casual,17.06785
691B9BE85075304F,member,20.804066666666664
2C7B162C2DFD1D07,member,19.8073
18741D038568B7B0,member,21.69755
B0296C4166EA9106,member,7.0098666666666665
0C102C123F1DE7B1,member,3.617933333333333
EE8E927B8344A78B,member,6.411666666666666
DB74C98D5F2754C9,casual,15.868966666666669
1B1897A3E60798E9,casual,39.9009
A308424BADC43036,member,5.6586333333333325
A140DD66B118D93D,member,11.312033333333334
379AF6E731B80DC1,casual,4.315766666666667
87DF33B494D73BF2,casual,16.125866666666667
C6A68B1588D9FD7E,member,12.4237
56BEEE66117CC8E2,member,5.5686
846C3691BB281ECA,member,5.126816666666667
85DCA2F106B4E70B,member,7.6007
E2E6A3E762B623AC,member,11.50385
33691EABF0B915B8,member,11.74965
3424AA7725A456EB,member,5.268883333333333
75D04AB56F07CD74,member,8.3607
1FEC8B1AAE904F8C,casual,11.792916666666668
7FE77FC3B2ED66D3,member,7.962416666666667
BA0E156689F372CD,member,6.815716666666666
7168DCEE0A67590E,member,30.579416666666667
5C45DDA39F2129CB,member,30.580116666666665
69741EC9E22B9F96,member,20.89623333333333
4B8DDC7866958595,member,2.31685
7056BB1E0A2BF6F2,member,8.31845
0C33644EC721BC60,casual,44.6956
4F8EC094B5A38A95,member,1.5537333333333334
C5636F1855AADE70,member,5.0609166666666665
5EFA1A91F482BDBC,member,14.542483333333331
181713323AA9045F,casual,5.285433333333333
5158CD2680D123CF,casual,17.158916666666666
A55467D4CDD7092F,member,4.902666666666667
41BCC583F43AD792,member,18.17805
F547E7D7F77C0BDD,member,15.670383333333332
450CA5C512818509,member,3.994666666666667
3FD335E2C1A685B9,casual,6.588183333333333
CD603157E4B1BC69,casual,14.051633333333331
4D04BED7C61F109A,member,31.4713
D48F1D815C0F791F,member,13.76635
FA0CE736B300D4CB,member,3.8144333333333336
70B24BC5E7D8366C,member,4.6807
40BC52561EB8B8F9,member,27.4853
677308AACEA93CE1,casual,14.328716666666669
83DFB601D2D95906,member,14.991033333333332
E284E0D3C3423638,member,16.6347
4CB45DE46A65996E,casual,12.51345
30D92B2BA12C7BC1,member,34.520133333333334
1DA2435957F29E5A,member,7.915783333333334
6F11CDD5630E902A,member,82.05363333333334
434533611DE6C02C,member,2.8512666666666666
E12086DF51C369E1,member,53.087183333333336
9789DB96CF284E27,member,8.536733333333332
6628EA57D6B7F971,casual,13.3484
E90048BC14619862,member,25.315766666666665
1BBC5FF6C1FB3E90,member,18.21815
4DAD9649FD992E9D,casual,13.73655
8330F294E54A3E10,member,15.47995
16910952B65C832C,member,4.6411
5ECACEDB36DA6ED4,member,15.046816666666668
4208A8BCD02895A2,member,40.692616666666666
B112997A6EE8BA7B,casual,5.829483333333333
21FA58FD53730880,member,13.31655
0956F6A14A55DEF1,member,25.420483333333333
8FC22701C002F132,member,11.8665
CBE44B19FC3FB8C1,member,2.46305
BCC9B8955318C9A9,member,7.55315
DA363FE132F8F35D,member,3.7712
C8215462C8A7C3F8,member,3.84655
6DB3B994674B8298,member,25.579566666666665
C6BBF76227BC83B6,member,24.97295
FEBC11502EAFA439,casual,42.334966666666666
6A47252119857516,member,2.743033333333333
16FE0BBE34715CF0,casual,6.59675
1AD06F248A2B78F3,member,5.3697
2EC5274424B8A774,casual,22.03053333333333
C5E42512266FEE4F,member,23.59863333333333
90D6A845494485CE,member,11.2358
B34DF2C78CEC4787,casual,30.8858
4CF2CB25D1428E04,member,23.2869
